89.2,0,0
89.25,0,0
89.3,0,0
89.35,0,0
89.4,0,-0.00785398
89.45,0,-0.00785398
89.5,0,-0.01570796
89.55,0,-0.02356194
89.6,0,-0.02356194
89.65,0,-0.03141593
89.7,0,-0.03141593
89.75,0,-0.03926991
89.8,0,-0.03926991
89.85,0,-0.04712389
89.9,0,-0.04712389
89.95,0,-0.05497787
90,0,-0.05497787
90.05,0,-0.06283185
90.1,0,-0.06283185
90.15,0,-0.07068583
90.2,0,-0.07068583
90.25,0,-0.07068583
90.3,0,-0.07853982
90.35,0,-0.07853982
90.4,0,-0.0863938
90.45,0,-0.0863938
90.5,0,-0.0863938
90.55,0,-0.09424778
90.6,0,-0.09424778
90.65,0,-0.09424778
90.7,0,-0.10210176
90.75,0,-0.10210176
90.8,0,-0.10210176
90.85,0,-0.10210176
90.9,0,-0.10995574
90.95,0,-0.10995574
91,0,-0.10995574
91.05,0,-0.10995574
91.1,0,-0.11780972
91.15,0,-0.11780972
91.2,0,-0.11780972
91.25,0,-0.12566371
91.3,0,-0.12566371
91.35,0,-0.12566371
91.4,0,-0.12566371
91.45,0,-0.12566371
91.5,0,-0.12566371
91.55,0,-0.13351769
91.6,0,-0.13351769
91.65,0,-0.13351769
91.7,0,-0.13351769
91.75,0,-0.13351769
91.8,0,-0.13351769
91.85,0,-0.14137167
91.9,0,-0.14137167
91.95,0,-0.14137167
92,0,-0.14137167
92.05,1,-0.14137167
92.1,1,-0.14137167
92.15,1,-0.14137167
92.2,1,-0.14137167
92.25,1,-0.14922565
92.3,3,-0.14922565
92.35,1,-0.14922565
92.4,0,-0.14922565
92.45,4,-0.14922565
92.5,2,-0.14922565
92.55,4,-0.14922565
92.6,3,-0.14922565
92.65,2,-0.14922565
92.7,5,-0.14922565
92.75,3,-0.15707963
92.8,3,-0.15707963
92.85,6,-0.15707963
92.9,4,-0.15707963
92.95,3,-0.15707963
93,7,-0.15707963
93.05,4,-0.15707963
93.1,0,-0.15707963
93.15,8,-0.15707963
93.2,5,-0.15707963
93.25,4,-0.15707963
93.3,9,-0.15707963
93.35,5,-0.15707963
93.4,5,-0.15707963
93.45,10,-0.15707963
93.5,6,-0.15707963
93.55,5,-0.16493361
93.6,6,-0.16493361
93.65,12,-0.16493361
93.7,6,-0.16493361
93.75,6,-0.16493361
93.8,6,-0.16493361
93.85,6,-0.16493361
93.9,14,-0.16493361
93.95,6,-0.16493361
94,7,-0.16493361
94.05,15,-0.16493361
94.1,7,-0.16493361
94.15,7,-0.16493361
94.2,8,-0.16493361
94.25,15,-0.16493361
94.3,0,-0.16493361
94.35,17,-0.16493361
94.4,8,-0.16493361
94.45,8,-0.16493361
94.5,18,-0.16493361
94.55,17,-0.16493361
94.6,9,-0.16493361
94.65,9,-0.16493361
94.7,10,-0.16493361
94.75,9,-0.16493361
94.8,19,-0.16493361
94.85,10,-0.16493361
94.9,10,-0.16493361
94.95,20,-0.16493361
95,0,-0.16493361
95.05,11,-0.16493361
95.1,21,-0.1727876
95.15,11,-0.1727876
95.2,11,-0.1727876
95.25,22,-0.1727876
95.3,11,-0.1727876
95.35,23,-0.1727876
95.4,12,-0.1727876
95.45,11,-0.1727876
95.5,12,-0.1727876
95.55,12,-0.1727876
95.6,25,-0.1727876
95.65,12,-0.1727876
95.7,13,-0.1727876
95.75,26,-0.1727876
95.8,13,-0.1727876
95.85,13,-0.1727876
95.9,13,-0.1727876
95.95,13,-0.1727876
96,28,-0.1727876
96.05,14,-0.1727876
96.1,14,-0.1727876
96.15,28,-0.1727876
96.2,14,-0.1727876
96.25,29,-0.1727876
96.3,15,-0.1727876
96.35,15,-0.1727876
96.4,15,-0.1727876
96.45,15,-0.1727876
96.5,31,-0.1727876
96.55,15,-0.1727876
96.6,16,-0.1727876
96.65,15,-0.1727876
96.7,32,-0.1727876
96.75,17,-0.1727876
96.8,32,-0.1727876
96.85,17,-0.1727876
96.9,16,-0.1727876
96.95,17,-0.1727876
97,17,-0.1727876
97.05,34,-0.1727876
97.1,18,-0.1727876
97.15,17,-0.1727876
97.2,36,-0.1727876
97.25,17,-0.1727876
97.3,18,-0.1727876
97.35,19,-0.1727876
97.4,18,-0.1727876
97.45,37,-0.1727876
97.5,19,-0.1727876
97.55,18,-0.1727876
97.6,38,-0.1727876
97.65,20,-0.1727876
97.7,19,-0.1727876
97.75,19,-0.1727876
97.8,20,-0.1727876
97.85,40,-0.1727876
97.9,20,-0.1727876
97.95,20,-0.1727876
98,40,-0.1727876
98.05,21,-0.1727876
98.1,21,-0.1727876
98.15,41,-0.1727876
98.2,21,-0.1727876
98.25,22,-0.1727876
98.3,21,-0.1727876
98.35,21,-0.1727876
98.4,43,-0.1727876
98.45,22,-0.1727876
98.5,22,-0.1727876
98.55,45,-0.1727876
98.6,22,-0.1727876
98.65,22,-0.1727876
98.7,23,-0.1727876
98.75,46,-0.1727876
98.8,23,-0.1727876
98.85,23,-0.1727876
98.9,23,-0.1727876
98.95,47,-0.1727876
99,24,-0.1727876
99.05,23,-0.1727876
99.1,48,-0.1727876
99.15,24,-0.1727876
99.2,25,-0.1727876
99.25,24,-0.1727876
99.3,50,-0.1727876
99.35,24,-0.1727876
99.4,25,-0.1727876
99.45,26,-0.1727876
99.5,50,-0.1727876
99.55,26,-0.1727876
99.6,25,-0.1727876
99.65,26,-0.1727876
99.7,52,-0.1727876
99.75,26,-0.1727876
99.8,26,-0.1727876
99.85,27,-0.1727876
99.9,53,-0.1727876
99.95,27,-0.1727876
100,27,-0.1727876
100.05,27,-0.1727876
100.1,54,-0.1727876
100.15,28,-0.1727876
100.2,27,-0.1727876
100.25,56,-0.1727876
100.3,28,-0.1727876
100.35,28,-0.1727876
100.4,28,-0.1727876
100.45,57,-0.1727876
100.5,29,-0.1727876
100.55,29,-0.1727876
100.6,29,-0.1727876
100.65,58,-0.1727876
100.7,29,-0.1727876
100.75,30,-0.1727876
100.8,29,-0.1727876
100.85,60,-0.1727876
100.9,30,-0.1727876
100.95,30,-0.1727876
101,30,-0.1727876
101.05,61,-0.1727876
101.1,31,-0.1727876
101.15,31,-0.1727876
101.2,31,-0.1727876
101.25,62,-0.1727876
101.3,31,-0.1727876
101.35,32,-0.1727876
101.4,63,-0.1727876
101.45,32,-0.1727876
101.5,32,-0.1727876
101.55,32,-0.1727876
101.6,64,-0.1727876
101.65,33,-0.1727876
101.7,32,-0.1727876
101.75,33,-0.1727876
101.8,66,-0.1727876
101.85,33,-0.1727876
101.9,34,-0.1727876
101.95,33,-0.1727876
102,67,-0.1727876
102.05,34,-0.1727876
102.1,34,-0.1727876
102.15,34,-0.1727876
102.2,68,-0.1727876
102.25,35,-0.1727876
102.3,35,-0.1727876
102.35,34,-0.1727876
102.4,70,-0.1727876
102.45,35,-0.1727876
102.5,36,-0.1727876
102.55,35,-0.1727876
102.6,71,-0.1727876
102.65,36,-0.1727876
102.7,36,-0.1727876
102.75,36,-0.1727876
102.8,72,-0.1727876
102.85,37,-0.1727876
102.9,36,-0.1727876
102.95,37,-0.1727876
103,74,-0.1727876
103.05,37,-0.1727876
103.1,37,-0.1727876
103.15,75,-0.1727876
103.2,38,-0.1727876
103.25,38,-0.1727876
103.3,37,-0.1727876
103.35,77,-0.1727876
103.4,38,-0.1727876
103.45,38,-0.1727876
103.5,39,-0.1727876
103.55,77,-0.1727876
103.6,39,-0.1727876
103.65,39,-0.1727876
103.7,40,-0.1727876
103.75,79,-0.1727876
103.8,39,-0.1727876
103.85,40,-0.1727876
103.9,40,-0.1727876
103.95,80,-0.1727876
104,40,-0.1727876
104.05,41,-0.1727876
104.1,81,-0.1727876
104.15,41,-0.1727876
104.2,40,-0.1727876
104.25,41,-0.1727876
104.3,83,-0.1727876
104.35,41,-0.1727876
104.4,42,-0.1727876
104.45,41,-0.1727876
104.5,83,-0.1727876
104.55,42,-0.1727876
104.6,41,-0.1727876
104.65,42,-0.1727876
104.7,83,-0.1727876
104.75,41,-0.1727876
104.8,42,-0.1727876
104.85,41,-0.1727876
104.9,85,-0.1727876
104.95,41,-0.1727876
105,42,-0.1727876
105.05,83,-0.1727876
105.1,41,-0.1727876
105.15,42,-0.1727876
105.2,41,-0.1727876
105.25,83,-0.1727876
105.3,42,-0.1727876
105.35,41,-0.1727876
105.4,42,-0.1727876
105.45,83,-0.1727876
105.5,41,-0.1727876
105.55,41,-0.1727876
105.6,42,-0.1727876
105.65,83,-0.1727876
105.7,42,-0.1727876
105.75,41,-0.1727876
105.8,42,-0.1727876
105.85,83,-0.1727876
105.9,41,-0.1727876
105.95,42,-0.1727876
106,41,-0.1727876
106.05,83,-0.1727876
106.1,42,-0.1727876
106.15,41,-0.1727876
106.2,41,-0.1727876
106.25,86,-0.1727876
106.3,41,-0.1727876
106.35,42,-0.1727876
106.4,41,-0.1727876
106.45,83,-0.1727876
106.5,42,-0.1727876
106.55,41,-0.1727876
106.6,42,-0.1727876
106.65,83,-0.1727876
106.7,41,-0.1727876
106.75,42,-0.1727876
106.8,85,-0.1727876
106.85,42,-0.1727876
106.9,41,-0.1727876
106.95,42,-0.1727876
107,41,-0.1727876
107.05,83,-0.1727876
107.1,42,-0.1727876
107.15,41,-0.1727876
107.2,83,-0.1727876
107.25,42,-0.1727876
107.3,41,-0.1727876
107.35,42,-0.1727876
107.4,83,-0.1727876
107.45,41,-0.1727876
107.5,42,-0.1727876
107.55,41,-0.1727876
107.6,83,-0.1727876
107.65,42,-0.1727876
107.7,41,-0.1727876
107.75,83,-0.1727876
107.8,42,-0.1727876
107.85,41,-0.1727876
107.9,42,-0.1727876
107.95,83,-0.1727876
108,41,-0.1727876
108.05,42,-0.1727876
108.1,41,-0.1727876
108.15,83,-0.1727876
108.2,42,-0.1727876
108.25,41,-0.1727876
108.3,42,-0.1727876
108.35,83,-0.1727876
108.4,41,-0.1727876
108.45,42,-0.1727876
108.5,41,-0.1727876
108.55,83,-0.1727876
108.6,42,-0.1727876
108.65,41,-0.1727876
108.7,42,-0.1727876
108.75,83,-0.1727876
108.8,41,-0.1727876
108.85,42,-0.1727876
108.9,41,-0.1727876
108.95,83,-0.1727876
109,42,-0.1727876
109.05,41,-0.1727876
109.1,42,-0.1727876
109.15,41,-0.1727876
109.2,83,-0.1727876
109.25,42,-0.1727876
109.3,41,-0.1727876
109.35,83,-0.1727876
109.4,42,-0.1727876
109.45,42,-0.1727876
109.5,83,-0.1727876
109.55,41,-0.1727876
109.6,42,-0.1727876
109.65,41,-0.1727876
109.7,83,-0.1727876
109.75,42,-0.1727876
109.8,41,-0.1727876
109.85,42,-0.1727876
109.9,83,-0.1727876
109.95,41,-0.1727876
110,42,-0.1727876
110.05,41,-0.1727876
110.1,83,-0.1727876
110.15,42,-0.1727876
110.2,41,-0.1727876
110.25,42,-0.1727876
110.3,83,-0.1727876
110.35,41,-0.1727876
110.4,42,-0.1727876
110.45,83,-0.1727876
110.5,41,-0.1727876
110.55,42,-0.1727876
110.6,41,-0.1727876
110.65,83,-0.1727876
110.7,42,-0.1727876
110.75,41,-0.1727876
110.8,42,-0.1727876
110.85,83,-0.1727876
110.9,41,-0.1727876
110.95,42,-0.1727876
111,41,-0.1727876
111.05,83,-0.1727876
111.1,42,-0.1727876
111.15,41,-0.1727876
111.2,42,-0.1727876
111.25,83,-0.1727876
111.3,41,-0.1727876
111.35,42,-0.1727876
111.4,41,-0.1727876
111.45,83,-0.1727876
111.5,42,-0.1727876
111.55,41,-0.1727876
111.6,42,-0.1727876
111.65,83,-0.1727876
111.7,42,-0.1727876
111.75,41,-0.1727876
111.8,42,-0.1727876
111.85,83,-0.1727876
111.9,41,-0.1727876
111.95,42,-0.1727876
112,41,-0.1727876
112.05,83,-0.1727876
112.1,42,-0.1727876
112.15,41,-0.1727876
112.2,42,-0.1727876
112.25,83,-0.1727876
112.3,41,-0.1727876
112.35,42,-0.1727876
112.4,41,-0.1727876
112.45,83,-0.1727876
112.5,42,-0.1727876
112.55,41,-0.1727876
112.6,83,-0.1727876
112.65,42,-0.1727876
112.7,41,-0.1727876
112.75,42,-0.1727876
112.8,83,-0.1727876
112.85,41,-0.1727876
112.9,42,-0.1727876
112.95,41,-0.1727876
113,83,-0.1727876
113.05,42,-0.1727876
113.1,41,-0.1727876
113.15,83,-0.1727876
113.2,42,-0.1727876
113.25,41,-0.1727876
113.3,83,-0.1727876
113.35,42,-0.1727876
113.4,41,-0.1727876
113.45,42,-0.1727876
113.5,83,-0.1727876
113.55,41,-0.1727876
113.6,42,-0.1727876
113.65,41,-0.1727876
113.7,83,-0.1727876
113.75,42,-0.1727876
113.8,41,-0.1727876
113.85,42,-0.1727876
113.9,83,-0.1727876
113.95,41,-0.1727876
114,42,-0.1727876
114.05,41,-0.1727876
114.1,83,-0.1727876
114.15,42,-0.1727876
114.2,41,-0.1727876
114.25,42,-0.1727876
114.3,83,-0.1727876
114.35,41,-0.1727876
114.4,41,-0.1727876
114.45,42,-0.1727876
114.5,83,-0.1727876
114.55,41,-0.1727876
114.6,42,-0.1727876
114.65,42,-0.1727876
114.7,83,-0.1727876
114.75,41,-0.1727876
114.8,42,-0.1727876
114.85,41,-0.1727876
114.9,83,-0.1727876
114.95,42,-0.1727876
115,41,-0.1727876
115.05,42,-0.1727876
115.1,83,-0.1727876
115.15,41,-0.1727876
115.2,41,-0.1727876
115.25,42,-0.1727876
115.3,84,-0.1727876
115.35,41,-0.1727876
115.4,42,-0.1727876
115.45,41,-0.1727876
115.5,83,-0.1727876
115.55,42,-0.1727876
115.6,41,-0.1727876
115.65,42,-0.1727876
115.7,83,-0.1727876
115.75,42,-0.1727876
115.8,83,-0.1727876
115.85,41,-0.1727876
115.9,42,-0.1727876
115.95,42,-0.1727876
116,82,-0.1727876
116.05,42,-0.1727876
116.1,41,-0.1727876
116.15,42,-0.1727876
116.2,83,-0.1727876
116.25,42,-0.1727876
116.3,41,-0.1727876
116.35,42,-0.1727876
116.4,83,-0.1727876
116.45,41,-0.1727876
116.5,41,-0.1727876
116.55,42,-0.1727876
116.6,83,-0.1727876
116.65,42,-0.1727876
116.7,41,-0.1727876
116.75,42,-0.1727876
116.8,83,-0.1727876
116.85,41,-0.1727876
116.9,42,-0.1727876
116.95,41,-0.1727876
117,42,-0.1727876
117.05,83,-0.1727876
117.1,41,-0.1727876
117.15,42,-0.1727876
117.2,83,-0.1727876
117.25,41,-0.1727876
117.3,42,-0.1727876
117.35,41,-0.1727876
117.4,83,-0.1727876
117.45,42,-0.1727876
117.5,41,-0.1727876
117.55,42,-0.1727876
117.6,83,-0.1727876
117.65,41,-0.1727876
117.7,42,-0.1727876
117.75,41,-0.1727876
117.8,83,-0.1727876
117.85,42,-0.1727876
117.9,41,-0.1727876
117.95,42,-0.1727876
118,83,-0.1727876
118.05,41,-0.1727876
118.1,42,-0.1727876
118.15,41,-0.1727876
118.2,83,-0.1727876
118.25,42,-0.1727876
118.3,41,-0.1727876
118.35,42,-0.1727876
118.4,83,-0.1727876
118.45,41,-0.1727876
118.5,42,-0.1727876
118.55,41,-0.1727876
118.6,83,-0.1727876
118.65,42,-0.1727876
118.7,41,-0.1727876
118.75,42,-0.1727876
118.8,82,-0.1727876
118.85,42,-0.1727876
118.9,41,-0.1727876
118.95,40,-0.1727876
119,82,-0.1727876
119.05,40,-0.1727876
119.1,40,-0.1727876
119.15,40,-0.1727876
119.2,80,-0.1727876
119.25,40,-0.1727876
119.3,40,-0.18064158
119.35,79,-0.18064158
119.4,39,-0.18064158
119.45,39,-0.18064158
119.5,39,-0.18064158
119.55,78,-0.18064158
119.6,38,-0.18064158
119.65,39,-0.18064158
119.7,38,-0.18064158
119.75,77,-0.18064158
119.8,38,-0.18064158
119.85,38,-0.18064158
119.9,38,-0.18064158
119.95,37,-0.18064158
120,75,-0.18064158
120.05,38,-0.18064158
120.1,37,-0.18849556
120.15,75,-0.18849556
120.2,38,-0.18849556
120.25,37,-0.18849556
120.3,75,-0.18849556
120.35,37,-0.18849556
120.4,38,-0.18849556
120.45,37,-0.18849556
120.5,75,-0.18849556
120.55,38,-0.18849556
120.6,37,-0.18849556
120.65,38,-0.18849556
120.7,75,-0.18849556
120.75,37,-0.18849556
120.8,38,-0.18849556
120.85,37,-0.18849556
120.9,75,-0.18849556
120.95,38,-0.18849556
121,37,-0.18849556
121.05,38,-0.18849556
121.1,74,-0.18849556
121.15,38,-0.18849556
121.2,37,-0.18849556
121.25,38,-0.18849556
121.3,75,-0.18849556
121.35,37,-0.18849556
121.4,38,-0.18849556
121.45,37,-0.18849556
121.5,75,-0.18849556
121.55,38,-0.18849556
121.6,37,-0.18849556
121.65,38,-0.19634954
121.7,75,-0.19634954
121.75,37,-0.19634954
121.8,38,-0.19634954
121.85,37,-0.19634954
121.9,76,-0.19634954
121.95,37,-0.19634954
122,38,-0.19634954
122.05,78,-0.19634954
122.1,37,-0.19634954
122.15,38,-0.19634954
122.2,37,-0.19634954
122.25,75,-0.19634954
122.3,37,-0.19634954
122.35,38,-0.19634954
122.4,37,-0.19634954
122.45,75,-0.19634954
122.5,38,-0.19634954
122.55,37,-0.19634954
122.6,75,-0.19634954
122.65,38,-0.19634954
122.7,37,-0.19634954
122.75,38,-0.19634954
122.8,75,-0.19634954
122.85,37,-0.19634954
122.9,37,-0.19634954
122.95,38,-0.19634954
123,75,-0.19634954
123.05,37,-0.19634954
123.1,38,-0.19634954
123.15,37,-0.19634954
123.2,75,-0.19634954
123.25,38,-0.19634954
123.3,37,-0.19634954
123.35,38,-0.19634954
123.4,75,-0.19634954
123.45,37,-0.19634954
123.5,38,-0.19634954
123.55,37,-0.19634954
123.6,75,-0.19634954
123.65,38,-0.19634954
123.7,37,-0.19634954
123.75,38,-0.19634954
123.8,74,-0.19634954
123.85,38,-0.19634954
123.9,37,-0.19634954
123.95,75,-0.19634954
124,38,-0.19634954
124.05,37,-0.19634954
124.1,38,-0.19634954
124.15,75,-0.19634954
124.2,37,-0.19634954
124.25,38,-0.19634954
124.3,37,-0.19634954
124.35,75,-0.19634954
124.4,37,-0.19634954
124.45,38,-0.19634954
124.5,37,-0.19634954
124.55,75,-0.19634954
124.6,38,-0.19634954
124.65,37,-0.19634954
124.7,38,-0.19634954
124.75,75,-0.19634954
124.8,37,-0.19634954
124.85,38,-0.19634954
124.9,37,-0.19634954
124.95,75,-0.19634954
125,38,-0.19634954
125.05,37,-0.19634954
125.1,38,-0.19634954
125.15,75,-0.19634954
125.2,37,-0.19634954
125.25,37,-0.19634954
125.3,75,-0.19634954
125.35,38,-0.19634954
125.4,37,-0.19634954
125.45,38,-0.19634954
125.5,75,-0.19634954
125.55,37,-0.19634954
125.6,38,-0.19634954
125.65,37,-0.19634954
125.7,75,-0.19634954
125.75,38,-0.19634954
125.8,37,-0.19634954
125.85,37,-0.19634954
125.9,75,-0.19634954
125.95,38,-0.19634954
126,37,-0.19634954
126.05,38,-0.19634954
126.1,75,-0.19634954
126.15,37,-0.19634954
126.2,38,-0.19634954
126.25,37,-0.19634954
126.3,75,-0.19634954
126.35,38,-0.19634954
126.4,37,-0.19634954
126.45,37,-0.19634954
126.5,75,-0.19634954
126.55,38,-0.19634954
126.6,37,-0.19634954
126.65,38,-0.19634954
126.7,75,-0.19634954
126.75,37,-0.19634954
126.8,38,-0.19634954
126.85,37,-0.19634954
126.9,75,-0.19634954
126.95,38,-0.19634954
127,37,-0.19634954
127.05,76,-0.19634954
127.1,37,-0.19634954
127.15,38,-0.19634954
127.2,37,-0.19634954
127.25,75,-0.19634954
127.3,38,-0.19634954
127.35,37,-0.19634954
127.4,38,-0.19634954
127.45,76,-0.19634954
127.5,37,-0.19634954
127.55,38,-0.19634954
127.6,75,-0.19634954
127.65,37,-0.19634954
127.7,38,-0.19634954
127.75,37,-0.19634954
127.8,75,-0.19634954
127.85,38,-0.19634954
127.9,37,-0.19634954
127.95,38,-0.19634954
128,75,-0.19634954
128.05,37,-0.19634954
128.1,38,-0.19634954
128.15,37,-0.19634954
128.2,75,-0.19634954
128.25,38,-0.19634954
128.3,37,-0.19634954
128.35,38,-0.19634954
128.4,75,-0.19634954
128.45,37,-0.19634954
128.5,38,-0.19634954
128.55,37,-0.19634954
128.6,75,-0.19634954
128.65,37,-0.19634954
128.7,38,-0.19634954
128.75,37,-0.19634954
128.8,75,-0.19634954
128.85,38,-0.19634954
128.9,37,-0.19634954
128.95,38,-0.19634954
129,75,-0.19634954
129.05,37,-0.19634954
129.1,38,-0.19634954
129.15,37,-0.19634954
129.2,0,-0.19634954
129.25,113,-0.19634954
129.3,0,-0.19634954
129.35,0,-0.19634954
129.4,150,-0.19634954
129.45,0,-0.19634954
129.5,74,-0.19634954
129.55,0,-0.19634954
129.6,113,-0.19634954
129.65,0,-0.19634954
129.7,0,-0.19634954
129.75,118,-0.19634954
129.8,75,-0.19634954
129.85,37,-0.19634954
129.9,38,-0.19634954
129.95,0,-0.19634954
130,75,-0.19634954
130.05,77,-0.19634954
130.1,38,-0.19634954
130.15,0,-0.19634954
130.2,112,-0.19634954
130.25,0,-0.19634954
130.3,0,-0.19634954
130.35,113,-0.19634954
130.4,41,-0.19634954
130.45,77,-0.19634954
130.5,37,-0.19634954
130.55,38,-0.19634954
130.6,38,-0.19634954
130.65,75,-0.19634954
130.7,37,-0.19634954
130.75,75,-0.19634954
130.8,38,-0.19634954
130.85,37,-0.19634954
130.9,38,-0.19634954
130.95,37,-0.19634954
131,38,-0.19634954
131.05,75,-0.19634954
131.1,37,-0.19634954
131.15,76,-0.19634954
131.2,37,-0.19634954
131.25,0,-0.19634954
131.3,75,-0.19634954
131.35,38,-0.19634954
131.4,37,-0.19634954
131.45,75,-0.19634954
131.5,38,-0.19634954
131.55,37,-0.19634954
131.6,75,-0.19634954
131.65,38,-0.19634954
131.7,37,-0.19634954
131.75,38,-0.19634954
131.8,75,-0.19634954
131.85,37,-0.19634954
131.9,37,-0.19634954
131.95,38,-0.19634954
132,75,-0.19634954
132.05,37,-0.19634954
132.1,75,-0.19634954
132.15,38,-0.19634954
132.2,37,-0.19634954
132.25,38,-0.19634954
132.3,37,-0.19634954
132.35,75,-0.19634954
132.4,38,-0.19634954
132.45,37,-0.19634954
132.5,75,-0.19634954
132.55,38,-0.19634954
132.6,37,-0.19634954
132.65,38,-0.19634954
132.7,37,-0.19634954
132.75,75,-0.19634954
132.8,37,-0.19634954
132.85,38,-0.19634954
132.9,75,-0.19634954
132.95,37,-0.19634954
133,75,-0.19634954
133.05,38,-0.19634954
133.1,37,-0.19634954
133.15,38,-0.19634954
133.2,38,-0.19634954
133.25,75,-0.19634954
133.3,37,-0.19634954
133.35,38,-0.19634954
133.4,37,-0.19634954
133.45,75,-0.19634954
133.5,38,-0.19634954
133.55,37,-0.19634954
133.6,38,-0.19634954
133.65,37,-0.19634954
133.7,75,-0.19634954
133.75,37,-0.19634954
133.8,75,-0.19634954
133.85,0,-0.19634954
133.9,75,-0.19634954
133.95,75,-0.19634954
134,38,-0.19634954
134.05,37,-0.19634954
134.1,38,-0.19634954
134.15,75,-0.19634954
134.2,37,-0.19634954
134.25,38,-0.19634954
134.3,37,-0.19634954
134.35,75,-0.19634954
134.4,38,-0.19634954
134.45,37,-0.19634954
134.5,38,-0.19634954
134.55,75,-0.19634954
134.6,37,-0.19634954
134.65,37,-0.19634954
134.7,38,-0.19634954
134.75,75,-0.19634954
134.8,37,-0.19634954
134.85,38,-0.19634954
134.9,37,-0.19634954
134.95,40,-0.19634954
135,75,-0.19634954
135.05,38,-0.19634954
135.1,37,-0.19634954
135.15,75,-0.19634954
135.2,38,-0.19634954
135.25,37,-0.19634954
135.3,37,-0.19634954
135.35,38,-0.19634954
135.4,75,-0.19634954
135.45,37,-0.19634954
135.5,38,-0.19634954
135.55,37,-0.19634954
135.6,38,-0.19634954
135.65,75,-0.19634954
135.7,37,-0.19634954
135.75,38,-0.19634954
135.8,75,-0.19634954
135.85,37,-0.19634954
135.9,38,-0.19634954
135.95,37,-0.19634954
136,37,-0.19634954
136.05,75,-0.19634954
136.1,38,-0.19634954
136.15,37,-0.19634954
136.2,75,-0.19634954
136.25,38,-0.19634954
136.3,37,-0.19634954
136.35,38,-0.19634954
136.4,37,-0.19634954
136.45,75,-0.19634954
136.5,38,-0.19634954
136.55,75,-0.19634954
136.6,37,-0.19634954
136.65,38,-0.19634954
136.7,75,-0.19634954
136.75,37,-0.19634954
136.8,38,-0.19634954
136.85,37,-0.19634954
136.9,38,-0.19634954
136.95,37,-0.19634954
137,75,-0.19634954
137.05,37,-0.19634954
137.1,39,-0.19634954
137.15,75,-0.19634954
137.2,38,-0.19634954
137.25,37,-0.19634954
137.3,38,-0.19634954
137.35,37,-0.19634954
137.4,75,-0.19634954
137.45,38,-0.19634954
137.5,37,-0.19634954
137.55,75,-0.19634954
137.6,37,-0.19634954
137.65,38,-0.19634954
137.7,37,-0.19634954
137.75,38,-0.19634954
137.8,75,-0.19634954
137.85,37,-0.19634954
137.9,75,-0.19634954
137.95,38,-0.19634954
138,37,-0.19634954
138.05,75,-0.19634954
138.1,37,-0.19634954
138.15,38,-0.19634954
138.2,37,-0.19634954
138.25,38,-0.19634954
138.3,75,-0.19634954
138.35,37,-0.19634954
138.4,38,-0.19634954
138.45,75,-0.19634954
138.5,37,-0.19634954
138.55,38,-0.19634954
138.6,37,-0.19634954
138.65,38,-0.19634954
138.7,76,-0.19634954
138.75,38,-0.19634954
138.8,37,-0.19634954
138.85,75,-0.19634954
138.9,37,-0.19634954
138.95,38,-0.19634954
139,74,-0.19634954
139.05,37,-0.19634954
139.1,36,-0.19634954
139.15,37,-0.19634954
139.2,37,-0.19634954
139.25,36,-0.19634954
139.3,72,-0.19634954
139.35,36,-0.19634954
139.4,39,-0.19634954
139.45,36,-0.19634954
139.5,70,-0.19634954
139.55,36,-0.19634954
139.6,35,-0.19634954
139.65,35,-0.19634954
139.7,69,-0.20420352
139.75,35,-0.20420352
139.8,35,-0.20420352
139.85,68,-0.20420352
139.9,34,-0.20420352
139.95,34,-0.20420352
140,34,-0.20420352
140.05,34,-0.20420352
140.1,68,-0.20420352
140.15,34,-0.20420352
140.2,67,-0.20420352
140.25,34,-0.20420352
140.3,34,-0.20420352
140.35,34,-0.20420352
140.4,68,-0.20420352
140.45,34,-0.20420352
140.5,34,-0.20420352
140.55,34,-0.20420352
140.6,33,-0.20420352
140.65,68,-0.20420352
140.7,34,-0.20420352
140.75,34,-0.20420352
140.8,68,-0.20420352
140.85,34,-0.20420352
140.9,33,-0.20420352
140.95,34,-0.20420352
141,34,-0.20420352
141.05,68,-0.20420352
141.1,34,-0.20420352
141.15,34,-0.20420352
141.2,68,-0.20420352
141.25,33,-0.20420352
141.3,34,-0.2120575
141.35,68,-0.2120575
141.4,34,-0.2120575
141.45,34,-0.2120575
141.5,34,-0.2120575
141.55,34,-0.2120575
141.6,68,-0.2120575
141.65,33,-0.2120575
141.7,34,-0.2120575
141.75,68,-0.2120575
141.8,34,-0.2120575
141.85,34,-0.2120575
141.9,34,-0.2120575
141.95,34,-0.2120575
142,67,-0.2120575
142.05,34,-0.2120575
142.1,34,-0.2120575
142.15,68,-0.2120575
142.2,34,-0.2120575
142.25,34,-0.2120575
142.3,35,-0.2120575
142.35,34,-0.2120575
142.4,68,-0.2120575
142.45,34,-0.2120575
142.5,34,-0.2120575
142.55,68,-0.2120575
142.6,33,-0.2120575
142.65,34,-0.2120575
142.7,34,-0.2120575
142.75,68,-0.2120575
142.8,34,-0.2120575
142.85,34,-0.2120575
142.9,34,-0.2120575
142.95,68,-0.2120575
143,33,-0.2120575
143.05,34,-0.2120575
143.1,34,-0.2120575
143.15,68,-0.2120575
143.2,34,-0.2120575
143.25,34,-0.2120575
143.3,34,-0.2120575
143.35,67,-0.2120575
143.4,34,-0.2120575
143.45,34,-0.2120575
143.5,68,-0.2120575
143.55,34,-0.2120575
143.6,34,-0.2120575
143.65,34,-0.2120575
143.7,34,-0.2120575
143.75,67,-0.2120575
143.8,34,-0.2120575
143.85,34,-0.2120575
143.9,68,-0.2120575
143.95,34,-0.2120575
144,34,-0.2120575
144.05,68,-0.2120575
144.1,33,-0.2120575
144.15,34,-0.2120575
144.2,34,-0.2120575
144.25,34,-0.2120575
144.3,68,-0.2120575
144.35,34,-0.2120575
144.4,34,-0.2120575
144.45,68,-0.2120575
144.5,33,-0.2120575
144.55,34,-0.2120575
144.6,34,-0.2120575
144.65,34,-0.2120575
144.7,68,-0.2120575
144.75,34,-0.2120575
144.8,34,-0.2120575
144.85,68,-0.2120575
144.9,34,-0.2120575
144.95,33,-0.2120575
145,34,-0.2120575
145.05,34,-0.2120575
145.1,68,-0.2120575
145.15,34,-0.2120575
145.2,34,-0.2120575
145.25,67,-0.2120575
145.3,34,-0.2120575
145.35,34,-0.2120575
145.4,34,-0.2120575
145.45,68,-0.2120575
145.5,34,-0.2120575
145.55,34,-0.2120575
145.6,34,-0.2120575
145.65,67,-0.2120575
145.7,34,-0.2120575
145.75,34,-0.2120575
145.8,68,-0.2120575
145.85,34,-0.2120575
145.9,34,-0.2120575
145.95,34,-0.2120575
146,34,-0.2120575
146.05,67,-0.2120575
146.1,34,-0.2120575
146.15,34,-0.2120575
146.2,68,-0.2120575
146.25,34,-0.2120575
146.3,34,-0.2120575
146.35,67,-0.2120575
146.4,34,-0.2120575
146.45,34,-0.2120575
146.5,34,-0.2120575
146.55,68,-0.2120575
146.6,34,-0.2120575
146.65,34,-0.2120575
146.7,34,-0.2120575
146.75,68,-0.2120575
146.8,34,-0.2120575
146.85,33,-0.2120575
146.9,34,-0.2120575
146.95,68,-0.2120575
147,34,-0.2120575
147.05,34,-0.2120575
147.1,68,-0.2120575
147.15,34,-0.2120575
147.2,34,-0.2120575
147.25,67,-0.2120575
147.3,34,-0.2120575
147.35,34,-0.2120575
147.4,34,-0.2120575
147.45,34,-0.2120575
147.5,34,-0.2120575
147.55,67,-0.2120575
147.6,34,-0.2120575
147.65,68,-0.2120575
147.7,34,-0.2120575
147.75,34,-0.2120575
147.8,34,-0.2120575
147.85,34,-0.2120575
147.9,68,-0.2120575
147.95,33,-0.2120575
148,34,-0.2120575
148.05,34,-0.2120575
148.1,34,-0.2120575
148.15,68,-0.2120575
148.2,34,-0.2120575
148.25,34,-0.2120575
148.3,35,-0.2120575
148.35,67,-0.2120575
148.4,34,-0.2120575
148.45,37,-0.2120575
148.5,67,-0.2120575
148.55,34,-0.2120575
148.6,35,-0.2120575
148.65,34,-0.2120575
148.7,68,-0.2120575
148.75,34,-0.2120575
148.8,34,-0.2120575
148.85,34,-0.2120575
148.9,67,-0.2120575
148.95,34,-0.2120575
149,34,-0.2120575
149.05,34,-0.2120575
149.1,68,-0.2120575
149.15,34,-0.2120575
149.2,34,-0.2120575
149.25,34,-0.2120575
149.3,67,-0.2120575
149.35,34,-0.2120575
149.4,34,-0.2120575
149.45,68,-0.2120575
149.5,34,-0.2120575
149.55,34,-0.2120575
149.6,35,-0.2120575
149.65,68,-0.2120575
149.7,34,-0.2120575
149.75,34,-0.2120575
149.8,34,-0.2120575
149.85,67,-0.2120575
149.9,34,-0.2120575
149.95,34,-0.2120575
150,34,-0.2120575
150.05,68,-0.2120575
150.1,34,-0.2120575
150.15,34,-0.2120575
150.2,34,-0.2120575
150.25,67,-0.2120575
150.3,34,-0.2120575
150.35,34,-0.2120575
150.4,34,-0.2120575
150.45,68,-0.2120575
150.5,34,-0.2120575
150.55,34,-0.2120575
150.6,33,-0.2120575
150.65,68,-0.2120575
150.7,34,-0.2120575
150.75,34,-0.2120575
150.8,68,-0.2120575
150.85,34,-0.2120575
150.9,33,-0.2120575
150.95,34,-0.2120575
151,68,-0.2120575
151.05,34,-0.2120575
151.1,34,-0.2120575
151.15,34,-0.2120575
151.2,68,-0.2120575
151.25,34,-0.2120575
151.3,33,-0.2120575
151.35,68,-0.2120575
151.4,34,-0.2120575
151.45,34,-0.2120575
151.5,34,-0.2120575
151.55,34,-0.2120575
151.6,68,-0.2120575
151.65,33,-0.2120575
151.7,34,-0.2120575
151.75,68,-0.2120575
151.8,34,-0.2120575
151.85,34,-0.2120575
151.9,68,-0.2120575
151.95,34,-0.2120575
152,33,-0.2120575
152.05,34,-0.2120575
152.1,34,-0.2120575
152.15,68,-0.2120575
152.2,34,-0.2120575
152.25,34,-0.2120575
152.3,34,-0.2120575
152.35,67,-0.2120575
152.4,34,-0.2120575
152.45,34,-0.2120575
152.5,34,-0.2120575
152.55,68,-0.2120575
152.6,34,-0.2120575
152.65,67,-0.2120575
152.7,34,-0.2120575
152.75,34,-0.2120575
152.8,68,-0.2120575
152.85,34,-0.2120575
152.9,34,-0.2120575
152.95,68,-0.2120575
153,34,-0.2120575
153.05,33,-0.2120575
153.1,34,-0.2120575
153.15,68,-0.2120575
153.2,34,-0.2120575
153.25,34,-0.2120575
153.3,34,-0.2120575
153.35,67,-0.2120575
153.4,34,-0.2120575
153.45,34,-0.2120575
153.5,34,-0.2120575
153.55,34,-0.2120575
153.6,35,-0.2120575
153.65,67,-0.2120575
153.7,34,-0.2120575
153.75,34,-0.2120575
153.8,68,-0.2120575
153.85,34,-0.2120575
153.9,34,-0.2120575
153.95,34,-0.2120575
154,34,-0.2120575
154.05,67,-0.2120575
154.1,34,-0.2120575
154.15,34,-0.2120575
154.2,68,-0.2120575
154.25,34,-0.2120575
154.3,34,-0.2120575
154.35,34,-0.2120575
154.4,68,-0.2120575
154.45,33,-0.2120575
154.5,34,-0.2120575
154.55,34,-0.2120575
154.6,68,-0.2120575
154.65,34,-0.2120575
154.7,34,-0.2120575
154.75,34,-0.2120575
154.8,34,-0.2120575
154.85,67,-0.2120575
154.9,34,-0.2120575
154.95,34,-0.2120575
155,68,-0.2120575
155.05,34,-0.2120575
155.1,34,-0.2120575
155.15,34,-0.2120575
155.2,34,-0.2120575
155.25,67,-0.2120575
155.3,34,-0.2120575
155.35,34,-0.2120575
155.4,68,-0.2120575
155.45,34,-0.2120575
155.5,33,-0.2120575
155.55,68,-0.2120575
155.6,34,-0.2120575
155.65,34,-0.2120575
155.7,34,-0.2120575
155.75,34,-0.2120575
155.8,68,-0.2120575
155.85,34,-0.2120575
155.9,67,-0.2120575
155.95,34,-0.2120575
156,34,-0.2120575
156.05,34,-0.2120575
156.1,34,-0.2120575
156.15,68,-0.2120575
156.2,34,-0.2120575
156.25,33,-0.2120575
156.3,68,-0.2120575
156.35,34,-0.2120575
156.4,34,-0.2120575
156.45,69,-0.2120575
156.5,34,-0.2120575
156.55,34,-0.2120575
156.6,34,-0.2120575
156.65,34,-0.2120575
156.7,67,-0.2120575
156.75,34,-0.2120575
156.8,34,-0.2120575
156.85,68,-0.2120575
156.9,34,-0.2120575
156.95,34,-0.2120575
157,35,-0.2120575
157.05,67,-0.2120575
157.1,34,-0.2120575
157.15,34,-0.2120575
157.2,34,-0.2120575
157.25,34,-0.2120575
157.3,68,-0.2120575
157.35,34,-0.2120575
157.4,67,-0.2120575
157.45,0,-0.2120575
157.5,68,-0.2120575
157.55,34,-0.2120575
157.6,34,-0.2120575
157.65,34,-0.2120575
157.7,68,-0.2120575
157.75,33,-0.2120575
157.8,34,-0.2120575
157.85,34,-0.2120575
157.9,68,-0.2120575
157.95,34,-0.2120575
158,34,-0.2120575
158.05,34,-0.2120575
158.1,68,-0.2120575
158.15,33,-0.2120575
158.2,68,-0.2120575
158.25,34,-0.2120575
158.3,34,-0.2120575
158.35,68,-0.2120575
158.4,34,-0.2120575
158.45,34,-0.2120575
158.5,34,-0.2120575
158.55,34,-0.2120575
158.6,68,-0.2120575
158.65,33,-0.2120575
158.7,34,-0.2120575
158.75,69,-0.2120575
158.8,34,-0.2120575
158.85,33,-0.2120575
158.9,69,-0.2120575
158.95,34,-0.2120575
159,34,-0.2120575
159.05,34,-0.2120575
159.1,34,-0.2120575
159.15,68,-0.2120575
159.2,33,-0.2120575
159.25,34,-0.2120575
159.3,34,-0.2120575
159.35,68,-0.2120575
159.4,34,-0.2120575
159.45,34,-0.2120575
159.5,33,-0.2120575
159.55,67,-0.2120575
159.6,34,-0.2120575
159.65,33,-0.2120575
159.7,66,-0.2120575
159.75,32,-0.2120575
159.8,33,-0.2120575
159.85,33,-0.2120575
159.9,34,-0.2120575
159.95,32,-0.2120575
160,64,-0.21991149
160.05,32,-0.21991149
160.1,32,-0.21991149
160.15,31,-0.21991149
160.2,63,-0.21991149
160.25,31,-0.21991149
160.3,32,-0.21991149
160.35,30,-0.21991149
160.4,62,-0.21991149
160.45,31,-0.21991149
160.5,32,-0.21991149
160.55,62,-0.21991149
160.6,30,-0.21991149
160.65,31,-0.21991149
160.7,33,-0.21991149
160.75,62,-0.22776547
160.8,0,-0.22776547
160.85,0,-0.22776547
160.9,0,-0.22776547
160.95,61,-0.22776547
161,31,-0.22776547
161.05,30,-0.22776547
161.1,31,-0.22776547
161.15,63,-0.22776547
161.2,31,-0.22776547
161.25,31,-0.22776547
161.3,30,-0.22776547
161.35,31,-0.22776547
161.4,61,-0.22776547
161.45,31,-0.22776547
161.5,31,-0.22776547
161.55,32,-0.22776547
161.6,30,-0.22776547
161.65,0,-0.22776547
161.7,30,-0.22776547
161.75,62,-0.22776547
161.8,30,-0.22776547
161.85,31,-0.22776547
161.9,61,-0.22776547
161.95,31,-0.22776547
162,31,-0.22776547
162.05,30,-0.22776547
162.1,62,-0.22776547
162.15,30,-0.22776547
162.2,31,-0.22776547
162.25,31,-0.22776547
162.3,61,-0.23561945
162.35,31,-0.23561945
162.4,30,-0.23561945
162.45,62,-0.23561945
162.5,30,-0.23561945
162.55,31,-0.23561945
162.6,31,-0.23561945
162.65,62,-0.23561945
162.7,31,-0.23561945
162.75,30,-0.23561945
162.8,31,-0.23561945
162.85,61,-0.23561945
162.9,31,-0.23561945
162.95,31,-0.23561945
163,30,-0.23561945
163.05,62,-0.23561945
163.1,31,-0.23561945
163.15,30,-0.23561945
163.2,31,-0.23561945
163.25,61,-0.23561945
163.3,31,-0.23561945
163.35,31,-0.23561945
163.4,61,-0.23561945
163.45,31,-0.23561945
163.5,32,-0.23561945
163.55,32,-0.23561945
163.6,30,-0.23561945
163.65,62,-0.23561945
163.7,30,-0.23561945
163.75,31,-0.23561945
163.8,61,-0.23561945
163.85,31,-0.23561945
163.9,31,-0.23561945
163.95,61,-0.23561945
164,31,-0.23561945
164.05,0,-0.23561945
164.1,31,-0.23561945
164.15,31,-0.23561945
164.2,61,-0.23561945
164.25,31,-0.23561945
164.3,30,-0.23561945
164.35,62,-0.23561945
164.4,30,-0.23561945
164.45,31,-0.23561945
164.5,31,-0.23561945
164.55,31,-0.23561945
164.6,61,-0.23561945
164.65,31,-0.23561945
164.7,30,-0.23561945
164.75,31,-0.23561945
164.8,0,-0.23561945
164.85,0,-0.23561945
164.9,0,-0.23561945
164.95,0,-0.23561945
165,0,-0.23561945
165.05,0,-0.23561945
165.1,0,-0.23561945
165.15,0,-0.23561945
165.2,61,-0.23561945
165.25,31,-0.23561945
165.3,31,-0.23561945
165.35,30,-0.23561945
165.4,62,-0.23561945
165.45,30,-0.23561945
165.5,31,-0.23561945
165.55,31,-0.23561945
165.6,61,-0.23561945
165.65,31,-0.23561945
165.7,30,-0.23561945
165.75,31,-0.23561945
165.8,61,-0.23561945
165.85,31,-0.23561945
165.9,31,-0.23561945
165.95,30,-0.23561945
166,61,-0.23561945
166.05,31,-0.23561945
166.1,31,-0.23561945
166.15,31,-0.23561945
166.2,61,-0.23561945
166.25,30,-0.23561945
166.3,31,-0.23561945
166.35,61,-0.23561945
166.4,31,-0.23561945
166.45,31,-0.23561945
166.5,61,-0.23561945
166.55,31,-0.23561945
166.6,30,-0.23561945
166.65,31,-0.23561945
166.7,31,-0.23561945
166.75,61,-0.23561945
166.8,31,-0.23561945
166.85,30,-0.23561945
166.9,62,-0.23561945
166.95,30,-0.23561945
167,31,-0.23561945
167.05,31,-0.23561945
167.1,30,-0.23561945
167.15,62,-0.23561945
167.2,30,-0.23561945
167.25,31,-0.23561945
167.3,61,-0.23561945
167.35,31,-0.23561945
167.4,31,-0.23561945
167.45,61,-0.23561945
167.5,30,-0.23561945
167.55,31,-0.23561945
167.6,31,-0.23561945
167.65,30,-0.23561945
167.7,62,-0.23561945
167.75,30,-0.23561945
167.8,31,-0.23561945
167.85,61,-0.23561945
167.9,31,-0.23561945
167.95,31,-0.23561945
168,61,-0.23561945
168.05,31,-0.23561945
168.1,30,-0.23561945
168.15,31,-0.23561945
168.2,31,-0.23561945
168.25,61,-0.23561945
168.3,31,-0.23561945
168.35,61,-0.23561945
168.4,0,-0.23561945
168.45,61,-0.23561945
168.5,31,-0.23561945
168.55,31,-0.23561945
168.6,61,-0.23561945
168.65,31,-0.23561945
168.7,31,-0.23561945
168.75,30,-0.23561945
168.8,62,-0.23561945
168.85,30,-0.23561945
168.9,31,-0.23561945
168.95,31,-0.23561945
169,62,-0.23561945
169.05,30,-0.23561945
169.1,31,-0.23561945
169.15,31,-0.23561945
169.2,61,-0.23561945
169.25,31,-0.23561945
169.3,30,-0.23561945
169.35,62,-0.23561945
169.4,30,-0.23561945
169.45,31,-0.23561945
169.5,31,-0.23561945
169.55,61,-0.23561945
169.6,31,-0.23561945
169.65,30,-0.23561945
169.7,31,-0.23561945
169.75,61,-0.23561945
169.8,31,-0.23561945
169.85,31,-0.23561945
169.9,30,-0.23561945
169.95,62,-0.23561945
170,31,-0.23561945
170.05,31,-0.23561945
170.1,30,-0.23561945
170.15,61,-0.23561945
170.2,31,-0.23561945
170.25,31,-0.23561945
170.3,61,-0.23561945
170.35,31,-0.23561945
170.4,30,-0.23561945
170.45,31,-0.23561945
170.5,62,-0.23561945
170.55,31,-0.23561945
170.6,31,-0.23561945
170.65,30,-0.23561945
170.7,62,-0.23561945
170.75,30,-0.23561945
170.8,31,-0.23561945
170.85,31,-0.23561945
170.9,62,-0.23561945
170.95,31,-0.23561945
171,30,-0.23561945
171.05,31,-0.23561945
171.1,61,-0.23561945
171.15,31,-0.23561945
171.2,31,-0.23561945
171.25,61,-0.23561945
171.3,31,-0.23561945
171.35,30,-0.23561945
171.4,31,-0.23561945
171.45,62,-0.23561945
171.5,31,-0.23561945
171.55,31,-0.23561945
171.6,30,-0.23561945
171.65,62,-0.23561945
171.7,30,-0.23561945
171.75,31,-0.23561945
171.8,61,-0.23561945
171.85,31,-0.23561945
171.9,31,-0.23561945
171.95,30,-0.23561945
172,62,-0.23561945
172.05,30,-0.23561945
172.1,31,-0.23561945
172.15,31,-0.23561945
172.2,61,-0.23561945
172.25,31,-0.23561945
172.3,30,-0.23561945
172.35,31,-0.23561945
172.4,62,-0.23561945
172.45,30,-0.23561945
172.5,31,-0.23561945
172.55,31,-0.23561945
172.6,61,-0.23561945
172.65,31,-0.23561945
172.7,31,-0.23561945
172.75,61,-0.23561945
172.8,31,-0.23561945
172.85,30,-0.23561945
172.9,31,-0.23561945
172.95,61,-0.23561945
173,31,-0.23561945
173.05,31,-0.23561945
173.1,30,-0.23561945
173.15,62,-0.23561945
173.2,30,-0.23561945
173.25,31,-0.23561945
173.3,61,-0.23561945
173.35,31,-0.23561945
173.4,30,-0.23561945
173.45,32,-0.23561945
173.5,31,-0.23561945
173.55,61,-0.23561945
173.6,31,-0.23561945
173.65,31,-0.23561945
173.7,61,-0.23561945
173.75,31,-0.23561945
173.8,30,-0.23561945
173.85,31,-0.23561945
173.9,62,-0.23561945
173.95,30,-0.23561945
174,31,-0.23561945
174.05,31,-0.23561945
174.1,61,-0.23561945
174.15,31,-0.23561945
174.2,31,-0.23561945
174.25,30,-0.23561945
174.3,31,-0.23561945
174.35,61,-0.23561945
174.4,31,-0.23561945
174.45,30,-0.23561945
174.5,62,-0.23561945
174.55,31,-0.23561945
174.6,30,-0.23561945
174.65,61,-0.23561945
174.7,31,-0.23561945
174.75,31,-0.23561945
174.8,31,-0.23561945
174.85,62,-0.23561945
174.9,30,-0.23561945
174.95,31,-0.23561945
175,31,-0.23561945
175.05,61,-0.23561945
175.1,31,-0.23561945
175.15,30,-0.23561945
175.2,61,-0.23561945
175.25,31,-0.23561945
175.3,31,-0.23561945
175.35,31,-0.23561945
175.4,62,-0.23561945
175.45,31,-0.23561945
175.5,31,-0.23561945
175.55,30,-0.23561945
175.6,62,-0.23561945
175.65,30,-0.23561945
175.7,31,-0.23561945
175.75,31,-0.23561945
175.8,61,-0.23561945
175.85,31,-0.23561945
175.9,30,-0.23561945
175.95,31,-0.23561945
176,61,-0.23561945
176.05,31,-0.23561945
176.1,31,-0.23561945
176.15,61,-0.23561945
176.2,30,-0.23561945
176.25,31,-0.23561945
176.3,31,-0.23561945
176.35,62,-0.23561945
176.4,30,-0.23561945
176.45,31,-0.23561945
176.5,31,-0.23561945
176.55,61,-0.23561945
176.6,31,-0.23561945
176.65,30,-0.23561945
176.7,31,-0.23561945
176.75,33,-0.23561945
176.8,61,-0.23561945
176.85,31,-0.23561945
176.9,31,-0.23561945
176.95,61,-0.23561945
177,31,-0.23561945
177.05,30,-0.23561945
177.1,31,-0.23561945
177.15,61,-0.23561945
177.2,31,-0.23561945
177.25,31,-0.23561945
177.3,30,-0.23561945
177.35,60,-0.23561945
177.4,30,-0.23561945
177.45,30,-0.23561945
177.5,30,-0.23561945
177.55,59,-0.23561945
177.6,29,-0.23561945
177.65,29,-0.23561945
177.7,29,-0.23561945
177.75,58,-0.23561945
177.8,28,-0.23561945
177.85,29,-0.23561945
177.9,56,-0.23561945
177.95,28,-0.23561945
178,29,-0.23561945
178.05,27,-0.23561945
178.1,28,-0.23561945
178.15,55,-0.23561945
178.2,27,-0.23561945
178.25,27,-0.23561945
178.3,54,-0.23561945
178.35,27,-0.23561945
178.4,27,-0.23561945
178.45,53,-0.23561945
178.5,26,-0.23561945
178.55,26,-0.23561945
178.6,26,-0.23561945
178.65,26,-0.23561945
178.7,51,-0.23561945
178.75,26,-0.23561945
178.8,25,-0.23561945
178.85,50,-0.23561945
178.9,25,-0.23561945
178.95,25,-0.23561945
179,25,-0.23561945
179.05,25,-0.23561945
179.1,50,-0.23561945
179.15,24,-0.23561945
179.2,25,-0.23561945
179.25,50,-0.23561945
179.3,25,-0.23561945
179.35,25,-0.23561945
179.4,50,-0.23561945
179.45,25,-0.23561945
179.5,25,-0.23561945
179.55,25,-0.23561945
179.6,50,-0.23561945
179.65,25,-0.23561945
179.7,25,-0.23561945
179.75,24,-0.23561945
179.8,50,-0.23561945
179.85,25,-0.23561945
179.9,50,-0.23561945
179.95,25,-0.23561945
180,25,-0.23561945
180.05,25,-0.23561945
180.1,25,-0.23561945
180.15,25,-0.23561945
180.2,49,-0.23561945
180.25,25,-0.23561945
180.3,25,-0.23561945
180.35,50,-0.23561945
180.4,25,-0.23561945
180.45,25,-0.23561945
180.5,25,-0.23561945
180.55,50,-0.23561945
180.6,25,-0.23561945
180.65,24,-0.23561945
180.7,25,-0.23561945
180.75,50,-0.23561945
180.8,25,-0.23561945
180.85,25,-0.23561945
180.9,50,-0.23561945
180.95,0,-0.23561945
181,50,-0.23561945
181.05,25,-0.23561945
181.1,25,-0.23561945
181.15,25,-0.23561945
181.2,50,-0.23561945
181.25,21,-0.23561945
181.3,14,-0.23561945
181.35,10,-0.23561945
181.4,0,-0.23561945
181.45,0,-0.23561945
181.5,0,-0.23561945
181.55,0,-0.23561945
181.6,0,-0.23561945
181.65,0,-0.23561945
181.7,0,-0.23561945
181.75,0,-0.23561945
181.8,0,-0.23561945
181.85,0,-0.23561945
181.9,0,-0.23561945
181.95,0,-0.23561945
182,0,-0.23561945
182.05,0,-0.23561945
182.1,0,-0.23561945
182.15,0,-0.23561945
182.2,0,-0.23561945
182.25,0,-0.23561945
182.3,0,-0.23561945
182.35,0,-0.23561945
182.4,0,-0.23561945
182.45,0,-0.23561945
182.5,0,-0.23561945
182.55,0,-0.23561945
182.6,0,-0.23561945
182.65,0,-0.23561945
182.7,0,-0.23561945
182.75,0,-0.23561945
182.8,0,-0.23561945
182.85,0,-0.23561945
182.9,0,-0.23561945
182.95,0,-0.23561945
183,0,-0.23561945
183.05,0,-0.23561945
183.1,0,-0.23561945
183.15,0,-0.23561945
183.2,0,-0.23561945
183.25,0,-0.23561945
183.3,0,-0.23561945
183.35,0,-0.23561945
183.4,0,-0.23561945
183.45,0,-0.23561945
183.5,0,-0.23561945
183.55,0,-0.23561945
183.6,0,-0.23561945
183.65,0,-0.23561945
183.7,0,-0.23561945
183.75,0,-0.23561945
183.8,0,-0.23561945
183.85,0,-0.23561945
183.9,0,-0.23561945
183.95,0,-0.24
