Method:,New method (2020)
dL0(m):,0.084,dR0(m):,0.084,b0(m):,0.2
N:,1,R(m):,0.85,Rrate(\0.85:,90,#180curves:,1
VLIN_NOM_0(ticks/cyc):,60,VLIN_DA_0(ticks/cyc):,45,VANG_NOM_0(rad/cyc):,0.00663388235294118,VANG_DA_0(rad/cyc):,0.00497541176470588,DVMAX(ticks/cyc^2):,100,DWMAX(ticks/cyc^2):,0.3
++++++++++,++++++++++,++++++++++,++++++++++,++++++++++,++++++++++,++++++++++,++++++++++,++++++++++,++++++++++,++++++++++,++++++++++
time(s):,odoL(thicks/cyc):,odoR(thicks/cyc):,xodo(m):,yodo(m):,thodo(rad):,vlin(thicks/cyc):,omega(rad/cyc):
++++++++++,++++++++++,++++++++++,++++++++++,++++++++++,++++++++++,++++++++++,++++++++++,++++++++++,++++++++++,++++++++++,++++++++++
Run:,1
5680.4500000119,0,0,     0,     0,     0,     0,     0,0
5680.5000000119,0,0,     0,     0,     0,    60,-0.006634,0
5680.5500000119,0,0,     0,     0,     0,    60,-0.006634,0
5680.6000000119,24,7,0.001463,-5.865E-6,-0.00802,    60,-0.006634,0
5680.6500000119,38,35,0.004906,-0.00003592,-0.009436,    60,-0.006634,0
5680.7000000119,61,58,0.01052,-0.00009287,-0.01085,    60,-0.006634,0
5680.7500000119,76,67,0.01727,-0.0001804,-0.0151,    60,-0.006634,0
5680.8000000119,81,66,0.0242,-0.0003096,-0.02217,    60,-0.006634,0
5680.8500000119,72,58,0.03033,-0.0004659,-0.02878,    60,-0.006634,0
5680.9000000119,64,52,0.0358,-0.0006388,-0.03444,    60,-0.006634,0
5680.9500000119,62,47,0.04094,-0.0008341,-0.04152,    60,-0.006634,0
5681.0000000119,66,50,0.04641,-0.001082,-0.04906,    60,-0.006634,0
5681.0500000119,68,52,0.05206,-0.001381,-0.05661,    60,-0.006634,0
5681.1000000119,69,55,0.0579,-0.001731,-0.06322,    60,-0.006634,0
5681.1500000119,71,55,0.06383,-0.002129,-0.07077,    60,-0.006634,0
5681.2000000119,70,54,0.06966,-0.002565,-0.07832,    60,-0.006634,0
5681.2500000119,67,52,0.07526,-0.003024,-0.08539,    60,-0.006634,0
5681.3000000119,68,52,0.0809,-0.003528,-0.09294,    60,-0.006634,0
5681.3500000119,69,53,0.08663,-0.004084,-0.1005,    60,-0.006634,0
5681.4000000119,68,52,0.09226,-0.004673,-0.108,    60,-0.006634,0
5681.4500000119,69,54,0.09802,-0.005319,-0.1151,    60,-0.006634,0
5681.5000000119,70,55,0.1039,-0.006017,-0.1222,    60,-0.006634,0
5681.5500000119,68,54,0.1096,-0.006737,-0.1288,    60,-0.006634,0
5681.6000000119,67,52,0.1152,-0.007478,-0.1359,    60,-0.006634,0
5681.6500000119,69,53,0.1209,-0.008279,-0.1434,    60,-0.006634,0
5681.7000000119,67,52,0.1264,-0.009101,-0.1505,    60,-0.006634,0
5681.7500000119,65,52,0.1319,-0.009946,-0.1566,    60,-0.006634,0
5681.8000000119,66,51,0.1373,-0.01083,-0.1637,    60,-0.006634,0
5681.8500000119,68,53,0.1429,-0.01178,-0.1708,    60,-0.006634,0
5681.9000000119,68,54,0.1486,-0.01277,-0.1774,    60,-0.006634,0
5681.95000001191,66,53,0.1541,-0.01378,-0.1835,    60,-0.006634,0
5682.00000001191,69,53,0.1598,-0.01485,-0.1911,    60,-0.006634,0
5682.05000001191,69,54,0.1655,-0.01597,-0.1981,    60,-0.006634,0
5682.10000001191,67,53, 0.171,-0.01711,-0.2048,    60,-0.006634,0
5682.15000001191,63,51,0.1763,-0.01822,-0.2104,    60,-0.006634,0
5682.20000001191,67,52,0.1818,-0.01941,-0.2175,    60,-0.006634,0
5682.25000001191,67,54,0.1873,-0.02066,-0.2236,    60,-0.006634,0
5682.30000001191,68,52,0.1929,-0.02193,-0.2312,    60,-0.006634,0
5682.35000001191,68,56,0.1986,-0.02329,-0.2368,    60,-0.006634,0
5682.40000001191,70,54,0.2042,-0.02468,-0.2444,    60,-0.006634,0
5682.45000001191,65,52,0.2096,-0.02604,-0.2505,    60,-0.006634,0
5682.50000001191,62,49,0.2147,-0.02735,-0.2566,    60,-0.006634,0
5682.55000001191,64,53,  0.22,-0.02876,-0.2618,    60,-0.006634,0
5682.60000001191,67,54,0.2255,-0.03026,-0.268,    60,-0.006634,0
5682.65000001191,67,54, 0.231,-0.03179,-0.2741,    60,-0.006634,0
5682.70000001191,69,55,0.2366,-0.03339,-0.2807,    60,-0.006634,0
5682.75000001191,68,54,0.2422,-0.035,-0.2873,    60,-0.006634,0
5682.80000001191,66,53,0.2475,-0.03661,-0.2934,    60,-0.006634,0
5682.85000001191,65,49,0.2527,-0.03818,-0.301,    60,-0.006634,0
5682.90000001191,65,52,0.2579,-0.03984,-0.3071,    60,-0.006634,0
5682.95000001191,65,53,0.2632,-0.04154,-0.3128,    60,-0.006634,0
5683.00000001191,64,55,0.2686,-0.04327,-0.317,    60,-0.006634,0
5683.05000001191,67,53, 0.274,-0.04506,-0.3236,    60,-0.006634,0
5683.10000001191,69,54,0.2794,-0.04692,-0.3307,    60,-0.006634,0
5683.15000001191,68,54,0.2849,-0.04881,-0.3373,    60,-0.006634,0
5683.20000001191,67,54,0.2903,-0.05071,-0.3435,    60,-0.006634,0
5683.25000001191,68,54,0.2957,-0.05267,-0.3501,    60,-0.006634,0
5683.30000001191,67,52,0.3009,-0.05461,-0.3571,    60,-0.006634,0
5683.35000001191,67,52,0.3062,-0.0566,-0.3642,    60,-0.006634,0
5683.40000001191,69,53,0.3116,-0.05867,-0.3718,    60,-0.006634,0
5683.45000001191,70,53, 0.317,-0.0608,-0.3798,    60,-0.006634,0
5683.50000001191,70,54,0.3224,-0.06299,-0.3873,    60,-0.006634,0
5683.55000001191,67,52,0.3276,-0.06512,-0.3944,    60,-0.006634,0
5683.60000001191,66,53,0.3328,-0.0673,-0.4005,    60,-0.006634,0
5683.65000001191,67,52,0.3379,-0.0695,-0.4076,    60,-0.006634,0
5683.70000001191,69,54,0.3432,-0.07182,-0.4147,    60,-0.006634,0
5683.75000001191,69,52,0.3485,-0.07414,-0.4227,    60,-0.006634,0
5683.80000001191,67,54,0.3537,-0.0765,-0.4288,    60,-0.006634,0
5683.85000001191,66,52,0.3587,-0.07883,-0.4355,    60,-0.006634,0
5683.90000001191,65,52,0.3637,-0.08118,-0.4416,    60,-0.006634,0
5683.95000001191,68,54,0.3689,-0.08366,-0.4482,    60,-0.006634,0
5684.00000001191,66,53, 0.374,-0.0861,-0.4543,    60,-0.006634,0
5684.05000001191,66,53, 0.379,-0.08858,-0.4605,    60,-0.006634,0
5684.10000001191,68,53,0.3841,-0.09114,-0.4675,    60,-0.006634,0
5684.15000001191,71,55,0.3894,-0.09384,-0.4751,    60,-0.006634,0
5684.20000001191,67,51,0.3943,-0.0964,-0.4826,    60,-0.006634,0
5684.25000001191,64,52,0.3992,-0.09896,-0.4883,    60,-0.006634,0
5684.30000001191,67,51,0.4041,-0.1016,-0.4958,    60,-0.006634,0
5684.35000001191,67,54,0.4091,-0.1043,-0.502,    60,-0.006634,0
5684.40000001191,67,52, 0.414,-0.107,-0.509,    60,-0.006634,0
5684.45000001191,66,52,0.4189,-0.1098,-0.5157,    60,-0.006634,0
5684.50000001191,67,55,0.4239,-0.1126,-0.5213,    60,-0.006634,0
5684.55000001191,66,53,0.4287,-0.1154,-0.5274,    60,-0.006634,0
5684.60000001191,63,52,0.4334,-0.1182,-0.5326,    60,-0.006634,0
5684.65000001191,65,53,0.4382,-0.121,-0.5383,    60,-0.006634,0
5684.70000001192,67,55,0.4431,-0.124,-0.544,    60,-0.006634,0
5684.75000001192,68,53, 0.448,-0.1269,-0.551,    60,-0.006634,0
5684.80000001192,66,53,0.4528,-0.1299,-0.5572,    60,-0.006634,0
5684.85000001192,66,52,0.4575,-0.1329,-0.5638,    60,-0.006634,0
5684.90000001192,66,54,0.4623,-0.1359,-0.5694,    60,-0.006634,0
5684.95000001192,64,53,0.4669,-0.1389,-0.5746,    60,-0.006634,0
5685.00000001192,67,53,0.4716,-0.142,-0.5812,    60,-0.006634,0
5685.05000001192,65,53,0.4763,-0.1451,-0.5869,    60,-0.006634,0
5685.10000001192,65,52,0.4809,-0.1481,-0.593,    60,-0.006634,0
5685.15000001192,66,51,0.4854,-0.1512,-0.6001,    60,-0.006634,0
5685.20000001192,69,53,0.4902,-0.1545,-0.6077,    60,-0.006634,0
5685.25000001192,69,56, 0.495,-0.1579,-0.6138,    60,-0.006634,0
5685.30000001192,68,55,0.4997,-0.1612,-0.6199,    60,-0.006634,0
5685.35000001192,69,53,0.5044,-0.1646,-0.6275,    60,-0.006634,0
5685.40000001192,69,53,0.5091,-0.168,-0.635,    60,-0.006634,0
5685.45000001192,67,51,0.5135,-0.1713,-0.6426,    60,-0.006634,0
5685.50000001192,67,51, 0.518,-0.1747,-0.6501,    60,-0.006634,0
5685.55000001192,69,53,0.5225,-0.1782,-0.6577,    60,-0.006634,0
5685.60000001192,69,54,0.5271,-0.1817,-0.6647,    60,-0.006634,0
5685.65000001192,69,54,0.5317,-0.1853,-0.6718,    60,-0.006634,0
5685.70000001192,68,56,0.5362,-0.189,-0.6775,    60,-0.006634,0
5685.75000001192,68,52,0.5406,-0.1925,-0.685,    60,-0.006634,0
5685.80000001192,67,53, 0.545,-0.1961,-0.6916,    60,-0.006634,0
5685.85000001192,68,52,0.5494,-0.1998,-0.6992,    60,-0.006634,0
5685.90000001192,66,54,0.5537,-0.2034,-0.7048,    60,-0.006634,0
5685.95000001192,65,51,0.5578,-0.207,-0.7114,    60,-0.006634,0
5686.00000001192,64,52, 0.562,-0.2106,-0.7171,    60,-0.006634,0
5686.05000001192,69,53,0.5663,-0.2144,-0.7247,    60,-0.006634,0
5686.10000001192,68,54,0.5706,-0.2182,-0.7313,    60,-0.006634,0
5686.15000001192,68,54,0.5749,-0.222,-0.7379,    60,-0.006634,0
5686.20000001192,66,53, 0.579,-0.2258,-0.744,    60,-0.006634,0
5686.25000001192,67,54,0.5832,-0.2297,-0.7501,    60,-0.006634,0
5686.30000001192,67,53,0.5873,-0.2336,-0.7567,    60,-0.006634,0
5686.35000001192,65,52,0.5913,-0.2374,-0.7629,    60,-0.006634,0
5686.40000001192,66,52,0.5953,-0.2413,-0.7695,    60,-0.006634,0
5686.45000001192,70,55,0.5996,-0.2454,-0.7765,    60,-0.006634,0
5686.50000001192,69,52,0.6036,-0.2494,-0.7846,    60,-0.006634,0
5686.55000001192,66,52,0.6075,-0.2533,-0.7912,    60,-0.006634,0
5686.60000001192,65,53,0.6115,-0.2573,-0.7968,    60,-0.006634,0
5686.65000001192,65,51,0.6153,-0.2612,-0.8034,    60,-0.006634,0
5686.70000001192,62,53, 0.619,-0.2651,-0.8077,    60,-0.006634,0
5686.75000001192,65,53,0.6229,-0.2692,-0.8133,    60,-0.006634,0
5686.80000001192,70,55,0.6269,-0.2735,-0.8204,    60,-0.006634,0
5686.85000001192,69,55,0.6309,-0.2778,-0.827,    60,-0.006634,0
5686.90000001192,66,53,0.6347,-0.2819,-0.8332,    60,-0.006634,0
5686.95000001192,67,52,0.6384,-0.2861,-0.8402,    60,-0.006634,0
5687.00000001192,67,53,0.6422,-0.2903,-0.8468,    60,-0.006634,0
5687.05000001192,66,51,0.6458,-0.2945,-0.8539,    60,-0.006634,0
5687.10000001192,64,52,0.6494,-0.2986,-0.8596,    60,-0.006634,0
5687.15000001192,66,54,0.6531,-0.3029,-0.8652,    60,-0.006634,0
5687.20000001192,64,53,0.6567,-0.3071,-0.8704,    60,-0.006634,0
5687.25000001192,65,53,0.6602,-0.3114,-0.8761,    60,-0.006634,0
5687.30000001192,70,53,0.6639,-0.3158,-0.8841,    60,-0.006634,0
5687.35000001192,70,56,0.6677,-0.3205,-0.8907,    60,-0.006634,0
5687.40000001192,69,53,0.6713,-0.3249,-0.8983,    60,-0.006634,0
5687.45000001193,66,51,0.6747,-0.3293,-0.9053,    60,-0.006634,0
5687.50000001193,67,51,0.6781,-0.3337,-0.9129,    60,-0.006634,0
5687.55000001193,67,53,0.6816,-0.3382,-0.9195,    60,-0.006634,0
5687.60000001193,70,54,0.6851,-0.3428,-0.927,    60,-0.006634,0
5687.65000001193,71,54,0.6886,-0.3476,-0.9351,    60,-0.006634,0
5687.70000001193,70,54,0.6921,-0.3523,-0.9426,    60,-0.006634,0
5687.75000001193,68,52,0.6954,-0.3569,-0.9502,    60,-0.006634,0
5687.80000001193,66,51,0.6986,-0.3614,-0.9572,    60,-0.006634,0
5687.85000001193,66,54,0.7018,-0.366,-0.9629,    60,-0.006634,0
5687.90000001193,69,53,0.7051,-0.3707,-0.9704,    60,-0.006634,0
5687.95000001193,66,53,0.7083,-0.3754,-0.9766,    60,-0.006634,0
5688.00000001193,67,54,0.7114,-0.3801,-0.9827,    60,-0.006634,0
5688.05000001193,67,52,0.7145,-0.3848,-0.9898,    60,-0.006634,0
5688.10000001193,66,53,0.7176,-0.3895,-0.9959,    60,-0.006634,0
5688.15000001193,65,51,0.7206,-0.3941,-1.003,    60,-0.006634,0
5688.20000001193,65,52,0.7235,-0.3988,-1.009,    60,-0.006634,0
5688.25000001193,66,54,0.7265,-0.4036,-1.014,    60,-0.006634,0
5688.30000001193,68,55,0.7296,-0.4085, -1.02,    60,-0.006634,0
5688.35000001193,71,55,0.7327,-0.4136,-1.028,    60,-0.006634,0
5688.40000001193,69,54,0.7356,-0.4186,-1.035,    60,-0.006634,0
5688.45000001193,68,54,0.7386,-0.4235,-1.042,    60,-0.006634,0
5688.50000001193,66,51,0.7413,-0.4283,-1.049,    60,-0.006634,0
5688.55000001193,67,51,0.7441,-0.4331,-1.056,    60,-0.006634,0
5688.60000001193,67,53,0.7469,-0.4381,-1.063,    60,-0.006634,0
5688.65000001193,66,54,0.7496,-0.443,-1.069,    60,-0.006634,0
5688.70000001193,66,52,0.7523,-0.4479,-1.075,    60,-0.006634,0
5688.75000001193,66,52,0.7549,-0.4528,-1.082,    60,-0.006634,0
5688.80000001193,65,54,0.7575,-0.4578,-1.087,    60,-0.006634,0
5688.85000001193,64,53,0.7601,-0.4627,-1.092,    60,-0.006634,0
5688.90000001193,68,55,0.7627,-0.4678,-1.098,    60,-0.006634,0
5688.95000001193,69,55,0.7654,-0.4731,-1.105,    60,-0.006634,0
5689.00000001193,66,54,0.7679,-0.4781,-1.111,    60,-0.006634,0
5689.05000001193,65,53,0.7704,-0.4831,-1.116,    60,-0.006634,0
5689.10000001193,65,51,0.7728,-0.488,-1.123,    60,-0.006634,0
5689.15000001193,67,51,0.7751,-0.4931, -1.13,    60,-0.006634,0
5689.20000001193,65,53,0.7775,-0.4981,-1.136,    60,-0.006634,0
5689.25000001193,65,53,0.7798,-0.5032,-1.142,    60,-0.006634,0
5689.30000001193,67,52,0.7822,-0.5083,-1.149,    60,-0.006634,0
5689.35000001193,66,55,0.7845,-0.5135,-1.154,    60,-0.006634,0
5689.40000001193,70,53,0.7868,-0.5188,-1.162,    60,-0.006634,0
5689.45000001193,70,55,0.7891,-0.5242,-1.169,    60,-0.006634,0
5689.50000001193,68,53,0.7913,-0.5295,-1.176,    60,-0.006634,0
5689.55000001193,67,53,0.7935,-0.5347,-1.183,    60,-0.006634,0
5689.60000001193,66,52,0.7956,-0.5399,-1.189,    60,-0.006634,0
5689.65000001193,68,53,0.7977,-0.5452,-1.196,    60,-0.006634,0
5689.70000001193,69,53,0.7998,-0.5506,-1.204,    60,-0.006634,0
5689.75000001193,71,53,0.8019,-0.556,-1.212,    60,-0.006634,0
5689.80000001193,69,53,0.8039,-0.5614, -1.22,    60,-0.006634,0
5689.85000001193,68,54,0.8058,-0.5668,-1.227,    60,-0.006634,0
5689.90000001193,67,53,0.8077,-0.5722,-1.233,    60,-0.006634,0
5689.95000001193,68,53,0.8096,-0.5776, -1.24,    60,-0.006634,0
5690.00000001193,68,53,0.8114,-0.583,-1.247,    60,-0.006634,0
5690.05000001193,67,53,0.8132,-0.5883,-1.254,    60,-0.006634,0
5690.10000001193,67,52,0.8149,-0.5937,-1.261,    60,-0.006634,0
5690.15000001193,66,53,0.8166,-0.599,-1.267,    60,-0.006634,0
5690.20000001194,68,53,0.8183,-0.6045,-1.274,    60,-0.006634,0
5690.25000001194,67,52,0.8199,-0.6099,-1.281,    60,-0.006634,0
5690.30000001194,67,54,0.8215,-0.6153,-1.287,    60,-0.006634,0
5690.35000001194,69,54,0.8231,-0.6209,-1.295,    60,-0.006634,0
5690.40000001194,69,54,0.8247,-0.6265,-1.302,    60,-0.006634,0
5690.45000001194,67,52,0.8262,-0.6319,-1.309,    60,-0.006634,0
5690.50000001194,65,52,0.8276,-0.6373,-1.315,    60,-0.006634,0
5690.55000001194,66,53, 0.829,-0.6427,-1.321,    60,-0.006634,0
5690.60000001194,65,52,0.8304,-0.648,-1.327,    60,-0.006634,0
5690.65000001194,68,52,0.8317,-0.6535,-1.335,    60,-0.006634,0
5690.70000001194,68,54, 0.833,-0.6591,-1.341,    60,-0.006634,0
5690.75000001194,68,54,0.8343,-0.6648,-1.348,    60,-0.006634,0
5690.80000001194,64,50,0.8355, -0.67,-1.354,    60,-0.006634,0
5690.85000001194,63,51,0.8366,-0.6753, -1.36,    60,-0.006634,0
5690.90000001194,67,54,0.8378,-0.6808,-1.366,    60,-0.006634,0
5690.95000001194,66,56, 0.839,-0.6865,-1.371,    60,-0.006634,0
5691.00000001194,67,52,0.8401,-0.692,-1.378,    60,-0.006634,0
5691.05000001194,67,54,0.8411,-0.6976,-1.384,    60,-0.006634,0
5691.10000001194,68,53,0.8422,-0.7032,-1.391,    60,-0.006634,0
5691.15000001194,64,54,0.8431,-0.7087,-1.396,    60,-0.006634,0
5691.20000001194,66,53,0.8441,-0.7142,-1.402,    60,-0.006634,0
5691.25000001194,67,52, 0.845,-0.7198,-1.409,    60,-0.006634,0
5691.30000001194,65,53,0.8459,-0.7253,-1.415,    60,-0.006634,0
5691.35000001194,62,52,0.8467,-0.7306, -1.42,    60,-0.006634,0
5691.40000001194,65,51,0.8475,-0.736,-1.426,    60,-0.006634,0
5691.45000001194,68,52,0.8483,-0.7416,-1.434,    60,-0.006634,0
5691.50000001194,69,55,0.8491,-0.7474, -1.44,    60,-0.006634,0
5691.55000001194,68,54,0.8498,-0.7531,-1.447,    60,-0.006634,0
5691.60000001194,68,54,0.8505,-0.7588,-1.454,    60,-0.006634,0
5691.65000001194,68,55,0.8512,-0.7646, -1.46,    60,-0.006634,0
5691.70000001194,70,54,0.8518,-0.7704,-1.467,    60,-0.006634,0
5691.75000001194,69,53,0.8524,-0.7761,-1.475,    60,-0.006634,0
5691.80000001194,69,53,0.8529,-0.7818,-1.482,    60,-0.006634,0
5691.85000001194,68,51,0.8534,-0.7874, -1.49,    60,-0.006634,0
5691.90000001194,67,51,0.8538,-0.793,-1.498,    60,-0.006634,0
5691.95000001194,67,53,0.8542,-0.7986,-1.505,    60,-0.006634,0
5692.00000001194,68,53,0.8546,-0.8043,-1.512,    60,-0.006634,0
5692.05000001194,71,54,0.8549,-0.8102, -1.52,    60,-0.006634,0
5692.10000001194,69,55,0.8552,-0.8161,-1.526,    60,-0.006634,0
5692.15000001194,68,53,0.8554,-0.8218,-1.533,    60,-0.006634,0
5692.20000001194,63,50,0.8556,-0.8271,-1.539,    60,-0.006634,0
5692.25000001194,64,50,0.8558,-0.8325,-1.546,    60,-0.006634,0
5692.30000001194,68,53,0.8559,-0.8382,-1.553,    60,-0.006634,0
5692.35000001194,66,54, 0.856,-0.8438,-1.559,    60,-0.006634,0
5692.40000001194,69,55, 0.856,-0.8497,-1.565,    60,-0.006634,0
5692.45000001194,69,55, 0.856,-0.8555,-1.572,    60,-0.006634,0
5692.50000001194,70,56, 0.856,-0.8615,-1.579,    60,-0.006634,0
5692.55000001194,67,52,0.8559,-0.8671,-1.586,    60,-0.006634,0
5692.60000001194,63,50,0.8558,-0.8724,-1.592,    60,-0.006634,0
5692.65000001194,65,50,0.8557,-0.8779,-1.599,    60,-0.006634,0
5692.70000001194,67,54,0.8555,-0.8836,-1.605,    60,-0.006634,0
5692.75000001194,68,51,0.8553,-0.8892,-1.613,    60,-0.006634,0
5692.80000001194,69,53, 0.855,-0.8949,-1.621,    60,-0.006634,0
5692.85000001194,67,56,0.8547,-0.9007,-1.626,    60,-0.006634,0
5692.90000001194,66,53,0.8544,-0.9063,-1.632,    60,-0.006634,0
5692.95000001195,62,52,0.8541,-0.9117,-1.637,    60,-0.006634,0
5693.00000001195,65,52,0.8537,-0.9172,-1.643,    60,-0.006634,0
5693.05000001195,66,55,0.8533,-0.9229,-1.648,    60,-0.006634,0
5693.10000001195,67,53,0.8528,-0.9285,-1.655,    60,-0.006634,0
5693.15000001195,66,54,0.8523,-0.9342, -1.66,    60,-0.006634,0
5693.20000001195,67,55,0.8518,-0.9399,-1.666,    60,-0.006634,0
5693.25000001195,66,53,0.8513,-0.9455,-1.672,    60,-0.006634,0
5693.30000001195,67,52,0.8507,-0.9511,-1.679,    60,-0.006634,0
5693.35000001195,66,52,  0.85,-0.9566,-1.686,    60,-0.006634,0
5693.40000001195,65,51,0.8494,-0.962,-1.692,    60,-0.006634,0
5693.45000001195,63,51,0.8487,-0.9674,-1.698,    60,-0.006634,0
5693.50000001195,67,53, 0.848,-0.973,-1.705,    60,-0.006634,0
5693.55000001195,70,56,0.8472,-0.9789,-1.711,    60,-0.006634,0
5693.60000001195,70,54,0.8463,-0.9847,-1.719,    60,-0.006634,0
5693.65000001195,68,54,0.8455,-0.9904,-1.725,    60,-0.006634,0
5693.70000001195,67,51,0.8446,-0.9959,-1.733,    60,-0.006634,0
5693.75000001195,68,53,0.8437,-1.001, -1.74,    60,-0.006634,0
5693.80000001195,68,53,0.8427,-1.007,-1.747,    60,-0.006634,0
5693.85000001195,68,54,0.8416,-1.013,-1.754,    60,-0.006634,0
5693.90000001195,69,54,0.8406,-1.018,-1.761,    60,-0.006634,0
5693.95000001195,69,54,0.8395,-1.024,-1.768,    60,-0.006634,0
5694.00000001195,67,52,0.8383, -1.03,-1.775,    60,-0.006634,0
5694.05000001195,65,51,0.8372,-1.035,-1.781,    60,-0.006634,0
5694.10000001195,68,53, 0.836,-1.041,-1.789,    60,-0.006634,0
5694.15000001195,71,54,0.8347,-1.046,-1.797,    60,-0.006634,0
5694.20000001195,68,54,0.8334,-1.052,-1.803,    60,-0.006634,0
5694.25000001195,68,54,0.8321,-1.058, -1.81,    60,-0.006634,0
5694.30000001195,67,52,0.8307,-1.063,-1.817,    60,-0.006634,0
5694.35000001195,65,52,0.8293,-1.068,-1.823,    60,-0.006634,0
5694.40000001195,67,51,0.8279,-1.074, -1.83,    60,-0.006634,0
5694.45000001195,66,53,0.8265,-1.079,-1.837,    60,-0.006634,0
5694.50000001195,65,54, 0.825,-1.085,-1.842,    60,-0.006634,0
5694.55000001195,68,53,0.8234, -1.09,-1.849,    60,-0.006634,0
5694.60000001195,70,53,0.8218,-1.096,-1.857,    60,-0.006634,0
5694.65000001195,67,52,0.8202,-1.101,-1.864,    60,-0.006634,0
5694.70000001195,65,54,0.8186,-1.106,-1.869,    60,-0.006634,0
5694.75000001195,68,54,0.8169,-1.112,-1.876,    60,-0.006634,0
5694.80000001195,68,53,0.8151,-1.117,-1.883,    60,-0.006634,0
5694.85000001195,65,53,0.8134,-1.123,-1.889,    60,-0.006634,0
5694.90000001195,66,53,0.8116,-1.128,-1.895,    60,-0.006634,0
5694.95000001195,65,52,0.8099,-1.133,-1.901,    60,-0.006634,0
5695.00000001195,66,51,0.8081,-1.138,-1.908,    60,-0.006634,0
5695.05000001195,64,52,0.8062,-1.144,-1.914,    60,-0.006634,0
5695.10000001195,66,53,0.8043,-1.149, -1.92,    60,-0.006634,0
5695.15000001195,68,55,0.8023,-1.154,-1.926,    60,-0.006634,0
5695.20000001195,67,54,0.8003, -1.16,-1.932,    60,-0.006634,0
5695.25000001195,67,53,0.7983,-1.165,-1.939,    60,-0.006634,0
5695.30000001195,67,54,0.7963, -1.17,-1.945,    60,-0.006634,0
5695.35000001195,64,53,0.7942,-1.175, -1.95,    60,-0.006634,0
5695.40000001195,66,51,0.7922, -1.18,-1.957,    60,-0.006634,0
5695.45000001195,66,53,  0.79,-1.186,-1.963,    60,-0.006634,0
5695.50000001195,65,54,0.7879,-1.191,-1.968,    60,-0.006634,0
5695.55000001195,65,52,0.7857,-1.196,-1.974,    60,-0.006634,0
5695.60000001195,65,53,0.7835,-1.201, -1.98,    60,-0.006634,0
5695.65000001195,69,53,0.7812,-1.206,-1.988,    60,-0.006634,0
5695.70000001196,69,54,0.7788,-1.212,-1.995,    60,-0.006634,0
5695.75000001196,68,54,0.7765,-1.217,-2.001,    60,-0.006634,0
5695.80000001196,70,54, 0.774,-1.222,-2.009,    60,-0.006634,0
5695.85000001196,69,55,0.7715,-1.227,-2.015,    60,-0.006634,0
5695.90000001196,67,51,0.7691,-1.232,-2.023,    60,-0.006634,0
5695.95000001196,67,51,0.7666,-1.237,-2.031,    60,-0.006634,0
5696.00000001196,69,52,0.7641,-1.243,-2.039,    60,-0.006634,0
5696.05000001196,68,52,0.7615,-1.248,-2.046,    60,-0.006634,0
5696.10000001196,68,52,0.7589,-1.253,-2.054,    60,-0.006634,0
5696.15000001196,68,54,0.7562,-1.258, -2.06,    60,-0.006634,0
5696.20000001196,69,55,0.7534,-1.263,-2.067,    60,-0.006634,0
5696.25000001196,71,54,0.7506,-1.268,-2.075,    60,-0.006634,0
5696.30000001196,67,53,0.7479,-1.273,-2.081,    60,-0.006634,0
5696.35000001196,66,52,0.7451,-1.278,-2.088,    60,-0.006634,0
5696.40000001196,65,52,0.7424,-1.283,-2.094,    60,-0.006634,0
5696.45000001196,66,51,0.7396,-1.287,-2.101,    60,-0.006634,0
5696.50000001196,67,54,0.7367,-1.292,-2.107,    60,-0.006634,0
5696.55000001196,67,55,0.7337,-1.297,-2.113,    60,-0.006634,0
5696.60000001196,66,53,0.7308,-1.302,-2.119,    60,-0.006634,0
5696.65000001196,67,53,0.7279,-1.307,-2.126,    60,-0.006634,0
5696.70000001196,68,52,0.7249,-1.312,-2.133,    60,-0.006634,0
5696.75000001196,67,55,0.7218,-1.317,-2.139,    60,-0.006634,0
5696.80000001196,65,53,0.7188,-1.321,-2.145,    60,-0.006634,0
5696.85000001196,66,52,0.7157,-1.326,-2.151,    60,-0.006634,0
5696.90000001196,69,54,0.7125,-1.331,-2.158,    60,-0.006634,0
5696.95000001196,69,54,0.7093,-1.336,-2.165,    60,-0.006634,0
5697.00000001196,68,52,0.7061, -1.34,-2.173,    60,-0.006634,0
5697.05000001196,65,52, 0.703,-1.345,-2.179,    60,-0.006634,0
5697.10000001196,64,51,0.6999,-1.349,-2.185,    60,-0.006634,0
5697.15000001196,65,52,0.6967,-1.354,-2.191,    60,-0.006634,0
5697.20000001196,63,52,0.6935,-1.358,-2.197,    60,-0.006634,0
5697.25000001196,68,53,0.6901,-1.363,-2.204,    60,-0.006634,0
5697.30000001196,68,54,0.6867,-1.367, -2.21,    60,-0.006634,0
5697.35000001196,67,53,0.6833,-1.372,-2.217,    60,-0.006634,0
5697.40000001196,66,56,0.6798,-1.377,-2.222,    60,-0.006634,0
5697.45000001196,68,54,0.6763,-1.381,-2.228,    60,-0.006634,0
5697.50000001196,67,54,0.6728,-1.386,-2.234,    60,-0.006634,0
5697.55000001196,63,52,0.6695, -1.39, -2.24,    60,-0.006634,0
5697.60000001196,63,52,0.6661,-1.394,-2.245,    60,-0.006634,0
5697.65000001196,65,51,0.6627,-1.398,-2.251,    60,-0.006634,0
5697.70000001196,67,52,0.6591,-1.403,-2.258,    60,-0.006634,0
5697.75000001196,70,55,0.6554,-1.407,-2.265,    60,-0.006634,0
5697.80000001196,69,55,0.6516,-1.412,-2.272,    60,-0.006634,0
5697.85000001196,67,52, 0.648,-1.416,-2.279,    60,-0.006634,0
5697.90000001196,68,53,0.6442, -1.42,-2.286,    60,-0.006634,0
5697.95000001196,67,51,0.6406,-1.425,-2.294,    60,-0.006634,0
5698.00000001196,67,53,0.6368,-1.429,  -2.3,    60,-0.006634,0
5698.05000001196,70,55,0.6329,-1.433,-2.307,    60,-0.006634,0
5698.10000001196,71,56,0.6288,-1.438,-2.315,    60,-0.006634,0
5698.15000001196,69,52, 0.625,-1.442,-2.323,    60,-0.006634,0
5698.20000001196,65,51,0.6212,-1.446,-2.329,    60,-0.006634,0
5698.25000001196,67,54,0.6173, -1.45,-2.335,    60,-0.006634,0
5698.30000001196,70,55,0.6132,-1.454,-2.342,    60,-0.006634,0
5698.35000001196,71,55, 0.609,-1.458, -2.35,    60,-0.006634,0
5698.40000001196,68,53, 0.605,-1.462,-2.357,    60,-0.006634,0
5698.45000001197,67,53, 0.601,-1.466,-2.364,    60,-0.006634,0
5698.50000001197,65,52, 0.597, -1.47, -2.37,    60,-0.006634,0
5698.55000001197,64,51,0.5931,-1.474,-2.376,    60,-0.006634,0
5698.60000001197,65,51,0.5892,-1.478,-2.382,    60,-0.006634,0
5698.65000001197,66,53,0.5851,-1.482,-2.389,    60,-0.006634,0
5698.70000001197,69,52,0.5809,-1.486,-2.397,    60,-0.006634,0
5698.75000001197,71,54,0.5765, -1.49,-2.405,    60,-0.006634,0
5698.80000001197,68,53,0.5723,-1.493,-2.412,    60,-0.006634,0
5698.85000001197,67,54, 0.568,-1.497,-2.418,    60,-0.006634,0
5698.90000001197,67,54,0.5637,-1.501,-2.424,    60,-0.006634,0
5698.95000001197,67,52,0.5595,-1.505,-2.431,    60,-0.006634,0
5699.00000001197,67,51,0.5553,-1.508,-2.439,    60,-0.006634,0
5699.05000001197,68,54,0.5509,-1.512,-2.445,    60,-0.006634,0
5699.10000001197,68,54,0.5464,-1.516,-2.452,    60,-0.006634,0
5699.15000001197,65,52,0.5422,-1.519,-2.458,    60,-0.006634,0
5699.20000001197,65,51,0.5379,-1.523,-2.465,    60,-0.006634,0
5699.25000001197,65,54,0.5335,-1.526, -2.47,    60,-0.006634,0
5699.30000001197,65,53,0.5292,-1.529,-2.475,    60,-0.006634,0
5699.35000001197,66,52,0.5248,-1.533,-2.482,    60,-0.006634,0
5699.40000001197,67,55,0.5202,-1.536,-2.488,    60,-0.006634,0
5699.45000001197,68,55,0.5156, -1.54,-2.494,    60,-0.006634,0
5699.50000001197,65,54,0.5111,-1.543,-2.499,    60,-0.006634,0
5699.55000001197,65,52,0.5067,-1.547,-2.505,    60,-0.006634,0
5699.60000001197,65,51,0.5023, -1.55,-2.512,    60,-0.006634,0
5699.65000001197,64,53,0.4978,-1.553,-2.517,    60,-0.006634,0
5699.70000001197,64,52,0.4934,-1.556,-2.523,    45,-0.004975,0
5699.75000001197,60,45,0.4893,-1.559, -2.53,    45,-0.004975,0
5699.80000001197,53,31,0.4861,-1.561, -2.54,    45,-0.004975,0
5699.85000001197,46,38,0.4828,-1.564,-2.544,    45,-0.004975,0
5699.90000001197,41,40,0.4796,-1.566,-2.544,    45,-0.004975,0
5699.95000001197,50,40,0.4761,-1.568,-2.549,    45,-0.004975,0
5700.00000001197,53,43,0.4723,-1.571,-2.554,    45,-0.004975,0
5700.05000001197,56,42,0.4685,-1.573, -2.56,    45,-0.004975,0
5700.10000001197,51,42,0.4648,-1.576,-2.565,    45,-0.004975,0
5700.15000001197,49,37,0.4614,-1.578, -2.57,    45,-0.004975,0
5700.20000001197,48,37, 0.458, -1.58,-2.575,    45,-0.004975,0
5700.25000001197,50,40,0.4544,-1.582, -2.58,    45,-0.004975,0
5700.30000001197,55,43,0.4505,-1.585,-2.586,    45,-0.004975,0
5700.35000001197,53,42,0.4467,-1.587,-2.591,    45,-0.004975,0
5700.40000001197,52,40, 0.443,-1.589,-2.597,    45,-0.004975,0
5700.45000001197,50,39,0.4394,-1.591,-2.602,    45,-0.004975,0
5700.50000001197,49,37,0.4359,-1.594,-2.608,    45,-0.004975,0
5700.55000001197,48,39,0.4324,-1.596,-2.612,    45,-0.004975,0
5700.60000001197,53,41,0.4286,-1.598,-2.617,    45,-0.004975,0
5700.65000001197,53,42,0.4247,  -1.6,-2.623,    45,-0.004975,0
5700.70000001197,52,42,0.4208,-1.602,-2.627,    45,-0.004975,0
5700.75000001197,50,40,0.4171,-1.604,-2.632,    45,-0.004975,0
5700.80000001197,49,39,0.4135,-1.606,-2.637,    45,-0.004975,0
5700.85000001197,46,38,  0.41,-1.608,-2.641,    45,-0.004975,0
5700.90000001197,47,36,0.4066, -1.61,-2.646,    45,-0.004975,0
5700.95000001197,50,41,0.4028,-1.612, -2.65,    45,-0.004975,0
5701.00000001197,52,41,0.3989,-1.614,-2.655,    45,-0.004975,0
5701.05000001197,51,41,0.3951,-1.616, -2.66,    45,-0.004975,0
5701.10000001197,49,41,0.3913,-1.618,-2.664,    45,-0.004975,0
5701.15000001198,52,42,0.3874, -1.62,-2.668,    45,-0.004975,0
5701.20000001198,54,43,0.3833,-1.622,-2.674,    45,-0.004975,0
5701.25000001198,51,38,0.3795,-1.624, -2.68,    45,-0.004975,0
5701.30000001198,48,38,0.3759,-1.626,-2.684,    45,-0.004975,0
5701.35000001198,47,38,0.3723,-1.628,-2.689,    45,-0.004975,0
5701.40000001198,48,39,0.3686, -1.63,-2.693,    45,-0.004975,0
5701.45000001198,51,40,0.3647,-1.631,-2.698,    45,-0.004975,0
5701.50000001198,50,42,0.3608,-1.633,-2.702,    45,-0.004975,0
5701.55000001198,52,40,0.3569,-1.635,-2.708,    45,-0.004975,0
5701.60000001198,51,42,0.3529,-1.637,-2.712,    45,-0.004975,0
5701.65000001198,49,40,0.3491,-1.639,-2.716,    45,-0.004975,0
5701.70000001198,51,40,0.3451, -1.64,-2.721,    45,-0.004975,0
5701.75000001198,48,40,0.3414,-1.642,-2.725,    45,-0.004975,0
5701.80000001198,49,38,0.3376,-1.644, -2.73,    45,-0.004975,0
5701.85000001198,47,39,0.3339,-1.645,-2.734,    45,-0.004975,0
5701.90000001198,48,37,0.3302,-1.647,-2.739,    45,-0.004975,0
5701.95000001198,47,41,0.3264,-1.649,-2.742,    45,-0.004975,0
5702.00000001198,51,41,0.3224, -1.65,-2.747,    45,-0.004975,0
5702.05000001198,52,43,0.3182,-1.652,-2.751,    45,-0.004975,0
5702.10000001198,50,42,0.3142,-1.654,-2.755,    45,-0.004975,0
5702.15000001198,51,41,0.3102,-1.655,-2.759,    45,-0.004975,0
5702.20000001198,48,39,0.3064,-1.657,-2.764,    45,-0.004975,0
5702.25000001198,49,39,0.3025,-1.658,-2.768,    45,-0.004975,0
5702.30000001198,48,39,0.2987, -1.66,-2.773,    45,-0.004975,0
5702.35000001198,49,39,0.2948,-1.661,-2.777,    45,-0.004975,0
5702.40000001198,46,39,0.2911,-1.663,-2.781,    45,-0.004975,0
5702.45000001198,48,40,0.2872,-1.664,-2.784,    45,-0.004975,0
5702.50000001198,49,42,0.2831,-1.666,-2.788,    45,-0.004975,0
5702.55000001198,50,42,0.2791,-1.667,-2.792,    45,-0.004975,0
5702.60000001198,51,40, 0.275,-1.669,-2.797,    45,-0.004975,0
5702.65000001198,53,41,0.2709, -1.67,-2.802,    45,-0.004975,0
5702.70000001198,52,39,0.2668,-1.672,-2.808,    45,-0.004975,0
5702.75000001198,49,40,0.2628,-1.673,-2.813,    45,-0.004975,0
5702.80000001198,49,39,0.2589,-1.674,-2.817,    45,-0.004975,0
5702.85000001198,51,40,0.2548,-1.676,-2.823,    45,-0.004975,0
5702.90000001198,51,41,0.2507,-1.677,-2.827,    45,-0.004975,0
5702.95000001198,53,40,0.2465,-1.678,-2.833,    45,-0.004975,0
5703.00000001198,51,42,0.2423, -1.68,-2.838,    45,-0.004975,0
5703.05000001198,52,38,0.2383,-1.681,-2.844,    45,-0.004975,0
5703.10000001198,50,39,0.2343,-1.682, -2.85,    45,-0.004975,0
5703.15000001198,50,38,0.2303,-1.683,-2.855,    45,-0.004975,0
5703.20000001198,51,40,0.2262,-1.684, -2.86,    45,-0.004975,0
5703.25000001198,52,40, 0.222,-1.686,-2.866,    45,-0.004975,0
5703.30000001198,51,41,0.2178,-1.687,-2.871,    45,-0.004975,0
5703.35000001198,51,42,0.2136,-1.688,-2.875,    45,-0.004975,0
5703.40000001198,52,39,0.2094,-1.689,-2.881,    45,-0.004975,0
5703.45000001198,51,41,0.2052, -1.69,-2.886,    45,-0.004975,0
5703.50000001198,51,40,0.2011,-1.691,-2.891,    45,-0.004975,0
5703.55000001198,50,40, 0.197,-1.692,-2.896,    45,-0.004975,0
5703.60000001198,49,41,0.1929,-1.693,  -2.9,    45,-0.004975,0
5703.65000001198,51,39,0.1887,-1.694,-2.905,    45,-0.004975,0
5703.70000001198,48,40,0.1847,-1.695,-2.909,    45,-0.004975,0
5703.75000001198,49,39,0.1806,-1.696,-2.914,    45,-0.004975,0
5703.80000001198,49,38,0.1766,-1.697,-2.919,    45,-0.004975,0
5703.85000001198,50,40,0.1725,-1.698,-2.924,    45,-0.004975,0
5703.90000001199,50,41,0.1683,-1.699,-2.928,    45,-0.004975,0
5703.95000001199,52,42, 0.164,  -1.7,-2.933,    45,-0.004975,0
5704.00000001199,50,39,0.1599,-1.701,-2.938,    45,-0.004975,0
5704.05000001199,51,39,0.1557,-1.702,-2.943,    45,-0.004975,0
5704.10000001199,49,40,0.1516,-1.703,-2.948,    45,-0.004975,0
5704.15000001199,50,41,0.1474,-1.703,-2.952,    45,-0.004975,0
5704.20000001199,49,40,0.1432,-1.704,-2.956,    45,-0.004975,0
5704.25000001199,50,39,0.1391,-1.705,-2.961,    45,-0.004975,0
5704.30000001199,50,41,0.1349,-1.706,-2.966,    45,-0.004975,0
5704.35000001199,50,38,0.1308,-1.706,-2.971,    45,-0.004975,0
5704.40000001199,49,39,0.1267,-1.707,-2.976,    45,-0.004975,0
5704.45000001199,50,41,0.1225,-1.708, -2.98,    45,-0.004975,0
5704.50000001199,52,40,0.1182,-1.708,-2.986,    45,-0.004975,0
5704.55000001199,47,39,0.1142,-1.709, -2.99,    45,-0.004975,0
5704.60000001199,48,38,0.1102, -1.71,-2.994,    45,-0.004975,0
5704.65000001199,47,40,0.1061, -1.71,-2.998,    45,-0.004975,0
5704.70000001199,50,41,0.1019,-1.711,-3.002,    45,-0.004975,0
5704.75000001199,50,41,0.0976,-1.711,-3.006,    45,-0.004975,0
5704.80000001199,51,39,0.09339,-1.712,-3.012,    45,-0.004975,0
5704.85000001199,49,40,0.08923,-1.713,-3.016,    45,-0.004975,0
5704.90000001199,50,40,0.08502,-1.713,-3.021,    45,-0.004975,0
5704.95000001199,51,41,0.08071,-1.714,-3.026,    45,-0.004975,0
5705.00000001199,50,41,0.07644,-1.714, -3.03,    45,-0.004975,0
5705.05000001199,50,40,0.07222,-1.715,-3.034,    45,-0.004975,0
5705.10000001199,47,40,0.06814,-1.715,-3.038,    45,-0.004975,0
5705.15000001199,48,38,0.0641,-1.715,-3.042,    45,-0.004975,0
5705.20000001199,48,41,0.05992,-1.716,-3.046,    45,-0.004975,0
5705.25000001199,48,39,0.05584,-1.716, -3.05,    45,-0.004975,0
5705.30000001199,47,39,0.0518,-1.717,-3.054,    45,-0.004975,0
5705.35000001199,48,42,0.04757,-1.717,-3.057,    45,-0.004975,0
5705.40000001199,51,40,0.04329,-1.717,-3.062,    45,-0.004975,0
5705.45000001199,53,40,0.03891,-1.718,-3.068,    45,-0.004975,0
5705.50000001199,51,40,0.03463,-1.718,-3.073,    45,-0.004975,0
5705.55000001199,50,41,0.03035,-1.718,-3.077,    45,-0.004975,0
5705.60000001199,48,39,0.02625,-1.718,-3.082,    45,-0.004975,0
5705.65000001199,52,41,0.02187,-1.719,-3.087,    45,-0.004975,0
5705.70000001199,52,42,0.01744,-1.719,-3.092,    45,-0.004975,0
5705.75000001199,52,41,0.01306,-1.719,-3.097,    45,-0.004975,0
5705.80000001199,51,39,0.008816,-1.719,-3.102,    45,-0.004975,0
5705.85000001199,52,40,0.004478,-1.719,-3.108,    45,-0.004975,0
5705.90000001199,51,40,0.0001872, -1.72,-3.113,    45,-0.004975,0
5705.95000001199,50,39,-0.00401, -1.72,-3.118,    45,-0.004975,0
5706.00000001199,52,41,-0.008397, -1.72,-3.124,    45,-0.004975,0
5706.05000001199,52,40,-0.01274, -1.72,-3.129,    45,-0.004975,0
5706.10000001199,51,40,-0.01703, -1.72,-3.134,    45,-0.004975,0
5706.15000001199,49,39,-0.02118, -1.72,-3.139,    45,-0.004975,0
5706.20000001199,51,39,-0.02543, -1.72,-3.145,    45,-0.004975,0
5706.25000001199,52,40,-0.02977, -1.72,-3.151,     0,     0,1
5706.30000001199,28,19,-0.03198, -1.72,-3.155,     0,     0,1
5706.35000001199,5,0,-0.03222, -1.72,-3.157,     0,     0,1
5706.40000001199,0,0,-0.03222, -1.72,-3.157,     0,     0,1
5706.45000001199,0,0,-0.03222, -1.72,-3.157,     0,     0,0
5706.50000001199,0,0,-0.03222, -1.72,-3.157,     0,     0,0
5706.55000001199,0,0,-0.03222, -1.72,-3.157,     0,     0,0
5706.60000001199,0,0,-0.03222, -1.72,-3.157,     0,     0,0
5706.650000012,0,0,-0.03222, -1.72,-3.157,     0,     0,0
5706.700000012,0,0,-0.03222, -1.72,-3.157,     0,     0,0
5706.750000012,0,0,-0.03222, -1.72,-3.157,     0,     0,0
5706.800000012,0,0,-0.03222, -1.72,-3.157,     0,     0,0
5706.850000012,0,0,-0.03222, -1.72,-3.157,     0,     0,0
5706.900000012,0,0,-0.03222, -1.72,-3.157,     0,     0,0
5706.950000012,0,0,-0.03222, -1.72,-3.157,     0,     0,0
5707.000000012,0,0,-0.03222, -1.72,-3.157,     0,     0,0
5707.050000012,0,0,-0.03222, -1.72,-3.157,     0,     0,0
5707.100000012,0,0,-0.03222, -1.72,-3.157,     0,     0,0
5707.150000012,0,0,-0.03222, -1.72,-3.157,     0,     0,0
5707.200000012,0,0,-0.03222, -1.72,-3.157,     0,     0,0
5707.250000012,0,0,-0.03222, -1.72,-3.157,     0,     0,0
5707.300000012,0,0,-0.03222, -1.72,-3.157,     0,     0,0
5707.350000012,0,0,-0.03222, -1.72,-3.157,     0,     0,0
5707.400000012,0,0,-0.03222, -1.72,-3.157,     0,     0,0
5707.450000012,0,0,-0.03222, -1.72,-3.157,     0,     0,0
5707.500000012,0,0,-0.03222, -1.72,-3.157,     0,     0,0
5707.550000012,0,0,-0.03222, -1.72,-3.157,     0,     0,0
5707.600000012,0,0,-0.03222, -1.72,-3.157,     0,     0,0
5707.650000012,0,0,-0.03222, -1.72,-3.157,     0,     0,0
5707.700000012,0,0,-0.03222, -1.72,-3.157,     0,     0,0
5707.750000012,0,0,-0.03222, -1.72,-3.157,     0,     0,0
5707.800000012,0,0,-0.03222, -1.72,-3.157,     0,     0,0
5707.850000012,0,0,-0.03222, -1.72,-3.157,     0,     0,0
5707.900000012,0,0,-0.03222, -1.72,-3.157,     0,     0,0
5707.950000012,0,0,-0.03222, -1.72,-3.157,     0,     0,0
5708.000000012,0,0,-0.03222, -1.72,-3.157,     0,     0,0
5708.050000012,0,0,-0.03222, -1.72,-3.157,     0,     0,0
5708.100000012,0,0,-0.03222, -1.72,-3.157,     0,     0,0
5708.150000012,0,0,-0.03222, -1.72,-3.157,     0,     0,0
5708.200000012,0,0,-0.03222, -1.72,-3.157,     0,     0,0
5708.250000012,0,0,-0.03222, -1.72,-3.157,     0,     0,0
5708.300000012,0,0,-0.03222, -1.72,-3.157,     0,     0,0
5708.350000012,0,0,-0.03222, -1.72,-3.157,     0,     0,0
5708.400000012,0,0,-0.03222, -1.72,-3.157,     0,     0,0
5708.450000012,0,0,-0.03222, -1.72,-3.157,     0,     0,0
5708.500000012,0,0,-0.03222, -1.72,-3.157,     0,     0,0
5708.550000012,0,0,-0.03222, -1.72,-3.157,     0,     0,0
5708.600000012,0,0,-0.03222, -1.72,-3.157,     0,     0,0
5708.650000012,0,0,-0.03222, -1.72,-3.157,     0,     0,0
5708.700000012,0,0,-0.03222, -1.72,-3.157,     0,     0,0
5708.750000012,0,0,-0.03222, -1.72,-3.157,     0,     0,0
5708.800000012,0,0,-0.03222, -1.72,-3.157,     0,     0,0
5708.850000012,0,0,-0.03222, -1.72,-3.157,     0,     0,0
5708.900000012,0,0,-0.03222, -1.72,-3.157,     0,     0,0
5708.950000012,0,0,-0.03222, -1.72,-3.157,     0,     0,0
5709.000000012,0,0,-0.03222, -1.72,-3.157,     0,     0,0
5709.050000012,0,0,-0.03222, -1.72,-3.157,     0,     0,0
5709.100000012,0,0,-0.03222, -1.72,-3.157,     0,     0,0
5709.150000012,0,0,-0.03222, -1.72,-3.157,     0,     0,0
5709.200000012,0,0,-0.03222, -1.72,-3.157,     0,     0,0
5709.250000012,0,0,-0.03222, -1.72,-3.157,     0,     0,0
5709.300000012,0,0,-0.03222, -1.72,-3.157,     0,     0,0
5709.350000012,0,0,-0.03222, -1.72,-3.157,     0,     0,0
5709.40000001201,0,0,-0.03222, -1.72,-3.157,     0,     0,0
5709.45000001201,0,0,-0.03222, -1.72,-3.157,     0,     0,0
5709.50000001201,0,0,-0.03222, -1.72,-3.157,     0,     0,0
5709.55000001201,0,0,-0.03222, -1.72,-3.157,     0,     0,0
5709.60000001201,0,0,-0.03222, -1.72,-3.157,     0,     0,0
5709.65000001201,0,0,-0.03222, -1.72,-3.157,     0,     0,0
5709.70000001201,0,0,-0.03222, -1.72,-3.157,     0,     0,0
5709.75000001201,0,0,-0.03222, -1.72,-3.157,     0,     0,0
5709.80000001201,0,0,-0.03222, -1.72,-3.157,     0,     0,0
5709.85000001201,0,0,-0.03222, -1.72,-3.157,     0,     0,0
5709.90000001201,0,0,-0.03222, -1.72,-3.157,     0,     0,0
5709.95000001201,0,0,-0.03222, -1.72,-3.157,     0,     0,0
5710.00000001201,0,0,-0.03222, -1.72,-3.157,     0,     0,0
5710.05000001201,0,0,-0.03222, -1.72,-3.157,     0,     0,0
5710.10000001201,0,0,-0.03222, -1.72,-3.157,     0,     0,0
5710.15000001201,0,0,-0.03222, -1.72,-3.157,     0,     0,0
5710.20000001201,0,0,-0.03222, -1.72,-3.157,     0,     0,0
5710.25000001201,0,0,-0.03222, -1.72,-3.157,     0,     0,0
5710.30000001201,0,0,-0.03222, -1.72,-3.157,     0,     0,0
5710.35000001201,0,0,-0.03222, -1.72,-3.157,     0,     0,0
5710.40000001201,0,0,-0.03222, -1.72,-3.157,     0,     0,0
5710.45000001201,0,0,-0.03222, -1.72,-3.157,     0,     0,0
5710.50000001201,0,0,-0.03222, -1.72,-3.157,     0,     0,0
5710.55000001201,0,0,-0.03222, -1.72,-3.157,     0,     0,0
5710.60000001201,0,0,-0.03222, -1.72,-3.157,     0,     0,0
5710.65000001201,0,0,-0.03222, -1.72,-3.157,     0,     0,0
5710.70000001201,0,0,-0.03222, -1.72,-3.157,     0,     0,0
5710.75000001201,0,0,-0.03222, -1.72,-3.157,     0,     0,0
5710.80000001201,0,0,-0.03222, -1.72,-3.157,     0,     0,0
5710.85000001201,0,0,-0.03222, -1.72,-3.157,     0,     0,0
5710.90000001201,0,0,-0.03222, -1.72,-3.157,     0,     0,0
5710.95000001201,0,0,-0.03222, -1.72,-3.157,     0,     0,0
5711.00000001201,0,0,-0.03222, -1.72,-3.157,     0,     0,0
5711.05000001201,0,0,-0.03222, -1.72,-3.157,     0,     0,0
5711.10000001201,0,0,-0.03222, -1.72,-3.157,     0,     0,0
5711.15000001201,0,0,-0.03222, -1.72,-3.157,     0,     0,0
5711.20000001201,0,0,-0.03222, -1.72,-3.157,     0,     0,0
5711.25000001201,0,0,-0.03222, -1.72,-3.157,     0,     0,0
5711.30000001201,0,0,-0.03222, -1.72,-3.157,     0,     0,0
5711.35000001201,0,0,-0.03222, -1.72,-3.157,     0,     0,0
5711.40000001201,0,0,-0.03222, -1.72,-3.157,     0,     0,0
5711.45000001201,0,0,-0.03222, -1.72,-3.157,     0,     0,0
5711.50000001201,0,0,-0.03222, -1.72,-3.157,     0,     0,0
5711.55000001201,0,0,-0.03222, -1.72,-3.157,     0,     0,0
5711.60000001201,0,0,-0.03222, -1.72,-3.157,     0,     0,0
5711.65000001201,0,0,-0.03222, -1.72,-3.157,     0,     0,0
5711.70000001201,0,0,-0.03222, -1.72,-3.157,     0,     0,0
5711.75000001201,0,0,-0.03222, -1.72,-3.157,     0,     0,0
5711.80000001201,0,0,-0.03222, -1.72,-3.157,     0,     0,0
5711.85000001201,0,0,-0.03222, -1.72,-3.157,     0,     0,0
5711.90000001201,0,0,-0.03222, -1.72,-3.157,     0,     0,0
5711.95000001201,0,0,-0.03222, -1.72,-3.157,     0,     0,0
5712.00000001201,0,0,-0.03222, -1.72,-3.157,     0,     0,0
5712.05000001201,0,0,-0.03222, -1.72,-3.157,     0,     0,0
5712.10000001201,0,0,-0.03222, -1.72,-3.157,     0,     0,0
5712.15000001202,0,0,-0.03222, -1.72,-3.157,     0,     0,0
5712.20000001202,0,0,-0.03222, -1.72,-3.157,     0,     0,0
5712.25000001202,0,0,-0.03222, -1.72,-3.157,     0,     0,0
5712.30000001202,0,0,-0.03222, -1.72,-3.157,     0,     0,0
5712.35000001202,0,0,-0.03222, -1.72,-3.157,     0,     0,0
5712.40000001202,0,0,-0.03222, -1.72,-3.157,     0,     0,0
5712.45000001202,0,0,-0.03222, -1.72,-3.157,     0,     0,0
5712.50000001202,0,0,-0.03222, -1.72,-3.157,     0,     0,0
5712.55000001202,0,0,-0.03222, -1.72,-3.157,     0,     0,0
5712.60000001202,0,0,-0.03222, -1.72,-3.157,     0,     0,0
5712.65000001202,0,0,-0.03222, -1.72,-3.157,     0,     0,0
5712.70000001202,0,0,-0.03222, -1.72,-3.157,     0,     0,0
5712.75000001202,0,0,-0.03222, -1.72,-3.157,     0,     0,0
5712.80000001202,0,0,-0.03222, -1.72,-3.157,     0,     0,0
5712.85000001202,0,0,-0.03222, -1.72,-3.157,     0,     0,0
5712.90000001202,0,0,-0.03222, -1.72,-3.157,     0,     0,0
5712.95000001202,0,0,-0.03222, -1.72,-3.157,     0,     0,0
5713.00000001202,0,0,-0.03222, -1.72,-3.157,     0,     0,0
5713.05000001202,0,0,-0.03222, -1.72,-3.157,     0,     0,0
5713.10000001202,0,0,-0.03222, -1.72,-3.157,     0,     0,0
5713.15000001202,0,0,-0.03222, -1.72,-3.157,     0,     0,0
5713.20000001202,0,0,-0.03222, -1.72,-3.157,     0,     0,0
5713.25000001202,0,0,-0.03222, -1.72,-3.157,     0,     0,0
5713.30000001202,0,0,-0.03222, -1.72,-3.157,     0,     0,0
5713.35000001202,0,0,-0.03222, -1.72,-3.157,     0,     0,0
5713.40000001202,0,0,-0.03222, -1.72,-3.157,     0,     0,0
5713.45000001202,0,0,-0.03222, -1.72,-3.157,     0,     0,0
5713.50000001202,0,0,-0.03222, -1.72,-3.157,     0,     0,0
5713.55000001202,0,0,-0.03222, -1.72,-3.157,     0,     0,0
5713.60000001202,0,0,-0.03222, -1.72,-3.157,     0,     0,0
5713.65000001202,0,0,-0.03222, -1.72,-3.157,     0,     0,0
5713.70000001202,0,0,-0.03222, -1.72,-3.157,     0,     0,0
5713.75000001202,0,0,-0.03222, -1.72,-3.157,     0,     0,0
5713.80000001202,0,0,-0.03222, -1.72,-3.157,     0,     0,0
5713.85000001202,0,0,-0.03222, -1.72,-3.157,     0,     0,0
5713.90000001202,0,0,-0.03222, -1.72,-3.157,     0,     0,0
5713.95000001202,0,0,-0.03222, -1.72,-3.157,     0,     0,0
5714.00000001202,0,0,-0.03222, -1.72,-3.157,     0,     0,0
5714.05000001202,0,0,-0.03222, -1.72,-3.157,     0,     0,0
5714.10000001202,0,0,-0.03222, -1.72,-3.157,     0,     0,0
5714.15000001202,0,0,-0.03222, -1.72,-3.157,     0,     0,0
5714.20000001202,0,0,-0.03222, -1.72,-3.157,     0,     0,0
5714.25000001202,0,0,-0.03222, -1.72,-3.157,     0,     0,0
5714.30000001202,0,0,-0.03222, -1.72,-3.157,     0,     0,0
5714.35000001202,0,0,-0.03222, -1.72,-3.157,     0,     0,0
5714.40000001202,0,0,-0.03222, -1.72,-3.157,     0,     0,0
5714.45000001202,0,0,-0.03222, -1.72,-3.157,     0,     0,0
5714.50000001202,0,0,-0.03222, -1.72,-3.157,     0,     0,0
5714.55000001202,0,0,-0.03222, -1.72,-3.157,     0,     0,0
5714.60000001202,0,0,-0.03222, -1.72,-3.157,     0,     0,0
5714.65000001202,0,0,-0.03222, -1.72,-3.157,     0,     0,0
5714.70000001202,0,0,-0.03222, -1.72,-3.157,     0,     0,0
5714.75000001202,0,0,-0.03222, -1.72,-3.157,     0,     0,0
5714.80000001202,0,0,-0.03222, -1.72,-3.157,     0,     0,0
5714.85000001202,0,0,-0.03222, -1.72,-3.157,     0,     0,0
5714.90000001203,0,0,-0.03222, -1.72,-3.157,     0,     0,0
5714.95000001203,0,0,-0.03222, -1.72,-3.157,     0,     0,0
5715.00000001203,0,0,-0.03222, -1.72,-3.157,     0,     0,0
5715.05000001203,0,0,-0.03222, -1.72,-3.157,     0,     0,0
5715.10000001203,0,0,-0.03222, -1.72,-3.157,     0,     0,0
5715.15000001203,0,0,-0.03222, -1.72,-3.157,     0,     0,0
5715.20000001203,0,0,-0.03222, -1.72,-3.157,     0,     0,0
5715.25000001203,0,0,-0.03222, -1.72,-3.157,     0,     0,0
5715.30000001203,0,0,-0.03222, -1.72,-3.157,     0,     0,0
5715.35000001203,0,0,-0.03222, -1.72,-3.157,     0,     0,0
5715.40000001203,0,0,-0.03222, -1.72,-3.157,     0,     0,0
5715.45000001203,0,0,-0.03222, -1.72,-3.157,     0,     0,0
5715.50000001203,0,0,-0.03222, -1.72,-3.157,     0,     0,0
5715.55000001203,0,0,-0.03222, -1.72,-3.157,     0,     0,0
5715.60000001203,0,0,-0.03222, -1.72,-3.157,     0,     0,0
5715.65000001203,0,0,-0.03222, -1.72,-3.157,     0,     0,0
5715.70000001203,0,0,-0.03222, -1.72,-3.157,     0,     0,0
5715.75000001203,0,0,-0.03222, -1.72,-3.157,     0,     0,0
5715.80000001203,0,0,-0.03222, -1.72,-3.157,     0,     0,0
5715.85000001203,0,0,-0.03222, -1.72,-3.157,     0,     0,0
5715.90000001203,0,0,-0.03222, -1.72,-3.157,     0,     0,0
5715.95000001203,0,0,-0.03222, -1.72,-3.157,     0,     0,0
5716.00000001203,0,0,-0.03222, -1.72,-3.157,     0,     0,0
5716.05000001203,0,0,-0.03222, -1.72,-3.157,     0,     0,0
5716.10000001203,0,0,-0.03222, -1.72,-3.157,     0,     0,0
5716.15000001203,0,0,-0.03222, -1.72,-3.157,     0,     0,0
5716.20000001203,0,0,-0.03222, -1.72,-3.157,     0,     0,0
5716.25000001203,0,0,-0.03222, -1.72,-3.157,     0,     0,0
5716.30000001203,0,0,-0.03222, -1.72,-3.157,     0,     0,0
5716.35000001203,0,0,-0.03222, -1.72,-3.157,     0,     0,0
5716.40000001203,0,0,-0.03222, -1.72,-3.157,     0,     0,0
5716.45000001203,0,0,-0.03222, -1.72,-3.157,     0,     0,0
5716.50000001203,0,0,-0.03222, -1.72,-3.157,     0,     0,0
5716.55000001203,0,0,-0.03222, -1.72,-3.157,     0,     0,0
5716.60000001203,0,0,-0.03222, -1.72,-3.157,     0,     0,0
5716.65000001203,0,0,-0.03222, -1.72,-3.157,     0,     0,0
5716.70000001203,0,0,-0.03222, -1.72,-3.157,     0,     0,0
5716.75000001203,0,0,-0.03222, -1.72,-3.157,     0,     0,0
5716.80000001203,0,0,-0.03222, -1.72,-3.157,     0,     0,0
5716.85000001203,0,0,-0.03222, -1.72,-3.157,     0,     0,0
5716.90000001203,0,0,-0.03222, -1.72,-3.157,     0,     0,0
5716.95000001203,0,0,-0.03222, -1.72,-3.157,     0,     0,0
5717.00000001203,0,0,-0.03222, -1.72,-3.157,     0,     0,0
5717.05000001203,0,0,-0.03222, -1.72,-3.157,     0,     0,0
5717.10000001203,0,0,-0.03222, -1.72,-3.157,     0,     0,0
5717.15000001203,0,0,-0.03222, -1.72,-3.157,     0,     0,0
5717.20000001203,0,0,-0.03222, -1.72,-3.157,     0,     0,0
5717.25000001203,0,0,-0.03222, -1.72,-3.157,     0,     0,0
5717.30000001203,0,0,-0.03222, -1.72,-3.157,     0,     0,0
5717.35000001203,0,0,-0.03222, -1.72,-3.157,     0,     0,0
5717.40000001203,0,0,-0.03222, -1.72,-3.157,     0,     0,0
5717.45000001203,0,0,-0.03222, -1.72,-3.157,     0,     0,0
5717.50000001203,0,0,-0.03222, -1.72,-3.157,     0,     0,0
5717.55000001203,0,0,-0.03222, -1.72,-3.157,     0,     0,0
5717.60000001203,0,0,-0.03222, -1.72,-3.157,     0,     0,0
5717.65000001204,0,0,-0.03222, -1.72,-3.157,     0,     0,0
5717.70000001204,0,0,-0.03222, -1.72,-3.157,     0,     0,0
5717.75000001204,0,0,-0.03222, -1.72,-3.157,     0,     0,0
5717.80000001204,0,0,-0.03222, -1.72,-3.157,     0,     0,0
5717.85000001204,0,0,-0.03222, -1.72,-3.157,     0,     0,0
5717.90000001204,0,0,-0.03222, -1.72,-3.157,     0,     0,0
5717.95000001204,0,0,-0.03222, -1.72,-3.157,     0,     0,0
5718.00000001204,0,0,-0.03222, -1.72,-3.157,     0,     0,0
5718.05000001204,0,0,-0.03222, -1.72,-3.157,     0,     0,0
5718.10000001204,0,0,-0.03222, -1.72,-3.157,     0,     0,0
5718.15000001204,0,0,-0.03222, -1.72,-3.157,     0,     0,0
5718.20000001204,0,-1,-0.03217, -1.72,-3.158,     0,     0,0
5718.25000001204,0,-1,-0.03213, -1.72,-3.158,     0,     0,0
5718.30000001204,-2,0,-0.03203, -1.72,-3.157,     0,     0,0
5718.35000001204,-1,0,-0.03198, -1.72,-3.157,     0,     0,0
5718.40000001204,0,0,-0.03198, -1.72,-3.157,     0,     0,0
5718.45000001204,0,0,-0.03198, -1.72,-3.157,     0,     0,0
5718.50000001204,0,0,-0.03198, -1.72,-3.157,     0,     0,0
5718.55000001204,0,0,-0.03198, -1.72,-3.157,     0,     0,0
5718.60000001204,0,0,-0.03198, -1.72,-3.157,     0,     0,0
5718.65000001204,0,0,-0.03198, -1.72,-3.157,     0,     0,0
5718.70000001204,0,0,-0.03198, -1.72,-3.157,     0,     0,0
5718.75000001204,0,0,-0.03198, -1.72,-3.157,     0,     0,0
5718.80000001204,0,0,-0.03198, -1.72,-3.157,     0,     0,0
5718.85000001204,0,0,-0.03198, -1.72,-3.157,     0,     0,0
5718.90000001204,0,0,-0.03198, -1.72,-3.157,     0,     0,0
5718.95000001204,0,0,-0.03198, -1.72,-3.157,     0,     0,0
5719.00000001204,0,0,-0.03198, -1.72,-3.157,     0,     0,0
5719.05000001204,0,0,-0.03198, -1.72,-3.157,     0,     0,0
5719.10000001204,0,0,-0.03198, -1.72,-3.157,     0,     0,0
5719.15000001204,0,0,-0.03198, -1.72,-3.157,     0,     0,0
5719.20000001204,0,0,-0.03198, -1.72,-3.157,     0,     0,0
5719.25000001204,0,0,-0.03198, -1.72,-3.157,     0,     0,0
5719.30000001204,0,0,-0.03198, -1.72,-3.157,     0,     0,0
5719.35000001204,0,0,-0.03198, -1.72,-3.157,     0,     0,0
5719.40000001204,0,0,-0.03198, -1.72,-3.157,     0,     0,0
5719.45000001204,0,0,-0.03198, -1.72,-3.157,     0,     0,0
5719.50000001204,0,0,-0.03198, -1.72,-3.157,     0,     0,0
5719.55000001204,0,0,-0.03198, -1.72,-3.157,     0,     0,0
5719.60000001204,0,0,-0.03198, -1.72,-3.157,     0,     0,0
5719.65000001204,0,0,-0.03198, -1.72,-3.157,     0,     0,0
5719.70000001204,0,0,-0.03198, -1.72,-3.157,     0,     0,0
5719.75000001204,0,0,-0.03198, -1.72,-3.157,     0,     0,0
5719.80000001204,0,0,-0.03198, -1.72,-3.157,     0,     0,0
5719.85000001204,0,0,-0.03198, -1.72,-3.157,     0,     0,0
5719.90000001204,0,0,-0.03198, -1.72,-3.157,     0,     0,0
5719.95000001204,0,0,-0.03198, -1.72,-3.157,     0,     0,0
5720.00000001204,0,0,-0.03198, -1.72,-3.157,     0,     0,0
5720.05000001204,0,0,-0.03198, -1.72,-3.157,     0,     0,0
5720.10000001204,0,0,-0.03198, -1.72,-3.157,     0,     0,0
5720.15000001204,0,0,-0.03198, -1.72,-3.157,     0,     0,0
5720.20000001204,0,0,-0.03198, -1.72,-3.157,     0,     0,0
5720.25000001204,0,0,-0.03198, -1.72,-3.157,     0,     0,0
5720.30000001204,0,0,-0.03198, -1.72,-3.157,     0,     0,0
5720.35000001204,0,0,-0.03198, -1.72,-3.157,     0,     0,0
5720.40000001205,0,0,-0.03198, -1.72,-3.157,     0,     0,0
5720.45000001205,0,0,-0.03198, -1.72,-3.157,     0,     0,0
5720.50000001205,0,0,-0.03198, -1.72,-3.157,     0,     0,0
5720.55000001205,0,0,-0.03198, -1.72,-3.157,     0,     0,0
5720.60000001205,0,0,-0.03198, -1.72,-3.157,     0,     0,0
5720.65000001205,0,0,-0.03198, -1.72,-3.157,     0,     0,0
5720.70000001205,0,0,-0.03198, -1.72,-3.157,     0,     0,0
5720.75000001205,0,0,-0.03198, -1.72,-3.157,     0,     0,0
5720.80000001205,0,0,-0.03198, -1.72,-3.157,     0,     0,0
5720.85000001205,0,0,-0.03198, -1.72,-3.157,     0,     0,0
5720.90000001205,0,0,-0.03198, -1.72,-3.157,     0,     0,0
5720.95000001205,0,0,-0.03198, -1.72,-3.157,     0,     0,0
5721.00000001205,0,0,-0.03198, -1.72,-3.157,     0,     0,0
5721.05000001205,0,0,-0.03198, -1.72,-3.157,     0,     0,0
5721.10000001205,0,0,-0.03198, -1.72,-3.157,     0,     0,0
5721.15000001205,0,0,-0.03198, -1.72,-3.157,     0,     0,0
5721.20000001205,0,0,-0.03198, -1.72,-3.157,     0,     0,0
5721.25000001205,0,0,-0.03198, -1.72,-3.157,     0,     0,0
5721.30000001205,0,0,-0.03198, -1.72,-3.157,     0,     0,0
5721.35000001205,0,0,-0.03198, -1.72,-3.157,     0,     0,0
5721.40000001205,0,0,-0.03198, -1.72,-3.157,     0,     0,0
5721.45000001205,0,0,-0.03198, -1.72,-3.157,     0,     0,0
5721.50000001205,0,0,-0.03198, -1.72,-3.157,     0,     0,0
5721.55000001205,0,0,-0.03198, -1.72,-3.157,     0,     0,0
5721.60000001205,0,0,-0.03198, -1.72,-3.157,     0,     0,0
5721.65000001205,0,0,-0.03198, -1.72,-3.157,     0,     0,0
5721.70000001205,0,0,-0.03198, -1.72,-3.157,     0,     0,0
5721.75000001205,0,0,-0.03198, -1.72,-3.157,     0,     0,0
5721.80000001205,0,0,-0.03198, -1.72,-3.157,     0,     0,0
5721.85000001205,0,0,-0.03198, -1.72,-3.157,     0,     0,0
5721.90000001205,0,0,-0.03198, -1.72,-3.157,     0,     0,0
5721.95000001205,0,0,-0.03198, -1.72,-3.157,     0,     0,0
5722.00000001205,0,0,-0.03198, -1.72,-3.157,     0,     0,0
5722.05000001205,0,0,-0.03198, -1.72,-3.157,     0,     0,0
5722.10000001205,0,0,-0.03198, -1.72,-3.157,     0,     0,0
5722.15000001205,0,0,-0.03198, -1.72,-3.157,     0,     0,0
5722.20000001205,0,0,-0.03198, -1.72,-3.157,     0,     0,0
5722.25000001205,0,0,-0.03198, -1.72,-3.157,     0,     0,0
5722.30000001205,0,0,-0.03198, -1.72,-3.157,     0,     0,0
5722.35000001205,0,0,-0.03198, -1.72,-3.157,     0,     0,0
5722.40000001205,0,0,-0.03198, -1.72,-3.157,     0,     0,0
5722.45000001205,0,0,-0.03198, -1.72,-3.157,     0,     0,0
5722.50000001205,0,0,-0.03198, -1.72,-3.157,     0,     0,0
5722.55000001205,0,0,-0.03198, -1.72,-3.157,     0,     0,0
5722.60000001205,0,0,-0.03198, -1.72,-3.157,     0,     0,0
5722.65000001205,0,0,-0.03198, -1.72,-3.157,     0,     0,0
5722.70000001205,0,0,-0.03198, -1.72,-3.157,     0,     0,0
5722.75000001205,0,0,-0.03198, -1.72,-3.157,     0,     0,0
5722.80000001205,0,0,-0.03198, -1.72,-3.157,     0,     0,0
5722.85000001205,0,0,-0.03198, -1.72,-3.157,     0,     0,0
5722.90000001205,0,0,-0.03198, -1.72,-3.157,     0,     0,0
5722.95000001205,0,0,-0.03198, -1.72,-3.157,     0,     0,0
5723.00000001205,0,0,-0.03198, -1.72,-3.157,     0,     0,0
5723.05000001205,0,0,-0.03198, -1.72,-3.157,     0,     0,0
5723.10000001205,0,0,-0.03198, -1.72,-3.157,     0,     0,0
5723.15000001206,0,0,-0.03198, -1.72,-3.157,     0,     0,0
5723.20000001206,0,0,-0.03198, -1.72,-3.157,     0,     0,0
5723.25000001206,0,0,-0.03198, -1.72,-3.157,     0,     0,0
5723.30000001206,0,0,-0.03198, -1.72,-3.157,     0,     0,0
5723.35000001206,0,0,-0.03198, -1.72,-3.157,     0,     0,0
5723.40000001206,0,0,-0.03198, -1.72,-3.157,     0,     0,0
5723.45000001206,0,0,-0.03198, -1.72,-3.157,     0,     0,0
5723.50000001206,0,0,-0.03198, -1.72,-3.157,     0,     0,0
5723.55000001206,0,0,-0.03198, -1.72,-3.157,     0,     0,0
5723.60000001206,0,0,-0.03198, -1.72,-3.157,     0,     0,0
5723.65000001206,0,0,-0.03198, -1.72,-3.157,     0,     0,0
5723.70000001206,0,0,-0.03198, -1.72,-3.157,     0,     0,0
5723.75000001206,0,0,-0.03198, -1.72,-3.157,     0,     0,0
5723.80000001206,0,0,-0.03198, -1.72,-3.157,     0,     0,0
5723.85000001206,0,0,-0.03198, -1.72,-3.157,     0,     0,0
5723.90000001206,0,0,-0.03198, -1.72,-3.157,     0,     0,0
5723.95000001206,0,0,-0.03198, -1.72,-3.157,     0,     0,0
5724.00000001206,0,0,-0.03198, -1.72,-3.157,     0,     0,0
5724.05000001206,0,0,-0.03198, -1.72,-3.157,     0,     0,0
5724.10000001206,0,0,-0.03198, -1.72,-3.157,     0,     0,0
5724.15000001206,0,0,-0.03198, -1.72,-3.157,     0,     0,0
5724.20000001206,0,0,-0.03198, -1.72,-3.157,     0,     0,0
5724.25000001206,0,0,-0.03198, -1.72,-3.157,     0,     0,0
5724.30000001206,0,0,-0.03198, -1.72,-3.157,     0,     0,0
5724.35000001206,0,0,-0.03198, -1.72,-3.157,     0,     0,0
5724.40000001206,0,0,-0.03198, -1.72,-3.157,     0,     0,0
5724.45000001206,0,0,-0.03198, -1.72,-3.157,     0,     0,0
5724.50000001206,0,0,-0.03198, -1.72,-3.157,     0,     0,0
5724.55000001206,0,0,-0.03198, -1.72,-3.157,     0,     0,0
5724.60000001206,0,0,-0.03198, -1.72,-3.157,     0,     0,0
5724.65000001206,0,0,-0.03198, -1.72,-3.157,     0,     0,0
5724.70000001206,0,0,-0.03198, -1.72,-3.157,     0,     0,0
5724.75000001206,0,0,-0.03198, -1.72,-3.157,     0,     0,0
5724.80000001206,0,0,-0.03198, -1.72,-3.157,     0,     0,0
5724.85000001206,0,0,-0.03198, -1.72,-3.157,     0,     0,0
5724.90000001206,0,0,-0.03198, -1.72,-3.157,     0,     0,0
5724.95000001206,0,0,-0.03198, -1.72,-3.157,     0,     0,0
5725.00000001206,0,0,-0.03198, -1.72,-3.157,     0,     0,0
5725.05000001206,0,0,-0.03198, -1.72,-3.157,     0,     0,0
5725.10000001206,0,0,-0.03198, -1.72,-3.157,     0,     0,0
5725.15000001206,0,0,-0.03198, -1.72,-3.157,     0,     0,0
5725.20000001206,0,0,-0.03198, -1.72,-3.157,     0,     0,0
5725.25000001206,0,0,-0.03198, -1.72,-3.157,     0,     0,0
5725.30000001206,0,0,-0.03198, -1.72,-3.157,     0,     0,0
5725.35000001206,0,0,-0.03198, -1.72,-3.157,     0,     0,0
5725.40000001206,0,0,-0.03198, -1.72,-3.157,     0,     0,0
5725.45000001206,0,0,-0.03198, -1.72,-3.157,     0,     0,0
5725.50000001206,0,0,-0.03198, -1.72,-3.157,     0,     0,0
5725.55000001206,0,0,-0.03198, -1.72,-3.157,     0,     0,0
5725.60000001206,0,0,-0.03198, -1.72,-3.157,     0,     0,0
5725.65000001206,0,0,-0.03198, -1.72,-3.157,     0,     0,0
5725.70000001206,0,0,-0.03198, -1.72,-3.157,     0,     0,0
5725.75000001206,0,0,-0.03198, -1.72,-3.157,     0,     0,0
++++++++++,++++++++++,++++++++++,++++++++++,++++++++++,++++++++++,++++++++++,++++++++++,++++++++++,++++++++++,++++++++++,++++++++++
Run:,2
5725.80000001206,0,0,     0,     0,     0,    60,0.006634,0
5725.85000001206,16,28,0.002076,5.876E-6,0.005661,    60,0.006634,0
5725.90000001207,37,55,0.006416,0.00004888,0.01415,    60,0.006634,0
5725.95000001207,63,75,0.01293,0.0001594,0.01981,    60,0.006634,0
5726.00000001207,69,81,  0.02,0.0003197,0.02548,    60,0.006634,0
5726.05000001207,65,77,0.0267,0.0005093,0.03114,    60,0.006634,0
5726.10000001207,57,69,0.03264,0.0007112,0.0368,    60,0.006634,0
5726.15000001207,50,64,0.03801,0.0009268,0.0434,    60,0.006634,0
5726.20000001207,47,61,0.0431,0.001165,0.05001,    60,0.006634,0
5726.25000001207,51,65,0.04857,0.001456,0.05661,    60,0.006634,0
5726.30000001207,52,68,0.05422,0.001798,0.06416,    60,0.006634,0
5726.35000001207,56,70,0.06015,0.002199,0.07077,    60,0.006634,0
5726.40000001207,51,66,0.06565,0.002608,0.07784,    60,0.006634,0
5726.45000001207,51,65,0.07111,0.003052,0.08445,    60,0.006634,0
5726.50000001207,52,65,0.07661,0.003535,0.09058,    60,0.006634,0
5726.55000001207,55,67,0.08234,0.004071,0.09624,    60,0.006634,0
5726.60000001207,55,70,0.0882,0.004659,0.1033,    60,0.006634,0
5726.65000001207,56,68,0.09402,0.005279, 0.109,    60,0.006634,0
5726.70000001207,54,69,0.09979,0.00593,0.1161,    60,0.006634,0
5726.75000001207,51,68,0.1054,0.006603,0.1241,    60,0.006634,0
5726.80000001207,51,65,0.1108,0.007298,0.1307,    60,0.006634,0
5726.85000001207,50,65,0.1162,0.008024,0.1378,    60,0.006634,0
5726.90000001207,50,65,0.1215,0.008788,0.1448,    60,0.006634,0
5726.95000001207,51,68,0.1271,0.009621,0.1529,    60,0.006634,0
5727.00000001207,53,69,0.1328,0.01052,0.1604,    60,0.006634,0
5727.05000001207,54,69,0.1385,0.01147,0.1675,    60,0.006634,0
5727.10000001207,54,68,0.1442,0.01244,0.1741,    60,0.006634,0
5727.15000001207,54,67,0.1498,0.01345,0.1802,    60,0.006634,0
5727.20000001207,52,67,0.1553,0.01448,0.1873,    60,0.006634,0
5727.25000001207,51,67,0.1608,0.01553,0.1948,    60,0.006634,0
5727.30000001207,52,67,0.1663,0.01664,0.2019,    60,0.006634,0
5727.35000001207,52,66,0.1717,0.01777,0.2085,    60,0.006634,0
5727.40000001207,53,64,0.1771,0.01893,0.2137,    60,0.006634,0
5727.45000001207,50,67,0.1825,0.02012,0.2217,    60,0.006634,0
5727.50000001207,51,68, 0.188,0.02138,0.2298,    60,0.006634,0
5727.55000001207,50,67,0.1934,0.02266,0.2378,    60,0.006634,0
5727.60000001207,53,67,0.1989,0.02401,0.2444,    60,0.006634,0
5727.65000001207,54,68,0.2044,0.02542, 0.251,    60,0.006634,0
5727.70000001207,55,69,0.2101,0.02689,0.2576,    60,0.006634,0
5727.75000001207,54,69,0.2157,0.02839,0.2647,    60,0.006634,0
5727.80000001207,53,68,0.2212,0.0299,0.2717,    60,0.006634,0
5727.85000001207,53,66,0.2266,0.03143,0.2779,    60,0.006634,0
5727.90000001207,54,65, 0.232,0.03298,0.2831,    60,0.006634,0
5727.95000001207,54,67,0.2375,0.03459,0.2892,    60,0.006634,0
5728.00000001207,54,68, 0.243,0.03625,0.2958,    60,0.006634,0
5728.05000001207,55,65,0.2484,0.03791,0.3005,    60,0.006634,0
5728.10000001207,55,67,0.2539,0.03963,0.3062,    60,0.006634,0
5728.15000001207,55,68,0.2594,0.0414,0.3123,    60,0.006634,0
5728.20000001207,53,66,0.2648,0.04314,0.3185,    60,0.006634,0
5728.25000001207,54,66,0.2701,0.04493,0.3241,    60,0.006634,0
5728.30000001207,53,67,0.2755,0.04675,0.3307,    60,0.006634,0
5728.35000001207,53,67,0.2808,0.04861,0.3373,    60,0.006634,0
5728.40000001207,55,69,0.2864,0.05056,0.3439,    60,0.006634,0
5728.45000001207,55,69,0.2919,0.05255,0.3505,    60,0.006634,0
5728.50000001207,53,68,0.2972,0.05453,0.3576,    60,0.006634,0
5728.55000001207,52,65,0.3024,0.05648,0.3637,    60,0.006634,0
5728.60000001207,51,66,0.3075,0.05846,0.3708,    60,0.006634,0
5728.65000001208,53,64,0.3127,0.06047, 0.376,    60,0.006634,0
5728.70000001208,52,66,0.3178,0.06254,0.3826,    60,0.006634,0
5728.75000001208,55,68,0.3232,0.06472,0.3887,    60,0.006634,0
5728.80000001208,55,69,0.3286,0.06695,0.3954,    60,0.006634,0
5728.85000001208,53,68,0.3339,0.06917,0.4024,    60,0.006634,0
5728.90000001208,53,67,0.3391,0.0714, 0.409,    60,0.006634,0
5728.95000001208,51,65,0.3441,0.0736,0.4156,    60,0.006634,0
5729.00000001208,53,64,0.3491,0.07584,0.4208,    60,0.006634,0
5729.05000001208,51,66,0.3542,0.07811,0.4279,    60,0.006634,0
5729.10000001208,54,69,0.3594,0.08054, 0.435,    60,0.006634,0
5729.15000001208,53,70,0.3647,0.08301, 0.443,    60,0.006634,0
5729.20000001208,55,67,0.3699,0.08549,0.4487,    60,0.006634,0
5729.25000001208,55,69,0.3752,0.08804,0.4553,    60,0.006634,0
5729.30000001208,51,66,0.3801,0.09049,0.4623,    60,0.006634,0
5729.35000001208,52,65, 0.385,0.09296,0.4685,    60,0.006634,0
5729.40000001208,52,68,0.3901,0.09554, 0.476,    60,0.006634,0
5729.45000001208,53,68,0.3951,0.09817,0.4831,    60,0.006634,0
5729.50000001208,51,66,   0.4,0.1008,0.4902,    60,0.006634,0
5729.55000001208,50,64,0.4048,0.1033,0.4968,    60,0.006634,0
5729.60000001208,51,68,0.4097, 0.106,0.5048,    60,0.006634,0
5729.65000001208,52,67,0.4146,0.1087,0.5119,    60,0.006634,0
5729.70000001208,55,67,0.4196,0.1116,0.5175,    60,0.006634,0
5729.75000001208,54,68,0.4246,0.1144,0.5241,    60,0.006634,0
5729.80000001208,54,69,0.4296,0.1174,0.5312,    60,0.006634,0
5729.85000001208,53,68,0.4345,0.1203,0.5383,    60,0.006634,0
5729.90000001208,52,67,0.4393,0.1232,0.5454,    60,0.006634,0
5729.95000001208,52,67,0.4441,0.1261,0.5525,    60,0.006634,0
5730.00000001208,51,67,0.4488, 0.129,  0.56,    60,0.006634,0
5730.05000001208,52,66,0.4535, 0.132,0.5666,    60,0.006634,0
5730.10000001208,49,67,0.4582, 0.135,0.5751,    60,0.006634,0
5730.15000001208,51,66,0.4628, 0.138,0.5822,    60,0.006634,0
5730.20000001208,50,67,0.4674, 0.141,0.5902,    60,0.006634,0
5730.25000001208,53,67,0.4721,0.1442,0.5968,    60,0.006634,0
5730.30000001208,54,68,0.4768,0.1474,0.6034,    60,0.006634,0
5730.35000001208,55,68,0.4816,0.1507,0.6095,    60,0.006634,0
5730.40000001208,55,68,0.4863,0.1541,0.6157,    60,0.006634,0
5730.45000001208,51,66,0.4908,0.1573,0.6227,    60,0.006634,0
5730.50000001208,53,67,0.4954,0.1606,0.6294,    60,0.006634,0
5730.55000001208,56,68,0.5001,0.1641, 0.635,    60,0.006634,0
5730.60000001208,55,69,0.5048,0.1675,0.6416,    60,0.006634,0
5730.65000001208,56,68,0.5095,0.1711,0.6473,    60,0.006634,0
5730.70000001208,55,67,0.5141,0.1745,0.6529,    60,0.006634,0
5730.75000001208,55,66,0.5186, 0.178,0.6581,    60,0.006634,0
5730.80000001208,53,65, 0.523,0.1814,0.6638,    60,0.006634,0
5730.85000001208,53,67,0.5275,0.1849,0.6704,    60,0.006634,0
5730.90000001208,55,66,0.5319,0.1885,0.6756,    60,0.006634,0
5730.95000001208,53,68,0.5364,0.1921,0.6827,    60,0.006634,0
5731.00000001208,54,67,0.5408,0.1957,0.6888,    60,0.006634,0
5731.05000001208,55,67,0.5452,0.1994,0.6945,    60,0.006634,0
5731.10000001208,55,67,0.5496,0.2031,0.7001,    60,0.006634,0
5731.15000001208,51,66,0.5538,0.2066,0.7072,    60,0.006634,0
5731.20000001208,52,66,0.5581,0.2103,0.7138,    60,0.006634,0
5731.25000001208,50,65,0.5621,0.2138,0.7209,    60,0.006634,0
5731.30000001208,53,64,0.5663,0.2175,0.7261,    60,0.006634,0
5731.35000001208,54,69,0.5706,0.2214,0.7331,    60,0.006634,0
5731.40000001209,55,69,0.5749,0.2253,0.7397,    60,0.006634,0
5731.45000001209,54,69,0.5792,0.2292,0.7468,    60,0.006634,0
5731.50000001209,54,68,0.5834,0.2331,0.7534,    60,0.006634,0
5731.55000001209,55,66,0.5876,0.2371,0.7586,    60,0.006634,0
5731.60000001209,52,65,0.5916,0.2409,0.7648,    60,0.006634,0
5731.65000001209,52,65,0.5955,0.2447,0.7709,    60,0.006634,0
5731.70000001209,53,69,0.5997,0.2487,0.7784,    60,0.006634,0
5731.75000001209,51,68,0.6036,0.2527,0.7865,    60,0.006634,0
5731.80000001209,53,67,0.6076,0.2567,0.7931,    60,0.006634,0
5731.85000001209,53,68,0.6116,0.2608,0.8001,    60,0.006634,0
5731.90000001209,54,68,0.6156,0.2649,0.8067,    60,0.006634,0
5731.95000001209,54,68,0.6196,0.2691,0.8133,    60,0.006634,0
5732.00000001209,54,67,0.6235,0.2733,0.8195,    60,0.006634,0
5732.05000001209,53,67,0.6273,0.2774,0.8261,    60,0.006634,0
5732.10000001209,50,66, 0.631,0.2814,0.8336,    60,0.006634,0
5732.15000001209,50,65,0.6347,0.2855,0.8407,    60,0.006634,0
5732.20000001209,49,67,0.6383,0.2896,0.8492,    60,0.006634,0
5732.25000001209,53,68,0.6421,0.2939,0.8563,    60,0.006634,0
5732.30000001209,52,68,0.6457,0.2982,0.8638,    60,0.006634,0
5732.35000001209,54,68,0.6495,0.3025,0.8704,    60,0.006634,0
5732.40000001209,52,70,0.6532, 0.307,0.8789,    60,0.006634,0
5732.45000001209,53,66,0.6567,0.3113,0.8851,    60,0.006634,0
5732.50000001209,52,65,0.6602,0.3156,0.8912,    60,0.006634,0
5732.55000001209,51,66,0.6637,0.3199,0.8983,    60,0.006634,0
5732.60000001209,54,69,0.6673,0.3244,0.9053,    60,0.006634,0
5732.65000001209,54,69,0.6708, 0.329,0.9124,    60,0.006634,0
5732.70000001209,52,67,0.6743,0.3335,0.9195,    60,0.006634,0
5732.75000001209,49,65,0.6775,0.3378, 0.927,    60,0.006634,0
5732.80000001209,49,64,0.6807, 0.342,0.9341,    60,0.006634,0
5732.85000001209,50,64,0.6839,0.3464,0.9407,    60,0.006634,0
5732.90000001209,54,68,0.6872, 0.351,0.9473,    60,0.006634,0
5732.95000001209,56,71,0.6907,0.3559,0.9544,    60,0.006634,0
5733.00000001209,56,67,0.6941,0.3607,0.9596,    60,0.006634,0
5733.05000001209,55,67,0.6974,0.3654,0.9653,    60,0.006634,0
5733.10000001209,52,66,0.7005,  0.37,0.9719,    60,0.006634,0
5733.15000001209,54,66,0.7037,0.3746,0.9775,    60,0.006634,0
5733.20000001209,53,67,0.7068,0.3794,0.9841,    60,0.006634,0
5733.25000001209,55,68,  0.71,0.3842,0.9903,    60,0.006634,0
5733.30000001209,56,68,0.7132,0.3891,0.9959,    60,0.006634,0
5733.35000001209,55,67,0.7163,0.3939, 1.002,    60,0.006634,0
5733.40000001209,55,67,0.7194,0.3988, 1.007,    60,0.006634,0
5733.45000001209,53,68,0.7225,0.4036, 1.014,    60,0.006634,0
5733.50000001209,55,67,0.7255,0.4085,  1.02,    60,0.006634,0
5733.55000001209,54,67,0.7285,0.4134, 1.026,    60,0.006634,0
5733.60000001209,53,67,0.7314,0.4183, 1.033,    60,0.006634,0
5733.65000001209,53,65,0.7342, 0.423, 1.038,    60,0.006634,0
5733.70000001209,52,65, 0.737,0.4278, 1.045,    60,0.006634,0
5733.75000001209,54,67,0.7399,0.4327, 1.051,    60,0.006634,0
5733.80000001209,53,67,0.7427,0.4377, 1.057,    60,0.006634,0
5733.85000001209,55,68,0.7455,0.4427, 1.063,    60,0.006634,0
5733.90000001209,54,68,0.7483,0.4478,  1.07,    60,0.006634,0
5733.95000001209,52,66,0.7509,0.4527, 1.077,    60,0.006634,0
5734.00000001209,52,66,0.7536,0.4576, 1.083,    60,0.006634,0
5734.05000001209,52,66,0.7561,0.4625,  1.09,    60,0.006634,0
5734.10000001209,53,68,0.7588,0.4676, 1.097,    60,0.006634,0
5734.1500000121,52,68,0.7613,0.4726, 1.104,    60,0.006634,0
5734.2000000121,55,68,0.7639,0.4778, 1.111,    60,0.006634,0
5734.2500000121,55,70,0.7665,0.4831, 1.118,    60,0.006634,0
5734.3000000121,53,66, 0.769,0.4882, 1.124,    60,0.006634,0
5734.3500000121,52,66,0.7714,0.4932,  1.13,    60,0.006634,0
5734.4000000121,50,66,0.7737,0.4981, 1.138,    60,0.006634,0
5734.4500000121,53,67, 0.776,0.5033, 1.145,    60,0.006634,0
5734.5000000121,52,68,0.7784,0.5085, 1.152,    60,0.006634,0
5734.5500000121,54,66,0.7806,0.5136, 1.158,    60,0.006634,0
5734.6000000121,54,68,0.7829,0.5189, 1.164,    60,0.006634,0
5734.6500000121,53,66,0.7851,0.5241,  1.17,    60,0.006634,0
5734.7000000121,54,67,0.7873,0.5293, 1.177,    60,0.006634,0
5734.7500000121,50,66,0.7894,0.5344, 1.184,    60,0.006634,0
5734.8000000121,51,66,0.7915,0.5395, 1.191,    60,0.006634,0
5734.8500000121,50,66,0.7935,0.5446, 1.199,    60,0.006634,0
5734.9000000121,52,67,0.7955,0.5498, 1.206,    60,0.006634,0
5734.9500000121,52,68,0.7975,0.5551, 1.213,    60,0.006634,0
5735.0000000121,55,68,0.7995,0.5606,  1.22,    60,0.006634,0
5735.0500000121,53,68,0.8015, 0.566, 1.227,    60,0.006634,0
5735.1000000121,52,66,0.8033,0.5712, 1.233,    60,0.006634,0
5735.1500000121,54,67,0.8052,0.5766, 1.239,    60,0.006634,0
5735.2000000121,52,69,0.8071, 0.582, 1.247,    60,0.006634,0
5735.2500000121,53,68,0.8088,0.5874, 1.254,    60,0.006634,0
5735.3000000121,53,67,0.8106,0.5928, 1.261,    60,0.006634,0
5735.3500000121,52,65,0.8123,0.5981, 1.267,    60,0.006634,0
5735.4000000121,48,65,0.8138,0.6032, 1.275,    60,0.006634,0
5735.4500000121,49,65,0.8154,0.6083, 1.283,    60,0.006634,0
5735.5000000121,51,67,0.8169,0.6137,  1.29,    60,0.006634,0
5735.5500000121,53,70,0.8185,0.6192, 1.298,    60,0.006634,0
5735.6000000121,58,71,0.8201,0.6251, 1.304,    60,0.006634,0
5735.6500000121,55,70,0.8217,0.6308, 1.312,    60,0.006634,0
5735.7000000121,54,66,0.8231,0.6363, 1.317,    60,0.006634,0
5735.7500000121,52,63,0.8245,0.6415, 1.322,    60,0.006634,0
5735.8000000121,51,64,0.8258,0.6468, 1.329,    60,0.006634,0
5735.8500000121,54,68,0.8271,0.6524, 1.335,    60,0.006634,0
5735.9000000121,55,68,0.8285, 0.658, 1.341,    60,0.006634,0
5735.9500000121,57,70,0.8298,0.6639, 1.347,    60,0.006634,0
5736.0000000121,56,68,0.8311,0.6696, 1.353,    60,0.006634,0
5736.0500000121,55,67,0.8323,0.6752, 1.359,    60,0.006634,0
5736.1000000121,52,65,0.8335,0.6806, 1.365,    60,0.006634,0
5736.1500000121,53,66,0.8346,0.6861, 1.371,    60,0.006634,0
5736.2000000121,54,68,0.8357,0.6917, 1.378,    60,0.006634,0
5736.2500000121,54,66,0.8368,0.6973, 1.383,    60,0.006634,0
5736.3000000121,53,67,0.8378,0.7029,  1.39,    60,0.006634,0
5736.3500000121,54,67,0.8388,0.7085, 1.396,    60,0.006634,0
5736.4000000121,56,69,0.8399,0.7143, 1.402,    60,0.006634,0
5736.4500000121,52,65,0.8408,0.7197, 1.408,    60,0.006634,0
5736.5000000121,52,65,0.8416,0.7252, 1.414,    60,0.006634,0
5736.5500000121,52,66,0.8425,0.7307, 1.421,    60,0.006634,0
5736.6000000121,52,66,0.8433,0.7362, 1.428,    60,0.006634,0
5736.6500000121,55,67,0.8441,0.7419, 1.433,    60,0.006634,0
5736.7000000121,53,68,0.8449,0.7476,  1.44,    60,0.006634,0
5736.7500000121,54,69,0.8456,0.7533, 1.447,    60,0.006634,0
5736.8000000121,53,68,0.8463, 0.759, 1.454,    60,0.006634,0
5736.8500000121,53,67,0.8469,0.7646, 1.461,    60,0.006634,0
5736.90000001211,54,68,0.8475,0.7703, 1.468,    60,0.006634,0
5736.95000001211,52,65,0.8481,0.7758, 1.474,    60,0.006634,0
5737.00000001211,52,65,0.8486,0.7813,  1.48,    60,0.006634,0
5737.05000001211,52,67,0.8491,0.7869, 1.487,    60,0.006634,0
5737.10000001211,55,68,0.8496,0.7927, 1.493,    60,0.006634,0
5737.15000001211,52,68,  0.85,0.7983, 1.501,    60,0.006634,0
5737.20000001211,54,66,0.8504, 0.804, 1.506,    60,0.006634,0
5737.25000001211,53,66,0.8507,0.8096, 1.513,    60,0.006634,0
5737.30000001211,53,66, 0.851,0.8152, 1.519,    60,0.006634,0
5737.35000001211,55,67,0.8513,0.8209, 1.524,    60,0.006634,0
5737.40000001211,50,68,0.8515,0.8265, 1.533,    60,0.006634,0
5737.45000001211,52,66,0.8517,0.8321, 1.539,    60,0.006634,0
5737.50000001211,50,67,0.8519,0.8376, 1.547,    60,0.006634,0
5737.55000001211,51,67, 0.852,0.8432, 1.555,    60,0.006634,0
5737.60000001211,52,67,0.8521,0.8488, 1.562,    60,0.006634,0
5737.65000001211,53,68,0.8521,0.8545, 1.569,    60,0.006634,0
5737.70000001211,54,69,0.8521,0.8603, 1.576,    60,0.006634,0
5737.75000001211,52,68, 0.852,0.8659, 1.584,    60,0.006634,0
5737.80000001211,53,66,0.8519,0.8716,  1.59,    60,0.006634,0
5737.85000001211,52,66,0.8518,0.8771, 1.596,    60,0.006634,0
5737.90000001211,53,66,0.8516,0.8827, 1.603,    60,0.006634,0
5737.95000001211,53,68,0.8514,0.8884,  1.61,    60,0.006634,0
5738.00000001211,51,66,0.8512, 0.894, 1.617,    60,0.006634,0
5738.05000001211,50,66,0.8509,0.8994, 1.624,    60,0.006634,0
5738.10000001211,49,66,0.8506,0.9048, 1.632,    60,0.006634,0
5738.15000001211,52,68,0.8503,0.9105,  1.64,    60,0.006634,0
5738.20000001211,54,69,0.8498,0.9163, 1.647,    60,0.006634,0
5738.25000001211,58,69,0.8494,0.9222, 1.652,    60,0.006634,0
5738.30000001211,54,68,0.8489, 0.928, 1.659,    60,0.006634,0
5738.35000001211,53,66,0.8484,0.9336, 1.665,    60,0.006634,0
5738.40000001211,53,66,0.8478,0.9392, 1.671,    60,0.006634,0
5738.45000001211,52,67,0.8472,0.9447, 1.678,    60,0.006634,0
5738.50000001211,54,67,0.8466,0.9504, 1.684,    60,0.006634,0
5738.55000001211,53,68,0.8459,0.9561, 1.691,    60,0.006634,0
5738.60000001211,54,67,0.8452,0.9618, 1.697,    60,0.006634,0
5738.65000001211,55,67,0.8445,0.9675, 1.703,    60,0.006634,0
5738.70000001211,57,69,0.8437,0.9733, 1.709,    60,0.006634,0
5738.75000001211,55,67,0.8429, 0.979, 1.714,    60,0.006634,0
5738.80000001211,52,66,0.8421,0.9846, 1.721,    60,0.006634,0
5738.85000001211,53,66,0.8412,0.9901, 1.727,    60,0.006634,0
5738.90000001211,52,66,0.8403,0.9956, 1.734,    60,0.006634,0
5738.95000001211,55,67,0.8394, 1.001, 1.739,    60,0.006634,0
5739.00000001211,54,68,0.8384, 1.007, 1.746,    60,0.006634,0
5739.05000001211,55,66,0.8374, 1.013, 1.751,    60,0.006634,0
5739.10000001211,52,65,0.8364, 1.018, 1.757,    60,0.006634,0
5739.15000001211,53,67,0.8353, 1.024, 1.764,    60,0.006634,0
5739.20000001211,53,68,0.8342, 1.029, 1.771,    60,0.006634,0
5739.25000001211,52,67,0.8331, 1.035, 1.778,    60,0.006634,0
5739.30000001211,54,67,0.8319,  1.04, 1.784,    60,0.006634,0
5739.35000001211,54,67,0.8306, 1.046,  1.79,    60,0.006634,0
5739.40000001211,53,66,0.8294, 1.051, 1.797,    60,0.006634,0
5739.45000001211,52,68,0.8281, 1.057, 1.804,    60,0.006634,0
5739.50000001211,52,67,0.8268, 1.062, 1.811,    60,0.006634,0
5739.55000001211,55,69,0.8254, 1.068, 1.818,    60,0.006634,0
5739.60000001211,53,67, 0.824, 1.073, 1.824,    60,0.006634,0
5739.65000001212,52,65,0.8226, 1.079,  1.83,    60,0.006634,0
5739.70000001212,51,65,0.8212, 1.084, 1.837,    60,0.006634,0
5739.75000001212,52,66,0.8197, 1.089, 1.844,    60,0.006634,0
5739.80000001212,52,68,0.8181, 1.095, 1.851,    60,0.006634,0
5739.85000001212,55,68,0.8165,   1.1, 1.857,    60,0.006634,0
5739.90000001212,55,68,0.8148, 1.106, 1.864,    60,0.006634,0
5739.95000001212,52,67,0.8132, 1.111, 1.871,    60,0.006634,0
5740.00000001212,54,67,0.8115, 1.117, 1.877,    60,0.006634,0
5740.05000001212,51,67,0.8098, 1.122, 1.884,    60,0.006634,0
5740.10000001212,52,66,0.8081, 1.127, 1.891,    60,0.006634,0
5740.15000001212,51,66,0.8063, 1.133, 1.898,    60,0.006634,0
5740.20000001212,52,67,0.8045, 1.138, 1.905,    60,0.006634,0
5740.25000001212,53,68,0.8026, 1.143, 1.912,    60,0.006634,0
5740.30000001212,52,68,0.8007, 1.149,  1.92,    60,0.006634,0
5740.35000001212,52,67,0.7988, 1.154, 1.927,    60,0.006634,0
5740.40000001212,52,66,0.7968, 1.159, 1.933,    60,0.006634,0
5740.45000001212,53,66,0.7948, 1.164, 1.939,    60,0.006634,0
5740.50000001212,52,68,0.7927,  1.17, 1.947,    60,0.006634,0
5740.55000001212,53,67,0.7906, 1.175, 1.954,    60,0.006634,0
5740.60000001212,53,68,0.7885,  1.18, 1.961,    60,0.006634,0
5740.65000001212,51,67,0.7863, 1.185, 1.968,    60,0.006634,0
5740.70000001212,51,66,0.7842,  1.19, 1.975,    60,0.006634,0
5740.75000001212,48,65,0.7821, 1.195, 1.983,    60,0.006634,0
5740.80000001212,52,65,0.7798,   1.2, 1.989,    60,0.006634,0
5740.85000001212,52,69,0.7775, 1.206, 1.998,    60,0.006634,0
5740.90000001212,57,69, 0.775, 1.211, 2.003,    60,0.006634,0
5740.95000001212,56,70,0.7725, 1.216,  2.01,    60,0.006634,0
5741.00000001212,53,69,  0.77, 1.222, 2.017,    60,0.006634,0
5741.05000001212,54,67,0.7676, 1.227, 2.023,    60,0.006634,0
5741.10000001212,52,66,0.7651, 1.232,  2.03,    60,0.006634,0
5741.15000001212,52,65,0.7627, 1.237, 2.036,    60,0.006634,0
5741.20000001212,54,66,0.7601, 1.242, 2.042,    60,0.006634,0
5741.25000001212,56,67,0.7575, 1.247, 2.047,    60,0.006634,0
5741.30000001212,56,69,0.7547, 1.252, 2.053,    60,0.006634,0
5741.35000001212,55,67, 0.752, 1.257, 2.059,    60,0.006634,0
5741.40000001212,54,67,0.7494, 1.262, 2.065,    60,0.006634,0
5741.45000001212,54,65,0.7467, 1.267,  2.07,    60,0.006634,0
5741.50000001212,54,65, 0.744, 1.272, 2.075,    60,0.006634,0
5741.55000001212,52,67,0.7412, 1.277, 2.082,    60,0.006634,0
5741.60000001212,56,66,0.7384, 1.282, 2.087,    60,0.006634,0
5741.65000001212,53,68,0.7356, 1.287, 2.094,    60,0.006634,0
5741.70000001212,53,65,0.7328, 1.292,   2.1,    60,0.006634,0
5741.75000001212,52,68,0.7299, 1.297, 2.107,    60,0.006634,0
5741.80000001212,53,69,0.7269, 1.302, 2.115,    60,0.006634,0
5741.85000001212,55,70,0.7239, 1.307, 2.122,    60,0.006634,0
5741.90000001212,51,65, 0.721, 1.311, 2.129,    60,0.006634,0
5741.95000001212,53,66, 0.718, 1.316, 2.135,    60,0.006634,0
5742.00000001212,53,67, 0.715, 1.321, 2.141,    60,0.006634,0
5742.05000001212,52,65, 0.712, 1.325, 2.148,    60,0.006634,0
5742.10000001212,52,67,0.7089,  1.33, 2.155,    60,0.006634,0
5742.15000001212,54,69,0.7057, 1.335, 2.162,    60,0.006634,0
5742.20000001212,56,70,0.7024,  1.34, 2.168,    60,0.006634,0
5742.25000001212,53,66,0.6992, 1.344, 2.174,    60,0.006634,0
5742.30000001212,53,65, 0.696, 1.349,  2.18,    60,0.006634,0
5742.35000001212,51,68,0.6928, 1.354, 2.188,    60,0.006634,0
5742.40000001213,53,66,0.6895, 1.358, 2.194,    60,0.006634,0
5742.45000001213,53,67,0.6862, 1.363, 2.201,    60,0.006634,0
5742.50000001213,54,67,0.6828, 1.367, 2.207,    60,0.006634,0
5742.55000001213,53,67,0.6794, 1.372, 2.214,    60,0.006634,0
5742.60000001213,52,67,0.6761, 1.376, 2.221,    60,0.006634,0
5742.65000001213,52,66,0.6727, 1.381, 2.227,    60,0.006634,0
5742.70000001213,50,67,0.6693, 1.385, 2.235,    60,0.006634,0
5742.75000001213,52,65,0.6659,  1.39, 2.241,    60,0.006634,0
5742.80000001213,50,65,0.6625, 1.394, 2.248,    60,0.006634,0
5742.85000001213,52,67,0.6589, 1.398, 2.256,    60,0.006634,0
5742.90000001213,55,70,0.6552, 1.403, 2.263,    60,0.006634,0
5742.95000001213,55,68,0.6515, 1.407, 2.269,    60,0.006634,0
5743.00000001213,53,66,0.6479, 1.411, 2.275,    60,0.006634,0
5743.05000001213,51,67,0.6442, 1.416, 2.282,    60,0.006634,0
5743.10000001213,52,67,0.6406,  1.42,  2.29,    60,0.006634,0
5743.15000001213,51,67,0.6369, 1.424, 2.297,    60,0.006634,0
5743.20000001213,52,67,0.6331, 1.428, 2.304,    60,0.006634,0
5743.25000001213,55,68,0.6292, 1.433,  2.31,    60,0.006634,0
5743.30000001213,51,66,0.6255, 1.437, 2.317,    60,0.006634,0
5743.35000001213,52,66,0.6217, 1.441, 2.324,    60,0.006634,0
5743.40000001213,49,67,0.6179, 1.445, 2.332,    60,0.006634,0
5743.45000001213,53,67, 0.614, 1.449, 2.339,    60,0.006634,0
5743.50000001213,54,68,  0.61, 1.453, 2.346,    60,0.006634,0
5743.55000001213,55,68,0.6059, 1.457, 2.352,    60,0.006634,0
5743.60000001213,54,69,0.6018, 1.461, 2.359,    60,0.006634,0
5743.65000001213,53,68,0.5978, 1.465, 2.366,    60,0.006634,0
5743.70000001213,53,66,0.5938, 1.469, 2.372,    60,0.006634,0
5743.75000001213,54,66,0.5897, 1.473, 2.378,    60,0.006634,0
5743.80000001213,55,67,0.5855, 1.477, 2.383,    60,0.006634,0
5743.85000001213,54,66,0.5814, 1.481, 2.389,    60,0.006634,0
5743.90000001213,55,68,0.5771, 1.485, 2.395,    60,0.006634,0
5743.95000001213,56,70,0.5728, 1.489, 2.402,    60,0.006634,0
5744.00000001213,55,67,0.5685, 1.493, 2.407,    60,0.006634,0
5744.05000001213,53,65,0.5644, 1.496, 2.413,    60,0.006634,0
5744.10000001213,53,65,0.5602,   1.5, 2.419,    60,0.006634,0
5744.15000001213,53,66, 0.556, 1.504, 2.425,    60,0.006634,0
5744.20000001213,53,68,0.5517, 1.508, 2.432,    60,0.006634,0
5744.25000001213,56,67,0.5472, 1.511, 2.437,    60,0.006634,0
5744.30000001213,56,70,0.5427, 1.515, 2.444,    60,0.006634,0
5744.35000001213,54,65,0.5384, 1.519, 2.449,    60,0.006634,0
5744.40000001213,51,66,0.5341, 1.522, 2.456,    60,0.006634,0
5744.45000001213,51,68,0.5298, 1.526, 2.464,    60,0.006634,0
5744.50000001213,52,66,0.5254, 1.529, 2.471,    60,0.006634,0
5744.55000001213,52,67, 0.521, 1.533, 2.478,    60,0.006634,0
5744.60000001213,54,66,0.5165, 1.536, 2.483,    60,0.006634,0
5744.65000001213,55,69,0.5119,  1.54,  2.49,    60,0.006634,0
5744.70000001213,52,68,0.5074, 1.543, 2.498,    60,0.006634,0
5744.75000001213,53,68,0.5028, 1.547, 2.505,    60,0.006634,0
5744.80000001213,53,67,0.4983,  1.55, 2.511,    60,0.006634,0
5744.85000001213,54,67,0.4936, 1.553, 2.517,    60,0.006634,0
5744.90000001213,51,66,0.4891, 1.557, 2.524,    60,0.006634,0
5744.95000001213,52,66,0.4846,  1.56, 2.531,    60,0.006634,0
5745.00000001213,51,67,  0.48, 1.563, 2.539,    45,0.004975,0
5745.05000001213,46,60,0.4759, 1.566, 2.545,    45,0.004975,0
5745.10000001213,35,52,0.4725, 1.568, 2.553,    45,0.004975,0
5745.15000001214,35,42,0.4695,  1.57, 2.557,    45,0.004975,0
5745.20000001214,36,44,0.4663, 1.572,  2.56,    45,0.004975,0
5745.25000001214,41,50,0.4627, 1.574, 2.565,    45,0.004975,0
5745.30000001214,42,55,0.4589, 1.577, 2.571,    45,0.004975,0
5745.35000001214,44,53, 0.455, 1.579, 2.575,    45,0.004975,0
5745.40000001214,38,49,0.4515, 1.582,  2.58,    45,0.004975,0
5745.45000001214,38,47,0.4481, 1.584, 2.584,    45,0.004975,0
5745.50000001214,39,47,0.4447, 1.586, 2.588,    45,0.004975,0
5745.55000001214,38,49,0.4412, 1.588, 2.593,    45,0.004975,0
5745.60000001214,42,52,0.4374,  1.59, 2.598,    45,0.004975,0
5745.65000001214,40,50,0.4338, 1.593, 2.603,    45,0.004975,0
5745.70000001214,40,50,0.4301, 1.595, 2.608,    45,0.004975,0
5745.75000001214,41,49,0.4265, 1.597, 2.611,    45,0.004975,0
5745.80000001214,39,50,0.4228, 1.599, 2.616,    45,0.004975,0
5745.85000001214,41,51,0.4191, 1.601, 2.621,    45,0.004975,0
5745.90000001214,41,50,0.4153, 1.603, 2.625,    45,0.004975,0
5745.95000001214,41,51,0.4116, 1.605,  2.63,    45,0.004975,0
5746.00000001214,38,49, 0.408, 1.607, 2.635,    45,0.004975,0
5746.05000001214,40,51,0.4042, 1.609, 2.641,    45,0.004975,0
5746.10000001214,40,52,0.4004, 1.612, 2.646,    45,0.004975,0
5746.15000001214,40,50,0.3967, 1.614, 2.651,    45,0.004975,0
5746.20000001214,39,48, 0.393, 1.615, 2.655,    45,0.004975,0
5746.25000001214,36,48,0.3895, 1.617, 2.661,    45,0.004975,0
5746.30000001214,40,50,0.3858, 1.619, 2.666,    45,0.004975,0
5746.35000001214,38,52, 0.382, 1.621, 2.672,    45,0.004975,0
5746.40000001214,39,52,0.3781, 1.623, 2.678,    45,0.004975,0
5746.45000001214,40,51,0.3743, 1.625, 2.683,    45,0.004975,0
5746.50000001214,42,51,0.3704, 1.627, 2.688,    45,0.004975,0
5746.55000001214,43,50,0.3664, 1.629, 2.691,    45,0.004975,0
5746.60000001214,38,47,0.3628, 1.631, 2.695,    45,0.004975,0
5746.65000001214,39,50, 0.359, 1.632,   2.7,    45,0.004975,0
5746.70000001214,40,51,0.3551, 1.634, 2.706,    45,0.004975,0
5746.75000001214,41,51,0.3512, 1.636,  2.71,    45,0.004975,0
5746.80000001214,41,51,0.3472, 1.638, 2.715,    45,0.004975,0
5746.85000001214,42,52,0.3432,  1.64,  2.72,    45,0.004975,0
5746.90000001214,41,52,0.3392, 1.641, 2.725,    45,0.004975,0
5746.95000001214,40,47,0.3354, 1.643, 2.728,    45,0.004975,0
5747.00000001214,41,48,0.3316, 1.645, 2.732,    45,0.004975,0
5747.05000001214,41,49,0.3277, 1.646, 2.735,    45,0.004975,0
5747.10000001214,41,51,0.3237, 1.648,  2.74,    45,0.004975,0
5747.15000001214,42,51,0.3197,  1.65, 2.744,    45,0.004975,0
5747.20000001214,39,50,0.3158, 1.652,  2.75,    45,0.004975,0
5747.25000001214,41,51,0.3118, 1.653, 2.754,    45,0.004975,0
5747.30000001214,40,49,0.3079, 1.655, 2.758,    45,0.004975,0
5747.35000001214,39,49, 0.304, 1.656, 2.763,    45,0.004975,0
5747.40000001214,40,50,0.3001, 1.658, 2.768,    45,0.004975,0
5747.45000001214,41,50,0.2961, 1.659, 2.772,    45,0.004975,0
5747.50000001214,40,50,0.2921, 1.661, 2.777,    45,0.004975,0
5747.55000001214,41,51, 0.288, 1.662, 2.782,    45,0.004975,0
5747.60000001214,41,49,0.2841, 1.664, 2.785,    45,0.004975,0
5747.65000001214,40,50,0.2801, 1.665,  2.79,    45,0.004975,0
5747.70000001214,40,51,0.2761, 1.667, 2.795,    45,0.004975,0
5747.75000001214,38,49,0.2722, 1.668,   2.8,    45,0.004975,0
5747.80000001214,38,49,0.2683,  1.67, 2.806,    45,0.004975,0
5747.85000001214,41,50,0.2643, 1.671,  2.81,    45,0.004975,0
5747.90000001215,41,52,0.2601, 1.672, 2.815,    45,0.004975,0
5747.95000001215,43,51,0.2559, 1.674, 2.819,    45,0.004975,0
5748.00000001215,39,49, 0.252, 1.675, 2.824,    45,0.004975,0
5748.05000001215,39,49, 0.248, 1.676, 2.828,    45,0.004975,0
5748.10000001215,38,49,0.2441, 1.678, 2.833,    45,0.004975,0
5748.15000001215,43,50,0.2399, 1.679, 2.837,    45,0.004975,0
5748.20000001215,41,51,0.2358,  1.68, 2.842,    45,0.004975,0
5748.25000001215,41,50,0.2317, 1.682, 2.846,    45,0.004975,0
5748.30000001215,40,48,0.2277, 1.683,  2.85,    45,0.004975,0
5748.35000001215,39,50,0.2237, 1.684, 2.855,    45,0.004975,0
5748.40000001215,41,50,0.2196, 1.685, 2.859,    45,0.004975,0
5748.45000001215,39,52,0.2154, 1.686, 2.865,    45,0.004975,0
5748.50000001215,41,50,0.2113, 1.688, 2.869,    45,0.004975,0
5748.55000001215,38,48,0.2074, 1.689, 2.874,    45,0.004975,0
5748.60000001215,39,49,0.2034,  1.69, 2.879,    45,0.004975,0
5748.65000001215,40,50,0.1993, 1.691, 2.884,    45,0.004975,0
5748.70000001215,42,52, 0.195, 1.692, 2.888,    45,0.004975,0
5748.75000001215,43,52,0.1907, 1.693, 2.892,    45,0.004975,0
5748.80000001215,37,51,0.1866, 1.694, 2.899,    45,0.004975,0
5748.85000001215,40,48,0.1826, 1.695, 2.903,    45,0.004975,0
5748.90000001215,37,47,0.1787, 1.696, 2.908,    45,0.004975,0
5748.95000001215,38,49,0.1747, 1.697, 2.913,    45,0.004975,0
5749.00000001215,42,50,0.1705, 1.698, 2.917,    45,0.004975,0
5749.05000001215,38,52,0.1664, 1.699, 2.923,    45,0.004975,0
5749.10000001215,41,50,0.1622,   1.7, 2.927,    45,0.004975,0
5749.15000001215,38,51,0.1581, 1.701, 2.934,    45,0.004975,0
5749.20000001215,39,49, 0.154, 1.701, 2.938,    45,0.004975,0
5749.25000001215,39,51,0.1499, 1.702, 2.944,    45,0.004975,0
5749.30000001215,41,51,0.1456, 1.703, 2.949,    45,0.004975,0
5749.35000001215,41,48,0.1415, 1.704, 2.952,    45,0.004975,0
5749.40000001215,38,49,0.1374, 1.705, 2.957,    45,0.004975,0
5749.45000001215,41,50,0.1332, 1.706, 2.961,    45,0.004975,0
5749.50000001215,41,52,0.1289, 1.706, 2.967,    45,0.004975,0
5749.55000001215,41,52,0.1246, 1.707, 2.972,    45,0.004975,0
5749.60000001215,39,49,0.1205, 1.708, 2.976,    45,0.004975,0
5749.65000001215,39,49,0.1164, 1.708, 2.981,    45,0.004975,0
5749.70000001215,40,47,0.1123, 1.709, 2.984,    45,0.004975,0
5749.75000001215,36,51,0.1083,  1.71, 2.992,    45,0.004975,0
5749.80000001215,40,50,0.1041,  1.71, 2.996,    45,0.004975,0
5749.85000001215,37,50,   0.1, 1.711, 3.002,    45,0.004975,0
5749.90000001215,40,51,0.09576, 1.711, 3.008,    45,0.004975,0
5749.95000001215,42,52,0.09136, 1.712, 3.012,    45,0.004975,0
5750.00000001215,41,51,0.08706, 1.713, 3.017,    45,0.004975,0
5750.05000001215,42,50,0.08275, 1.713, 3.021,    45,0.004975,0
5750.10000001215,40,50,0.07853, 1.714, 3.026,    45,0.004975,0
5750.15000001215,40,48,0.07441, 1.714, 3.029,    45,0.004975,0
5750.20000001215,39,50,0.07024, 1.715, 3.034,    45,0.004975,0
5750.25000001215,39,50,0.06606, 1.715,  3.04,    45,0.004975,0
5750.30000001215,40,52,0.06174, 1.715, 3.045,    45,0.004975,0
5750.35000001215,42,51,0.05737, 1.716,  3.05,    45,0.004975,0
5750.40000001215,41,50,0.0531, 1.716, 3.054,    45,0.004975,0
5750.45000001215,39,49,0.04896, 1.717, 3.059,    45,0.004975,0
5750.50000001215,41,49,0.04473, 1.717, 3.062,    45,0.004975,0
5750.55000001215,41,52,0.04035, 1.717, 3.068,    45,0.004975,0
5750.60000001215,42,50,0.03602, 1.718, 3.071,    45,0.004975,0
5750.65000001216,41,50,0.03174, 1.718, 3.076,    45,0.004975,0
5750.70000001216,40,50,0.0275, 1.718,  3.08,    45,0.004975,0
5750.75000001216,41,50,0.02322, 1.718, 3.084,    45,0.004975,0
5750.80000001216,40,49,0.01903, 1.719, 3.089,    45,0.004975,0
5750.85000001216,38,50,0.01488, 1.719, 3.094,    45,0.004975,0
5750.90000001216,39,49,0.01073, 1.719, 3.099,    45,0.004975,0
5750.95000001216,41,51,0.006395, 1.719, 3.104,    45,0.004975,0
5751.00000001216,43,51,0.001963, 1.719, 3.108,    45,0.004975,0
5751.05000001216,41,48,-0.002234,  1.72, 3.111,    45,0.004975,0
5751.10000001216,41,49,-0.006478,  1.72, 3.115,    45,0.004975,0
5751.15000001216,40,50,-0.01072,  1.72, 3.119,    45,0.004975,0
5751.20000001216,41,51,-0.01506,  1.72, 3.124,    45,0.004975,0
5751.25000001216,39,50,-0.01926,  1.72, 3.129,    45,0.004975,0
5751.30000001216,39,49,-0.02341,  1.72, 3.134,    45,0.004975,0
5751.35000001216,39,47,-0.02747,  1.72, 3.138,    45,0.004975,0
5751.40000001216,39,49,-0.03162,  1.72, 3.143,    45,0.004975,0
5751.45000001216,40,49,-0.03582,  1.72, 3.147,    45,0.004975,0
5751.50000001216,40,50,-0.04007,  1.72, 3.151,    45,0.004975,0
5751.55000001216,40,50,-0.04431,  1.72, 3.156,    45,0.004975,0
5751.60000001216,41,52,-0.0487,  1.72, 3.161,     0,     0,1
5751.65000001216,20,27,-0.05091,  1.72, 3.165,     0,     0,1
5751.70000001216,3,8,-0.05143,  1.72, 3.167,     0,     0,1
5751.75000001216,0,0,-0.05143,  1.72, 3.167,     0,     0,1
5751.80000001216,0,0,-0.05143,  1.72, 3.167,     0,     0,0
5751.85000001216,0,0,-0.05143,  1.72, 3.167,     0,     0,0
5751.90000001216,0,0,-0.05143,  1.72, 3.167,     0,     0,0
5751.95000001216,0,0,-0.05143,  1.72, 3.167,     0,     0,0
5752.00000001216,0,0,-0.05143,  1.72, 3.167,     0,     0,0
5752.05000001216,0,0,-0.05143,  1.72, 3.167,     0,     0,0
