1124.44,0,0,0
1124.48,0,0,0
1124.52,0,0,0
1124.56,0,0,0
1124.6,0,0,0
1124.64,0,0,0
1124.68,0,0,0
1124.72,0,0,0
1124.76,0,0,0
1124.8,0,0,0
1124.84,0,0,0
1124.88,0,0,0
1124.92,0,0,0
1124.96,0,0,0
1125,0,0,0
1125.04,0,0,0
1125.08,0,0,0
1125.12,0,0,0
1125.16,0,0,0
1125.2,0,0,0
1125.24,0,0,0
1125.28,0,0,0
1125.32,0,0,0
1125.36,0,0,0
1125.4,0,0,0
1125.44,0,0,0
1125.48,0,0,0
1125.52,0,0,0
1125.56,0,0,0
1125.6,0,0,0
1125.64,0,0,0
1125.68,0,0,0
1125.72,0,0,0
1125.76,0,0,0
1125.8,0,0,0
1125.84,0,0,0
1125.88,0,0,0
1125.92,0,0,0
1125.96,0,0,0
1126,0,0,0
1126.04,0,0,0
1126.08,0,0,0
1126.12,0,0,0
1126.16,0,0,0
1126.2,0,0,0
1126.24,0,0,0
1126.28,0,0,0
1126.32,0,0,0
1126.36,0,0,0
1126.4,0,0,0
1126.44,0,0,0
1126.48,0,0,0
1126.52,0,0,0
1126.56,0,0,0
1126.6,0,0,0
1126.64,0,0,0
1126.68,0,0,0
1126.72,0,0,0
1126.76,0,0,0
1126.8,0,0,0
1126.84,0,0,0
1126.88,0,0,0
1126.92,0,0,0
1126.96,0,0,0
1127,0,0,0
1127.04,0,0,0
1127.08,0,0,0
1127.12,0,0,0
1127.16,0,0,0
1127.2,0,0,0
1127.24,0,0,0
1127.28,0,0,0
1127.32,0,0,0
1127.36,0,0,0
1127.4,0,0,0
1127.44,0,0,0
1127.48,0,0,0
1127.52,0,0,0
1127.56,0,0,0
1127.6,0,0,0
1127.64,0,0,0
1127.68,0,0,0
1127.72,0,0,0
1127.76,0,0,0
1127.8,0,0,0
1127.84,0,0,0
1127.88,0,0,0
1127.92,0,0,0
1127.96,0,0,0
1128,0,0,0
1128.04,0,0,0
1128.08,0,0,0
1128.12,0,0,0
1128.16,0,0,0
1128.2,0,0,0
1128.24,0,0,0
1128.28,0,0,0
1128.32,0,0,0
1128.36,0,0,0
1128.4,0,0,0
1128.44,0,0,0
1128.48,0,0,0
1128.52,0,0,0
1128.56,0,0,0
1128.6,0,0,0
1128.64,0,0,0
1128.68,0,0,0
1128.72,0,0,0
1128.76,0,0,0
1128.8,0,0,0
1128.84,0,0,0
1128.88,0,0,0
1128.92,0,0,0
1128.96,0,0,0
1129,0,0,0
1129.04,0,0,0
1129.08,0,0,0
1129.12,0,0,0
1129.16,0,0,0
1129.2,0,0,0
1129.24,0,0,0
1129.28,0,0,0
1129.32,0,0,0
1129.36,0,0,0
1129.4,0,0,0
1129.44,0,0,0
1129.48,0,0,0
1129.52,0,0,0
1129.56,0,0,0
1129.6,0,0,0
1129.64,0,0,0
1129.68,-8,-5,-1
1129.72,-15,-18,-19
1129.76,-24,-25,-25
1129.8,-25,-27,-23
1129.84,-28,-24,-23
1129.88,-41,-30,-30
1129.92,-41,-47,-36
1129.96,-35,-35,-42
1130,-51,-48,-51
1130.04,-63,-57,-58
1130.08,-97,-74,-64
1130.12,-78,-110,-75
1130.16,-88,-97,-114
1130.2,-110,-107,-96
1130.24,-127,-123,-114
1130.28,-126,-155,-129
1130.32,-132,-181,-146
1130.36,-129,-192,-161
1130.4,-111,-196,-187
1130.44,-98,-197,-190
1130.48,-92,-199,-193
1130.52,-99,-217,-199
1130.56,-100,-230,-208
1130.6,-86,-257,-202
1130.64,-86,-271,-209
1130.68,-57,-252,-224
1130.72,-27,-241,-235
1130.76,0,-297,-254
1130.8,2,-257,-191
1130.84,-1,-292,-188
1130.88,-1,-297,-175
1130.92,9,-268,-173
1130.96,0,-297,-183
1131,1,-279,-229
1131.04,5,-282,-243
1131.08,1,-269,-221
1131.12,12,-277,-242
1131.16,7,-239,-278
1131.2,0,-282,-333
1131.24,3,-220,-309
1131.28,-7,-225,-292
1131.32,-3,-206,-267
1131.36,-9,-226,-248
1131.4,-15,-205,-237
1131.44,-34,-233,-196
1131.48,-25,-139,-197
1131.52,-33,-165,-175
1131.56,-39,-148,-153
1131.6,-53,-138,-124
1131.64,-53,-159,-116
1131.68,-67,-136,-144
1131.72,-79,-152,-126
1131.76,-94,-162,-143
1131.8,-96,-159,-151
1131.84,-97,-151,-152
1131.88,-100,-148,-143
1131.92,-110,-147,-157
1131.96,-111,-153,-185
1132,-128,-143,-167
1132.04,-133,-163,-131
1132.08,-167,-267,-130
1132.12,-95,-246,-198
1132.16,-57,-183,-137
1132.2,-66,-250,-172
1132.24,-50,-271,-180
1132.28,-6,-382,-240
1132.32,2,-318,-221
1132.36,4,-391,-212
1132.4,1,-230,-205
1132.44,3,-332,-221
1132.48,15,-329,-235
1132.52,11,-331,-209
1132.56,18,-405,-278
1132.6,14,-323,-235
1132.64,21,-351,-217
1132.68,20,-355,-210
1132.72,16,-356,-210
1132.76,19,-337,-217
1132.8,7,-344,-209
1132.84,10,-340,-226
1132.88,0,-369,-234
1132.92,2,-354,-231
1132.96,-4,-384,-185
1133,-3,-372,-179
1133.04,-24,-409,-145
1133.08,-33,-381,-123
1133.12,-45,-366,-84
1133.16,-69,-395,-87
1133.2,-64,-290,-65
1133.24,-62,-269,-55
1133.28,-53,-223,-64
1133.32,-70,-191,-65
1133.36,-100,-160,-72
1133.4,-173,-144,-78
1133.44,-166,-172,-79
1133.48,-170,-139,-88
1133.52,-198,-139,-75
1133.56,-231,-168,-76
1133.6,-243,-196,-52
1133.64,-197,-191,-29
1133.68,-187,-177,-6
1133.72,-189,-174,0
1133.76,-211,-190,2
1133.8,-216,-204,-3
1133.84,-306,-205,0
1133.88,-249,-310,4
1133.92,-240,-255,24
1133.96,-260,-239,15
1134,-188,-187,8
1134.04,-331,-244,7
1134.08,-284,-319,-1
1134.12,-274,-292,28
1134.16,-244,-288,26
1134.2,-248,-259,14
1134.24,-240,-266,2
1134.28,-250,-280,3
1134.32,-261,-314,4
1134.36,-255,-342,12
1134.4,-214,-329,18
1134.44,-209,-328,24
1134.48,-217,-368,30
1134.52,-152,-494,33
1134.56,-137,-366,20
1134.6,-168,-377,22
1134.64,-148,-397,-1
1134.68,-142,-403,-4
1134.72,-98,-371,-30
1134.76,-74,-352,-7
1134.8,-39,-365,-16
1134.84,-36,-357,-21
1134.88,-14,-358,-49
1134.92,-7,-333,-40
1134.96,-1,-342,-37
1135,-16,-329,-18
1135.04,-21,-340,-8
1135.08,-2,-328,-31
1135.12,-15,-324,-23
1135.16,-19,-391,-34
1135.2,-26,-327,-44
1135.24,-37,-332,-36
1135.28,-37,-328,-48
1135.32,-40,-329,-53
1135.36,-28,-318,-60
1135.4,-39,-332,-54
1135.44,-41,-341,-66
1135.48,-30,-345,-79
1135.52,-34,-330,-83
1135.56,-18,-347,-91
1135.6,-19,-342,-79
1135.64,-2,-357,-82
1135.68,-3,-331,-112
1135.72,6,-327,-135
1135.76,10,-340,-138
1135.8,38,-368,-132
1135.84,53,-265,-117
1135.88,60,-225,-63
1135.92,88,-212,-25
1135.96,112,-189,-6
1136,137,-182,15
1136.04,104,-221,35
1136.08,110,-175,34
1136.12,120,-177,24
1136.16,107,-195,12
1136.2,80,-154,-3
1136.24,70,-287,-19
1136.28,82,-252,-34
1136.32,68,-298,-33
1136.36,66,-288,-57
1136.4,61,-293,-70
1136.44,54,-313,-78
1136.48,52,-344,-105
1136.52,31,-359,-120
1136.56,29,-365,-133
1136.6,17,-361,-139
1136.64,19,-383,-138
1136.68,15,-393,-150
1136.72,15,-369,-169
1136.76,22,-360,-208
1136.8,14,-364,-196
1136.84,30,-366,-205
1136.88,13,-460,-186
1136.92,29,-343,-263
1136.96,25,-322,-180
1137,81,-286,-141
1137.04,124,-226,-69
1137.08,200,-164,-30
1137.12,268,-115,32
1137.16,293,-75,75
1137.2,321,-45,108
1137.24,327,-40,124
1137.28,379,-46,112
1137.32,343,-56,115
1137.36,331,-61,88
1137.4,350,-69,70
1137.44,357,-100,73
1137.48,452,-115,78
1137.52,359,-96,121
1137.56,365,-61,110
1137.6,408,-59,133
1137.64,395,-23,128
1137.68,378,-10,157
1137.72,368,1,134
1137.76,393,-8,152
1137.8,381,0,147
1137.84,351,-4,159
1137.88,334,0,139
1137.92,426,-9,153
1137.96,384,-6,158
1138,253,-1,173
1138.04,338,-2,170
1138.08,425,-1,143
1138.12,373,-6,163
1138.16,347,-4,174
1138.2,311,-23,138
1138.24,288,-30,98
1138.28,274,-67,61
1138.32,238,-101,16
1138.36,237,-113,-4
1138.4,229,-109,-12
1138.44,242,-111,-19
1138.48,201,-142,-70
1138.52,170,-178,-130
1138.56,131,-203,-172
1138.6,100,-212,-218
1138.64,72,-216,-252
1138.68,65,-197,-266
1138.72,49,-205,-245
1138.76,16,-272,-254
1138.8,6,-206,-333
1138.84,7,-178,-283
1138.88,0,-241,-355
1138.92,3,-177,-285
1138.96,25,-160,-288
1139,6,-106,-232
1139.04,2,-143,-290
1139.08,0,-126,-379
1139.12,-3,-126,-299
1139.16,-23,-135,-296
1139.2,-47,-128,-343
1139.24,-69,-120,-356
1139.28,-58,-141,-340
1139.32,-72,-149,-339
1139.36,-36,-178,-323
1139.4,-29,-158,-322
1139.44,2,-179,-313
1139.48,-2,-289,-300
1139.52,0,-246,-383
1139.56,2,-238,-294
1139.6,-7,-224,-282
1139.64,10,-183,-212
1139.68,12,-306,-302
1139.72,0,-265,-339
1139.76,0,-294,-249
1139.8,2,-283,-271
1139.84,0,-252,-278
1139.88,0,-254,-263
1139.92,3,-263,-263
1139.96,0,-293,-247
1140,0,-286,-259
1140.04,9,-255,-274
1140.08,3,-243,-250
1140.12,7,-307,-260
1140.16,3,-260,-341
1140.2,0,-277,-252
1140.24,1,-295,-257
1140.28,9,-254,-262
1140.32,8,-250,-238
1140.36,23,-249,-270
1140.4,9,-252,-259
1140.44,1,-275,-228
1140.48,5,-299,-254
1140.52,27,-263,-273
1140.56,30,-315,-251
1140.6,63,-270,-344
1140.64,74,-280,-254
1140.68,75,-301,-236
1140.72,114,-280,-266
1140.76,138,-251,-242
1140.8,172,-219,-225
1140.84,231,-207,-215
1140.88,263,-163,-193
1140.92,279,-152,-149
1140.96,397,-157,-139
1141,295,-177,-130
1141.04,292,-125,-186
1141.08,296,-117,-153
1141.12,320,-110,-140
1141.16,304,-119,-134
1141.2,306,-120,-151
1141.24,305,-121,-150
1141.28,317,-110,-171
1141.32,298,-94,-177
1141.36,301,-84,-170
1141.4,303,-94,-163
1141.44,370,-128,-166
1141.48,292,-96,-204
1141.52,276,-76,-168
1141.56,292,-80,-179
1141.6,281,-57,-193
1141.64,288,-61,-213
1141.68,260,-51,-217
1141.72,235,-22,-236
1141.76,245,-34,-226
1141.8,241,-18,-225
1141.84,228,-1,-220
1141.88,280,-3,-225
1141.92,201,0,-209
1141.96,201,16,-263
1142,221,22,-206
1142.04,216,-1,-167
1142.08,229,-24,-208
1142.12,243,-19,-248
1142.16,275,-30,-164
1142.2,254,-47,-162
1142.24,244,-62,-165
1142.28,248,-90,-142
1142.32,227,-118,-116
1142.36,219,-126,-123
1142.4,212,-141,-120
1142.44,207,-153,-120
1142.48,190,-163,-114
1142.52,192,-165,-99
1142.56,189,-165,-75
1142.6,193,-175,-58
1142.64,176,-180,-57
1142.68,208,-168,-40
1142.72,159,-219,-25
1142.76,151,-178,-1
1142.8,149,-184,5
1142.84,128,-211,19
1142.88,116,-216,23
1142.92,124,-224,16
1142.96,132,-222,15
1143,123,-237,22
1143.04,111,-227,29
1143.08,113,-230,27
1143.12,139,-230,35
1143.16,120,-289,36
1143.2,133,-231,25
1143.24,141,-211,16
1143.28,110,-156,8
1143.32,189,-214,10
1143.36,159,-231,7
1143.4,172,-182,8
1143.44,181,-184,1
1143.48,184,-193,0
1143.52,191,-211,-2
1143.56,189,-188,-1
1143.6,196,-189,0
1143.64,194,-197,4
1143.68,179,-186,2
1143.72,182,-180,3
1143.76,195,-173,1
1143.8,192,-189,0
1143.84,202,-185,-14
1143.88,213,-185,-18
1143.92,230,-184,-17
1143.96,257,-210,-6
1144,205,-242,-7
1144.04,214,-188,-4
1144.08,210,-182,3
1144.12,214,-191,6
1144.16,214,-209,7
1144.2,211,-207,15
1144.24,227,-300,21
1144.28,139,-255,15
1144.32,126,-274,3
1144.36,106,-310,3
1144.4,81,-333,-22
1144.44,51,-366,-37
1144.48,39,-389,-46
1144.52,18,-453,-43
1144.56,30,-414,-50
1144.6,14,-412,-25
1144.64,20,-448,-36
1144.68,7,-449,-6
1144.72,18,-438,-24
1144.76,7,-431,-2
1144.8,7,-476,2
1144.84,22,-459,-9
1144.88,7,-554,-16
1144.92,5,-452,-9
1144.96,-3,-469,-7
1145,16,-473,-31
1145.04,6,-446,-17
1145.08,-2,-459,-5
1145.12,19,-461,-34
1145.16,3,-458,-21
1145.2,5,-449,-33
1145.24,-1,-444,-27
1145.28,5,-428,-36
1145.32,5,-449,-40
1145.36,-11,-441,-16
1145.4,-3,-427,-16
1145.44,-9,-415,1
1145.48,-6,-514,3
1145.52,-19,-419,-2
1145.56,-22,-376,1
1145.6,-35,-352,0
1145.64,-40,-345,0
1145.68,-61,-359,1
1145.72,-54,-298,5
1145.76,-52,-254,43
1145.8,-24,-252,83
1145.84,-6,-168,140
1145.88,0,-103,107
1145.92,-3,-136,143
1145.96,-13,-186,151
1146,-14,-150,202
1146.04,-15,-129,179
1146.08,-4,-110,188
1146.12,-3,-103,208
1146.16,-12,-115,201
1146.2,-8,-129,197
1146.24,-14,-141,187
1146.28,-15,-149,186
1146.32,-23,-171,194
1146.36,-22,-184,217
1146.4,-24,-199,223
1146.44,-10,-267,216
1146.48,-19,-173,218
1146.52,-3,-223,231
1146.56,9,-225,216
1146.6,6,-297,193
1146.64,6,-261,218
1146.68,9,-286,162
1146.72,28,-255,171
1146.76,33,-240,153
1146.8,36,-259,144
1146.84,48,-252,144
1146.88,52,-263,137
1146.92,58,-255,129
1146.96,89,-318,136
1147,82,-261,109
1147.04,86,-180,81
1147.08,95,-315,117
1147.12,96,-247,106
1147.16,108,-260,110
1147.2,123,-238,121
1147.24,119,-239,123
1147.28,109,-249,107
1147.32,109,-265,96
1147.36,99,-248,108
1147.4,101,-248,104
1147.44,113,-240,106
1147.48,145,-245,112
1147.52,125,-285,148
1147.56,126,-214,116
1147.6,115,-221,114
1147.64,112,-228,98
1147.68,111,-253,92
1147.72,110,-226,104
1147.76,119,-224,114
1147.8,133,-233,111
1147.84,150,-302,139
1147.88,116,-259,105
1147.92,108,-247,96
1147.96,117,-241,91
1148,129,-246,94
1148.04,115,-226,99
1148.08,109,-222,108
1148.12,100,-229,131
1148.16,80,-253,133
1148.2,110,-253,130
1148.24,68,-244,128
1148.28,128,-299,191
1148.32,88,-185,119
1148.36,134,-239,195
1148.4,86,-326,183
1148.44,84,-270,217
1148.48,96,-266,180
1148.52,80,-282,180
1148.56,86,-259,181
1148.6,97,-263,127
1148.64,104,-266,230
1148.68,98,-270,181
1148.72,90,-254,204
1148.76,86,-253,200
1148.8,93,-235,215
1148.84,87,-241,219
1148.88,69,-239,225
1148.92,67,-261,197
1148.96,70,-252,202
1149,70,-256,201
1149.04,52,-297,208
1149.08,44,-219,251
1149.12,42,-207,206
1149.16,11,-209,186
1149.2,-2,-143,140
1149.24,-3,-222,251
1149.28,-9,-160,220
1149.32,-23,-160,213
1149.36,-25,-150,222
1149.4,-22,-141,216
1149.44,-33,-130,212
1149.48,-45,-137,213
1149.52,-59,-173,278
1149.56,-32,-99,176
1149.6,-29,-152,214
1149.64,-32,-183,203
1149.68,-4,-252,211
1149.72,1,-214,233
1149.76,2,-217,164
1149.8,9,-234,157
1149.84,8,-254,160
1149.88,13,-240,168
1149.92,11,-237,168
1149.96,6,-234,172
1150,0,-252,177
1150.04,0,-233,209
1150.08,3,-227,210
1150.12,-8,-226,211
1150.16,-8,-243,217
1150.2,-3,-204,235
1150.24,-1,-188,239
1150.28,-19,-187,235
1150.32,-18,-217,294
1150.36,-20,-164,234
1150.4,-28,-153,248
1150.44,-30,-163,236
1150.48,-27,-148,173
1150.52,-29,-133,313
1150.56,-30,-107,255
1150.6,-28,-95,236
1150.64,-42,-94,235
1150.68,-38,-105,233
1150.72,-38,-103,259
1150.76,-52,-96,232
1150.8,-56,-100,236
1150.84,-55,-92,234
1150.88,-88,-71,257
1150.92,-86,-86,241
1150.96,-86,-77,286
1151,-97,-91,220
1151.04,-120,-101,225
1151.08,-136,-109,210
1151.12,-153,-107,226
1151.16,-186,-92,228
1151.2,-151,-60,237
1151.24,-158,-25,264
1151.28,-176,1,182
1151.32,-187,19,152
1151.36,-177,34,131
1151.4,-177,41,123
1151.44,-187,44,108
1151.48,-207,29,114
1151.52,-205,36,130
1151.56,-206,23,129
1151.6,-205,21,119
1151.64,-225,20,141
1151.68,-211,32,129
1151.72,-229,44,126
1151.76,-248,48,121
1151.8,-304,51,116
1151.84,-242,77,121
1151.88,-234,77,175
1151.92,-229,77,144
1151.96,-233,70,143
1152,-256,74,140
1152.04,-232,51,158
1152.08,-274,42,183
1152.12,-199,20,237
1152.16,-191,3,203
1152.2,-120,0,158
1152.24,-186,0,222
1152.28,-142,0,228
1152.32,-171,-1,277
1152.36,-155,-9,211
1152.4,-134,-5,215
1152.44,-121,-1,191
1152.48,-123,-1,184
1152.52,-114,-2,192
1152.56,-112,-9,208
1152.6,-116,-18,208
1152.64,-121,-24,205
1152.68,-114,-35,207
1152.72,-113,-36,227
1152.76,-120,-42,216
1152.8,-143,-48,208
1152.84,-144,-46,205
1152.88,-210,-50,223
1152.92,-191,-36,204
1152.96,-203,-5,206
1153,-197,13,140
1153.04,-198,28,131
1153.08,-201,32,77
1153.12,-215,72,106
1153.16,-209,67,62
1153.2,-196,58,54
1153.24,-193,60,54
1153.28,-200,59,56
1153.32,-189,61,70
1153.36,-247,68,132
1153.4,-208,61,121
1153.44,-215,60,115
1153.48,-252,54,113
1153.52,-248,54,111
1153.56,-251,65,114
1153.6,-298,72,124
1153.64,-243,103,153
1153.68,-170,71,162
1153.72,-243,72,170
1153.76,-236,42,178
1153.8,-288,28,183
1153.84,-194,3,247
1153.88,-181,-5,219
1153.92,-166,-9,206
1153.96,-169,-17,211
1154,-178,-21,199
1154.04,-177,-31,218
1154.08,-151,-35,217
1154.12,-128,-33,226
1154.16,-119,-48,219
1154.2,-115,-57,219
1154.24,-133,-70,199
1154.28,-95,-95,207
1154.32,-74,-66,199
1154.36,-87,-95,212
1154.4,-103,-86,200
1154.44,-91,-104,273
1154.48,-107,-80,205
1154.52,-103,-103,204
1154.56,-101,-99,222
1154.6,-95,-118,210
1154.64,-102,-158,214
1154.68,-105,-195,225
1154.72,-60,-246,234
1154.76,-48,-196,288
1154.8,-32,-205,214
1154.84,-8,-215,213
1154.88,1,-202,216
1154.92,16,-207,203
1154.96,25,-212,204
1155,31,-219,208
1155.04,23,-209,214
1155.08,7,-213,209
1155.12,-2,-184,217
1155.16,-8,-156,233
1155.2,-22,-113,255
1155.24,-30,-89,237
1155.28,-51,-74,234
1155.32,-107,-81,297
1155.36,-110,-72,184
1155.4,-124,-69,301
1155.44,-151,-56,229
1155.48,-168,-47,218
1155.52,-173,-36,227
1155.56,-199,-24,220
1155.6,-288,-19,199
1155.64,-243,-11,259
1155.68,-224,0,226
1155.72,-230,13,243
1155.76,-238,14,171
1155.8,-254,24,225
1155.84,-260,17,269
1155.88,-258,2,207
1155.92,-266,-5,197
1155.96,-259,-11,197
1156,-236,-10,221
1156.04,-219,-12,234
1156.08,-213,-19,223
1156.12,-220,-34,226
1156.16,-201,-54,219
1156.2,-180,-61,235
1156.24,-203,-76,231
1156.28,-136,-56,299
1156.32,-118,-48,248
1156.36,-68,-33,196
1156.4,-121,-42,237
1156.44,-103,-70,228
1156.48,-124,-68,256
1156.52,-121,-95,190
1156.56,-124,-91,199
1156.6,-109,-96,197
1156.64,-98,-90,217
1156.68,-80,-53,262
1156.72,-68,-22,291
1156.76,-51,-3,301
1156.8,-64,41,405
1156.84,-43,52,334
1156.88,-66,94,336
1156.92,-73,94,314
1156.96,-83,130,297
1157,-64,172,249
1157.04,-51,190,267
1157.08,-51,221,261
1157.12,-64,230,270
1157.16,-55,210,271
1157.2,-37,183,299
1157.24,-20,167,305
1157.28,-2,141,312
1157.32,-2,126,331
1157.36,4,122,459
1157.4,3,90,357
1157.44,5,66,332
1157.48,0,49,343
1157.52,5,19,379
1157.56,7,1,373
1157.6,8,-4,356
1157.64,19,2,364
1157.68,21,-4,371
1157.72,50,-7,407
1157.76,73,-2,362
1157.8,71,-21,354
1157.84,53,-8,342
1157.88,113,-27,465
1157.92,101,-23,324
1157.96,129,-26,310
1158,135,-30,291
1158.04,208,-39,289
1158.08,133,-44,262
1158.12,192,-55,246
1158.16,190,-60,225
1158.2,278,-50,246
1158.24,231,-57,240
1158.28,236,-50,322
1158.32,264,-48,254
1158.36,271,-47,263
1158.4,252,-44,217
1158.44,244,-58,265
1158.48,263,-42,322
1158.52,256,-48,261
1158.56,271,-42,286
1158.6,267,-30,263
1158.64,263,-47,268
1158.68,232,-53,242
1158.72,234,-50,236
1158.76,233,-62,235
1158.8,256,-75,241
1158.84,258,-87,240
1158.88,244,-112,251
1158.92,228,-111,241
1158.96,256,-112,243
1159,252,-94,274
1159.04,340,-99,298
1159.08,291,-107,315
1159.12,287,-105,384
1159.16,261,-113,284
1159.2,264,-104,298
1159.24,277,-113,322
1159.28,303,-102,316
1159.32,298,-112,306
1159.36,266,-122,330
1159.4,239,-128,303
1159.44,257,-141,335
1159.48,289,-137,331
1159.52,254,-166,335
1159.56,244,-130,423
1159.6,232,-149,348
1159.64,227,-154,346
1159.68,228,-158,333
1159.72,229,-134,357
1159.76,235,-114,343
1159.8,253,-120,367
1159.84,220,-143,333
1159.88,214,-130,342
1159.92,214,-120,320
1159.96,218,-123,332
1160,204,-124,326
1160.04,220,-111,336
1160.08,241,-107,312
1160.12,291,-112,313
1160.16,245,-153,425
1160.2,235,-110,352
1160.24,252,-109,326
1160.28,269,-70,246
1160.32,271,-114,328
1160.36,262,-108,449
1160.4,242,-103,299
1160.44,264,-102,275
1160.48,252,-90,265
1160.52,270,-78,261
1160.56,297,-69,252
1160.6,307,-66,271
1160.64,263,-51,247
1160.68,272,-52,232
1160.72,275,-38,216
1160.76,315,-37,217
1160.8,300,-38,225
1160.84,350,-67,323
1160.88,275,-39,271
1160.92,270,-20,232
1160.96,308,-23,230
1161,397,-17,209
1161.04,294,-67,219
1161.08,279,-61,270
1161.12,219,-62,138
1161.16,269,-103,170
1161.2,351,-119,145
1161.24,262,-150,176
1161.28,259,-112,142
1161.32,282,-101,134
1161.36,286,-108,137
1161.4,315,-79,125
1161.44,342,-69,129
1161.48,359,-61,176
1161.52,327,-36,192
1161.56,336,-24,200
1161.6,353,-9,159
1161.64,349,-23,149
1161.68,310,-12,143
1161.72,290,-53,130
1161.76,248,-94,85
1161.8,241,-135,54
1161.84,269,-216,32
1161.88,178,-180,42
1161.92,165,-206,10
1161.96,166,-223,-2
1162,143,-287,-26
1162.04,126,-303,-76
1162.08,102,-318,-90
1162.12,94,-334,-106
1162.16,71,-380,-109
1162.2,65,-380,-130
1162.24,87,-361,-158
1162.28,86,-359,-174
1162.32,67,-481,-192
1162.36,46,-417,-224
1162.4,60,-368,-184
1162.44,48,-365,-169
1162.48,53,-400,-178
1162.52,27,-389,-163
1162.56,49,-372,-172
1162.6,38,-362,-199
1162.64,57,-391,-225
1162.68,22,-388,-184
1162.72,60,-358,-175
1162.76,38,-438,-159
1162.8,75,-366,-210
1162.84,47,-306,-113
1162.88,65,-365,-139
1162.92,72,-380,-166
1162.96,69,-487,-224
1163,52,-434,-173
1163.04,36,-406,-166
1163.08,24,-393,-138
1163.12,36,-402,-123
1163.16,23,-437,-93
1163.2,31,-392,-102
1163.24,9,-403,-73
1163.28,33,-423,-77
1163.32,29,-428,-76
1163.36,66,-370,-112
1163.4,62,-448,-106
1163.44,58,-365,-155
1163.48,65,-355,-149
1163.52,67,-347,-154
1163.56,69,-236,-110
1163.6,72,-398,-172
1163.64,72,-333,-127
1163.68,63,-334,-144
1163.72,50,-289,-155
1163.76,45,-285,-162
1163.8,44,-269,-160
1163.84,46,-291,-163
1163.88,49,-258,-198
1163.92,61,-257,-205
1163.96,64,-251,-184
1164,98,-333,-250
1164.04,81,-268,-221
1164.08,71,-290,-193
1164.12,83,-274,-198
1164.16,91,-295,-197
1164.2,94,-292,-231
1164.24,111,-287,-226
1164.28,53,-326,-236
1164.32,57,-245,-311
1164.36,29,-216,-261
1164.4,28,-190,-268
1164.44,18,-176,-252
1164.48,27,-164,-251
1164.52,19,-149,-245
1164.56,21,-145,-254
1164.6,5,-152,-253
1164.64,2,-129,-249
1164.68,19,-139,-258
1164.72,15,-130,-275
1164.76,8,-127,-268
1164.8,13,-136,-278
1164.84,10,-141,-286
1164.88,25,-174,-402
1164.92,25,-156,-302
1164.96,27,-157,-316
1165,25,-180,-313
1165.04,22,-183,-347
1165.08,41,-248,-461
1165.12,43,-173,-359
1165.16,89,-110,-230
1165.2,131,-156,-298
1165.24,175,-91,-323
1165.28,213,-55,-227
1165.32,226,-39,-213
1165.36,233,-35,-202
1165.4,259,-22,-217
1165.44,279,-19,-205
1165.48,332,14,-168
1165.52,358,40,-132
1165.56,395,63,-106
1165.6,437,75,-69
1165.64,458,81,-66
1165.68,419,95,-69
1165.72,432,86,-49
1165.76,436,101,-72
1165.8,446,105,-60
1165.84,418,117,-65
1165.88,443,103,-79
1165.92,429,94,-67
1165.96,520,85,-71
1166,445,100,-53
1166.04,413,71,-78
1166.08,377,47,-81
1166.12,346,45,-113
1166.16,349,0,-135
1166.2,312,-13,-171
1166.24,285,-26,-156
1166.28,280,-35,-155
1166.32,262,-39,-160
1166.36,258,-52,-163
1166.4,263,-66,-169
1166.44,270,-69,-165
1166.48,254,-99,-164
1166.52,227,-112,-202
1166.56,221,-127,-216
1166.6,272,-125,-224
1166.64,223,-149,-227
1166.68,201,-143,-302
1166.72,201,-148,-259
1166.76,198,-146,-227
1166.8,223,-151,-225
1166.84,216,-139,-222
1166.88,220,-129,-223
1166.92,240,-140,-208
1166.96,312,-161,-256
1167,265,-116,-188
1167.04,261,-115,-183
1167.08,270,-93,-198
1167.12,266,-80,-189
1167.16,283,-76,-184
1167.2,268,-66,-185
1167.24,264,-63,-180
1167.28,266,-66,-186
1167.32,323,-68,-192
1167.36,263,-86,-194
1167.4,197,-51,-192
1167.44,282,-54,-205
1167.48,261,-51,-188
1167.52,349,-42,-195
1167.56,285,-28,-225
1167.6,301,-25,-164
1167.64,331,-6,-165
1167.68,321,-1,-152
1167.72,315,0,-159
1167.76,318,16,-161
1167.8,335,11,-150
1167.84,332,23,-153
1167.88,325,13,-148
1167.92,311,30,-131
1167.96,329,34,-142
1168,296,26,-151
1168.04,301,40,-165
1168.08,279,56,-135
1168.12,283,85,-120
1168.16,260,131,-111
1168.2,244,146,-108
1168.24,287,222,-130
1168.28,234,218,-104
1168.32,226,246,-99
1168.36,212,223,-91
1168.4,217,231,-77
1168.44,239,247,-57
1168.48,228,274,-51
1168.52,233,283,-44
1168.56,252,304,-57
1168.6,301,281,-67
1168.64,228,352,-93
1168.68,159,225,-59
1168.72,208,301,-71
1168.76,279,325,-68
1168.8,270,379,-76
1168.84,263,301,-76
1168.88,241,282,-75
1168.92,221,289,-78
1168.96,234,297,-80
1169,217,284,-89
1169.04,220,278,-96
1169.08,243,291,-93
1169.12,250,318,-99
1169.16,219,362,-85
1169.2,214,344,-89
1169.24,193,342,-66
1169.28,205,354,-66
1169.32,194,390,-73
1169.36,214,365,-99
1169.4,251,350,-104
1169.44,166,440,-112
1169.48,146,365,-139
1169.52,132,392,-119
1169.56,129,336,-110
1169.6,124,330,-115
1169.64,129,304,-116
1169.68,130,320,-130
1169.72,158,288,-139
1169.76,179,263,-124
1169.8,200,264,-123
1169.84,186,269,-108
1169.88,170,261,-107
1169.92,166,271,-120
1169.96,178,267,-135
1170,156,247,-137
1170.04,192,250,-128
1170.08,158,303,-137
1170.12,180,242,-171
1170.16,172,258,-147
1170.2,171,236,-176
1170.24,160,241,-148
1170.28,178,264,-124
1170.32,183,287,-123
1170.36,180,287,-109
1170.4,176,300,-102
1170.44,198,290,-107
1170.48,188,319,-93
1170.52,236,418,-99
1170.56,165,349,-121
1170.6,168,356,-82
1170.64,129,296,-58
1170.68,217,383,-79
1170.72,167,518,-98
1170.76,176,371,-139
1170.8,202,360,-94
1170.84,203,363,-85
1170.88,200,337,-95
1170.92,186,331,-71
1170.96,229,306,-82
1171,218,300,-70
1171.04,230,275,-83
1171.08,234,273,-79
1171.12,325,282,-72
1171.16,236,365,-74
1171.2,163,191,-83
1171.24,217,258,-68
1171.28,235,256,-67
1171.32,280,344,-67
1171.36,245,277,-88
1171.4,258,259,-91
1171.44,249,239,-79
1171.48,232,255,-83
1171.52,240,248,-91
1171.56,238,259,-76
1171.6,256,273,-69
1171.64,272,283,-91
1171.68,267,257,-70
1171.72,251,247,-67
1171.76,258,246,-74
1171.8,238,265,-60
1171.84,240,256,-68
1171.88,260,235,-79
1171.92,304,233,-61
1171.96,266,313,-66
1172,262,260,-95
1172.04,253,257,-69
1172.08,263,261,-75
1172.12,273,246,-77
1172.16,250,252,-66
1172.2,252,243,-67
1172.24,263,234,-78
1172.28,261,223,-75
1172.32,243,245,-84
1172.36,245,221,-93
1172.4,229,210,-83
1172.44,247,219,-76
1172.48,275,245,-75
1172.52,306,210,-79
1172.56,334,192,-65
1172.6,335,200,-65
1172.64,325,202,-58
1172.68,330,175,-68
1172.72,353,163,-54
1172.76,498,153,-62
1172.8,268,146,-47
1172.84,362,139,-51
1172.88,376,133,-39
1172.92,538,122,-27
1172.96,383,134,-37
1173,384,96,-39
1173.04,393,97,-26
1173.08,447,76,-21
1173.12,407,75,-28
1173.16,407,86,-17
1173.2,420,77,-28
1173.24,460,45,-15
1173.28,404,38,-3
1173.32,403,29,32
1173.36,416,26,54
1173.4,423,30,65
1173.44,394,30,78
1173.48,479,50,93
1173.52,389,27,88
1173.56,356,48,69
1173.6,373,52,78
1173.64,339,73,81
1173.68,369,54,87
1173.72,320,72,63
1173.76,332,49,55
1173.8,307,41,18
1173.84,306,3,1
1173.88,306,-6,-4
1173.92,308,-2,-7
1173.96,291,-3,-6
1174,355,5,-2
1174.04,273,-13,-1
1174.08,210,-2,-11
1174.12,270,-2,-26
1174.16,270,-11,-29
1174.2,320,-10,-33
1174.24,270,-14,-49
1174.28,253,-20,-81
1174.32,245,-26,-94
1174.36,224,-32,-115
1174.4,233,-37,-129
1174.44,223,-38,-152
1174.48,230,-42,-178
1174.52,229,-58,-173
1174.56,244,-77,-203
1174.6,221,-92,-216
1174.64,221,-88,-217
1174.68,227,-97,-200
1174.72,261,-107,-211
1174.76,263,-110,-210
1174.8,277,-86,-215
1174.84,357,-74,-200
1174.88,290,-57,-205
1174.92,309,-27,-252
1174.96,296,1,-186
1175,295,-6,-193
1175.04,295,-9,-133
1175.08,304,0,-225
1175.12,290,1,-169
1175.16,283,5,-191
1175.2,284,2,-202
1175.24,312,-5,-200
1175.28,314,30,-185
1175.32,341,42,-156
1175.36,342,58,-136
1175.4,367,57,-132
1175.44,370,47,-134
1175.48,361,37,-146
1175.52,343,11,-143
1175.56,340,0,-188
1175.6,310,-19,-196
1175.64,378,-19,-217
1175.68,284,-33,-214
1175.72,271,-30,-285
1175.76,257,-30,-244
1175.8,248,-6,-252
1175.84,259,-2,-167
1175.88,278,0,-223
1175.92,244,-7,-267
1175.96,304,-16,-237
1176,252,-18,-292
1176.04,252,-17,-214
1176.08,210,-16,-155
1176.12,330,-25,-216
1176.16,269,-29,-238
1176.2,263,-22,-191
1176.24,316,0,-153
1176.28,346,13,-132
1176.32,378,43,-138
1176.36,372,39,-102
1176.4,396,60,-99
1176.44,409,60,-72
1176.48,429,78,-68
1176.52,415,58,-39
1176.56,424,62,-50
1176.6,424,57,-51
1176.64,428,47,-60
1176.68,409,47,-59
1176.72,534,44,-70
1176.76,426,55,-90
1176.8,406,38,-109
1176.84,398,63,-87
1176.88,442,63,-78
1176.92,431,87,-80
1176.96,408,78,-60
1177,406,101,-70
1177.04,463,89,-61
1177.08,427,103,-68
1177.12,407,95,-73
1177.16,398,100,-72
1177.2,423,113,-78
1177.24,463,169,-87
1177.28,337,167,-74
1177.32,340,155,-78
1177.36,332,157,-81
1177.4,332,172,-80
1177.44,344,196,-81
1177.48,264,257,-97
1177.52,259,212,-128
1177.56,267,232,-99
1177.6,225,199,-74
1177.64,330,300,-97
1177.68,254,255,-103
1177.72,277,257,-64
1177.76,296,251,-63
1177.8,284,270,-64
1177.84,281,269,-72
1177.88,256,246,-70
1177.92,250,243,-84
1177.96,235,244,-91
1178,223,218,-109
1178.04,213,215,-113
1178.08,226,239,-122
1178.12,203,239,-119
1178.16,202,224,-135
1178.2,217,241,-133
1178.24,306,258,-141
1178.28,222,336,-137
1178.32,211,254,-184
1178.36,201,241,-143
1178.4,183,224,-156
1178.44,150,237,-171
1178.48,171,236,-179
1178.52,175,241,-178
1178.56,168,239,-179
1178.6,135,249,-174
1178.64,126,248,-179
1178.68,120,247,-156
1178.72,146,266,-146
1178.76,87,282,-163
1178.8,98,372,-203
1178.84,61,310,-157
1178.88,41,235,-115
1178.92,37,396,-170
1178.96,9,332,-144
1179,-5,336,-161
1179.04,-1,350,-151
1179.08,0,354,-149
1179.12,3,362,-138
1179.16,-1,354,-155
1179.2,0,364,-144
1179.24,0,350,-173
1179.28,-16,358,-144
1179.32,-10,334,-160
1179.36,-6,421,-148
1179.4,8,232,-167
1179.44,3,309,-183
1179.48,6,273,-196
1179.52,15,279,-188
1179.56,27,377,-179
1179.6,44,336,-214
1179.64,60,318,-169
1179.68,73,318,-141
1179.72,89,324,-109
1179.76,100,366,-95
1179.8,130,341,-95
1179.84,141,341,-102
1179.88,154,334,-98
1179.92,149,363,-93
1179.96,155,365,-87
1180,191,341,-101
1180.04,188,331,-90
1180.08,173,338,-114
1180.12,130,322,-119
1180.16,158,321,-118
1180.2,119,406,-129
1180.24,129,335,-90
1180.28,122,383,-95
1180.32,111,371,-98
1180.36,119,361,-105
1180.4,130,362,-89
1180.44,150,480,-90
1180.48,129,424,-85
1180.52,99,286,-58
1180.56,89,480,-63
1180.6,45,301,-59
1180.64,3,468,-58
1180.68,-1,367,-70
1180.72,-14,375,-43
1180.76,-11,400,-44
1180.8,-9,383,-37
1180.84,11,339,-69
1180.88,17,298,-79
1180.92,30,284,-103
1180.96,36,261,-115
1181,48,253,-103
1181.04,81,233,-111
1181.08,98,219,-106
1181.12,135,202,-114
1181.16,166,188,-123
1181.2,209,173,-124
1181.24,283,190,-111
1181.28,250,243,-108
1181.32,265,195,-122
1181.36,251,182,-90
1181.4,202,161,-67
1181.44,337,274,-88
1181.48,294,214,-119
1181.52,326,220,-98
1181.56,324,222,-82
1181.6,306,243,-72
1181.64,326,232,-80
1181.68,329,227,-54
1181.72,349,261,-67
1181.76,295,273,-79
1181.8,270,279,-92
1181.84,269,281,-88
1181.88,362,334,-108
1181.92,280,278,-77
1181.96,282,259,-95
1182,273,256,-104
1182.04,284,267,-96
1182.08,267,249,-98
1182.12,259,208,-126
1182.16,241,183,-124
1182.2,251,184,-133
1182.24,247,176,-123
1182.28,267,159,-132
1182.32,347,133,-121
1182.36,278,144,-135
1182.4,278,106,-190
1182.44,202,81,-109
1182.48,283,97,-123
1182.52,389,87,-113
1182.56,351,55,-116
1182.6,299,31,-109
1182.64,314,6,-118
1182.68,306,-3,-130
1182.72,322,-16,-125
1182.76,316,-27,-111
1182.8,325,-26,-101
1182.84,328,-35,-88
1182.88,343,-25,-87
1182.92,334,-40,-92
1182.96,333,-38,-113
1183,329,-39,-107
1183.04,334,-10,-122
1183.08,329,-2,-120
1183.12,339,3,-121
1183.16,439,40,-153
1183.2,337,38,-110
1183.24,313,63,-117
1183.28,312,62,-107
1183.32,312,76,-92
1183.36,333,71,-88
1183.4,383,79,-85
1183.44,295,105,-84
1183.48,212,63,-86
1183.52,315,89,-99
1183.56,307,105,-108
1183.6,385,108,-109
1183.64,327,124,-102
1183.68,346,102,-132
1183.72,389,107,-98
1183.76,359,106,-95
1183.8,346,105,-131
1183.84,343,90,-120
1183.88,377,83,-137
1183.92,361,73,-136
1183.96,336,58,-140
1184,335,58,-154
1184.04,341,56,-161
1184.08,306,77,-150
1184.12,279,82,-142
1184.16,246,107,-128
1184.2,248,120,-104
1184.24,282,180,-109
1184.28,220,146,-143
1184.32,226,161,-112
1184.36,180,145,-74
1184.4,271,241,-75
1184.44,217,311,-79
1184.48,223,243,-102
1184.52,252,254,-82
1184.56,248,271,-91
1184.6,265,276,-111
1184.64,261,306,-95
1184.68,268,300,-113
1184.72,250,318,-96
1184.76,245,320,-86
1184.8,235,352,-65
1184.84,274,360,-49
1184.88,191,407,-37
1184.92,141,341,-12
1184.96,105,321,0
1185,73,335,16
1185.04,74,341,28
1185.08,57,336,43
1185.12,56,320,67
1185.16,30,399,60
1185.2,9,310,82
1185.24,-1,284,50
1185.28,-4,272,50
1185.32,-14,226,39
1185.36,-40,184,23
1185.4,-71,151,9
1185.44,-88,141,9
1185.48,-120,112,5
1185.52,-171,77,-11
1185.56,-293,38,-13
1185.6,-253,13,-13
1185.64,-197,-2,-17
1185.68,-282,-9,-9
1185.72,-314,-14,-15
1185.76,-423,-11,-21
1185.8,-331,-11,-14
1185.84,-332,0,-14
1185.88,-352,-3,-1
1185.92,-354,0,-2
1185.96,-376,-4,-5
1186,-376,-17,9
1186.04,-400,-5,8
1186.08,-392,2,5
1186.12,-522,1,15
1186.16,-395,2,18
1186.2,-369,4,15
1186.24,-391,40,21
1186.28,-337,33,16
1186.32,-303,62,10
1186.36,-271,84,27
1186.4,-219,148,59
1186.44,-143,233,94
1186.48,-112,252,132
1186.52,-52,360,175
1186.56,-38,320,154
1186.6,-28,346,134
1186.64,-22,352,109
1186.68,-21,332,91
1186.72,-20,344,143
1186.76,-21,372,123
1186.8,-2,368,105
1186.84,-24,323,114
1186.88,-64,281,109
1186.92,-114,271,92
1186.96,-151,239,105
1187,-187,204,90
1187.04,-246,141,87
1187.08,-345,82,68
1187.12,-333,40,49
1187.16,-260,4,14
1187.2,-482,-23,-2
1187.24,-410,-39,2
1187.28,-429,-58,10
1187.32,-434,-56,5
1187.36,-527,-73,4
1187.4,-443,-90,13
1187.44,-492,-61,5
1187.48,-443,-73,23
1187.52,-318,-37,16
1187.56,-576,-40,33
1187.6,-480,-27,19
1187.64,-442,-17,14
1187.68,-444,-10,36
1187.72,-450,7,10
1187.76,-447,14,40
1187.8,-385,36,82
1187.84,-339,61,136
1187.88,-321,82,150
1187.92,-319,75,164
1187.96,-286,93,163
1188,-225,126,221
1188.04,-171,181,238
1188.08,-122,215,273
1188.12,-105,257,280
1188.16,-104,258,291
1188.2,-83,369,281
1188.24,-75,291,350
1188.28,-68,290,300
1188.32,-59,277,315
1188.36,-71,280,267
1188.4,-82,288,270
1188.44,-93,316,269
1188.48,-125,349,355
1188.52,-104,273,307
1188.56,-107,278,277
1188.6,-107,292,281
1188.64,-85,321,286
1188.68,-81,295,304
1188.72,-80,292,310
1188.76,-80,379,363
1188.8,-101,278,266
1188.84,-78,212,209
1188.88,-145,256,267
1188.92,-110,322,290
1188.96,-112,268,385
1189,-110,292,265
1189.04,-127,285,293
1189.08,-127,282,270
1189.12,-131,276,272
1189.16,-106,280,314
1189.2,-110,293,326
1189.24,-111,298,288
1189.28,-94,316,292
1189.32,-92,278,284
1189.36,-98,255,297
1189.4,-106,262,280
1189.44,-103,289,234
1189.48,-90,292,249
1189.52,-71,292,227
1189.56,-47,332,184
1189.6,-41,242,265
1189.64,-34,264,222
1189.68,-27,267,219
1189.72,-28,217,150
1189.76,-6,349,212
1189.8,-2,271,152
1189.84,-3,339,172
1189.88,0,289,188
1189.92,0,322,163
1189.96,1,322,170
1190,-1,335,155
1190.04,0,338,168
1190.08,0,364,139
1190.12,0,395,129
1190.16,0,391,107
1190.2,0,367,111
1190.24,3,403,78
1190.28,0,441,82
1190.32,2,408,64
1190.36,7,407,68
1190.4,36,415,47
1190.44,50,420,45
1190.48,75,363,23
1190.52,101,412,33
1190.56,73,324,10
1190.6,65,237,15
1190.64,49,354,3
1190.68,42,256,0
1190.72,38,253,1
1190.76,43,247,0
1190.8,54,270,1
1190.84,77,257,1
1190.88,104,252,0
1190.92,129,244,4
1190.96,140,247,7
1191,157,242,0
1191.04,204,320,0
1191.08,194,265,0
1191.12,234,250,-4
1191.16,216,247,2
1191.2,193,230,-1
1191.24,194,244,-4
1191.28,212,260,-4
1191.32,214,279,-1
1191.36,247,244,-4
1191.4,268,245,0
1191.44,273,230,0
1191.48,238,244,-15
1191.52,292,247,-11
1191.56,255,337,-6
1191.6,285,247,-28
1191.64,270,258,-40
1191.68,255,171,-20
1191.72,248,296,-41
1191.76,266,232,-66
1191.8,255,260,-41
1191.84,290,236,-51
1191.88,317,225,-44
1191.92,322,218,-17
1191.96,309,231,-22
1192,327,212,-40
1192.04,361,195,-23
1192.08,352,202,-22
1192.12,324,210,-8
1192.16,334,205,-14
1192.2,362,187,-6
1192.24,414,189,-12
1192.28,376,182,-6
1192.32,469,173,-37
1192.36,379,188,-32
1192.4,389,142,-56
1192.44,397,139,-27
1192.48,374,159,-39
1192.52,395,124,-40
1192.56,396,140,-52
1192.6,413,140,-16
1192.64,315,207,-5
1192.68,196,118,8
1192.72,235,137,4
1192.76,253,131,1
1192.8,156,167,13
1192.84,123,143,30
1192.88,120,142,30
1192.92,130,133,38
1192.96,147,129,52
1193,133,137,60
1193.04,123,122,72
1193.08,109,118,74
1193.12,105,115,69
1193.16,104,106,65
1193.2,115,106,56
1193.24,157,139,57
1193.28,123,113,71
1193.32,114,128,62
1193.36,118,132,77
1193.4,131,139,90
1193.44,159,146,108
1193.48,160,154,121
1193.52,154,141,127
1193.56,145,135,125
1193.6,174,173,148
1193.64,156,138,107
1193.68,161,114,86
1193.72,158,190,113
1193.76,152,163,151
1193.8,154,169,126
1193.84,142,166,121
1193.88,144,143,127
1193.92,145,133,127
1193.96,154,128,143
1194,141,139,149
1194.04,152,134,149
1194.08,161,135,144
1194.12,164,145,140
1194.16,143,142,145
1194.2,130,153,131
1194.24,138,164,125
1194.28,145,168,113
1194.32,185,138,114
1194.36,141,154,149
1194.4,138,118,126
1194.44,146,125,129
1194.48,153,137,132
1194.52,164,137,149
1194.56,158,145,145
1194.6,153,150,144
1194.64,143,176,139
1194.68,194,218,176
1194.72,153,166,139
1194.76,143,151,123
1194.8,145,141,128
1194.84,134,137,118
1194.88,125,96,91
1194.92,94,75,55
1194.96,68,41,36
1195,45,25,23
1195.04,16,17,14
1195.08,4,4,5
1195.12,-7,-3,2
1195.16,-13,-10,0
1195.2,-8,-12,-6
1195.24,-4,-5,-5
1195.28,-1,-1,-1
1195.32,0,0,0
1195.36,0,0,0
1195.4,0,0,0
1195.44,0,0,0
1195.48,0,0,0
1195.52,0,0,0
1195.56,0,0,0
1195.6,0,0,0
1195.64,0,0,0
1195.68,0,-1,0
1195.72,0,0,0
1195.76,0,0,0
1195.8,0,0,0
1195.84,0,0,0
1195.88,0,0,0
1195.92,0,0,0
1195.96,0,0,0
1196,0,0,0
1196.04,0,0,0
1196.08,0,0,0
1196.12,0,0,0
1196.16,0,0,0
1196.2,0,0,0
1196.24,0,0,0
1196.28,0,0,0
1196.32,0,0,0
1196.36,0,0,0
1196.4,0,0,0
1196.44,0,0,0
1196.48,0,0,0
1196.52,0,0,0
1196.56,0,0,0
1196.6,0,0,0
1196.64,0,0,0
1196.68,0,0,0
1196.72,0,0,0
1196.76,0,0,0
1196.8,0,0,0
1196.84,0,0,0
1196.88,0,0,0
1196.92,0,0,0
1196.96,0,0,0
1197,0,0,0
1197.04,0,0,0
1197.08,0,0,0
1197.12,0,0,0
1197.16,0,0,0
1197.2,0,0,0
1197.24,0,0,0
1197.28,-1,0,-1
1197.32,-5,-1,-3
1197.36,-9,-4,-6
1197.4,-2,-6,-3
1197.44,0,0,0
1197.48,0,0,0
1197.52,-1,-1,0
1197.56,0,0,0
1197.6,0,-2,0
1197.64,0,0,0
1197.68,-1,-1,0
1197.72,0,-1,-1
1197.76,0,0,0
1197.8,-1,0,0
1197.84,0,-1,0
1197.88,0,-1,0
1197.92,-1,0,0
1197.96,0,0,0
1198,0,-1,0
1198.04,0,0,0
1198.08,0,0,0
1198.12,0,-1,0
1198.16,0,1,0
1198.2,0,-1,0
1198.24,0,0,0
1198.28,0,0,0
1198.32,0,0,0
1198.36,0,0,0
1198.4,0,0,0
1198.44,0,0,0
1198.48,0,0,0
1198.52,0,0,0
1198.56,0,0,0
1198.6,0,0,0
1198.64,0,0,0
1198.68,0,0,0
1198.72,0,0,0
1198.76,0,0,0
1198.8,0,0,0
1198.84,0,0,0
1198.88,0,0,0
1198.92,0,0,0
1198.96,0,0,0
1199,0,0,0
1199.04,0,0,0
1199.08,0,0,0
1199.12,0,0,0
1199.16,0,0,0
1199.2,0,0,0
1199.24,0,0,0
1199.28,0,0,0
1199.32,0,0,0
1199.36,0,0,0
1199.4,0,0,0
1199.44,0,0,0
1199.48,0,0,0
1199.52,0,0,0
1199.56,0,0,0
1199.6,0,0,0
1199.64,0,0,0
1199.68,0,0,0
1199.72,0,0,0
1199.76,0,0,0
1199.8,0,0,0
1199.84,0,0,0
1199.88,0,0,0
1199.92,0,0,0
1199.96,0,0,0
