2175.65,0,0
2175.7,0,0
2175.75,0,0
2175.8,0,0
2175.85,0,0
2175.9,0,0
2175.95,0,0
2176,0,0
2176.05,0,0
2176.1,0,0
2176.15,0,0
2176.2,0,0
2176.25,0,0
2176.3,0,0
2176.35,0,0
2176.4,0,0
2176.45,0,0
2176.5,0,0
2176.55,0,0
2176.6,0,0
2176.65,0,0
2176.7,0,0
2176.75,0,0
2176.8,0,0
2176.85,0,0
2176.9,0,0
2176.95,0,0
2177,1,0
2177.05,1,0
2177.1,0,0
2177.15,2,0
2177.2,2,0
2177.25,2,0
2177.3,0,0
2177.35,4,0
2177.4,2,0
2177.45,2,0
2177.5,4,0
2177.55,3,0
2177.6,2,0
2177.65,5,0
2177.7,0,0
2177.75,5,0
2177.8,3,0
2177.85,5,0
2177.9,3,0
2177.95,3,0
2178,3,0
2178.05,3,0
2178.1,7,0
2178.15,3,0
2178.2,4,0
2178.25,4,0
2178.3,8,0
2178.35,4,0
2178.4,5,0
2178.45,4,0
2178.5,5,0
2178.55,10,0
2178.6,5,0
2178.65,10,0
2178.7,5,0
2178.75,5,0
2178.8,5,0
2178.85,6,0
2178.9,10,0
2178.95,5,0
2179,5,0
2179.05,10,0
2179.1,5,0
2179.15,5,0
2179.2,11,0
2179.25,5,0
2179.3,5,0
2179.35,5,0
2179.4,5,0
2179.45,10,0
2179.5,5,0
2179.55,6,0
2179.6,10,0
2179.65,5,0
2179.7,5,0
2179.75,5,0
2179.8,5,0
2179.85,10,0
2179.9,6,0
2179.95,10,0
2180,5,0
2180.05,5,0
2180.1,10,0
2180.15,5,0
2180.2,5,0
2180.25,5,0
2180.3,6,0
2180.35,5,0
2180.4,10,0
2180.45,5,0
2180.5,10,0
2180.55,5,0
2180.6,5,0
2180.65,6,0
2180.7,5,0
2180.75,5,0
2180.8,10,0
2180.85,6,0
2180.9,11,0
2180.95,6,0
2181,6,0
2181.05,6,0
2181.1,7,0
2181.15,6,0
2181.2,13,0
2181.25,7,0
2181.3,7,0
2181.35,14,0
2181.4,8,0
2181.45,7,0
2181.5,8,0
2181.55,7,0
2181.6,16,0
2181.65,7,0
2181.7,8,0
2181.75,15,0
2181.8,8,0
2181.85,8,0
2181.9,9,0
2181.95,8,0
2182,17,0
2182.05,9,0
2182.1,8,0
2182.15,19,0
2182.2,9,0
2182.25,9,0
2182.3,19,0
2182.35,10,0
2182.4,10,0
2182.45,10,0
2182.5,10,0
2182.55,21,0
2182.6,10,0
2182.65,11,0
2182.7,21,0
2182.75,12,0
2182.8,11,0
2182.85,22,0
2182.9,12,0
2182.95,12,0
2183,11,0
2183.05,12,0
2183.1,25,0
2183.15,12,0
2183.2,25,0
2183.25,13,0
2183.3,13,0
2183.35,13,0
2183.4,13,0
2183.45,27,0
2183.5,13,0
2183.55,14,0
2183.6,28,0
2183.65,14,0
2183.7,14,0
2183.75,29,0
2183.8,14,0
2183.85,15,0
2183.9,15,0
2183.95,15,0
2184,30,0
2184.05,15,0
2184.1,31,0
2184.15,15,0
2184.2,16,0
2184.25,30,0
2184.3,16,0
2184.35,30,0
2184.4,16,0
2184.45,15,0
2184.5,31,0
2184.55,15,0
2184.6,15,0
2184.65,16,0
2184.7,15,0
2184.75,30,0
2184.8,16,0
2184.85,15,0
2184.9,31,0
2184.95,15,0
2185,15,0
2185.05,16,0
2185.1,15,0
2185.15,31,0
2185.2,15,0
2185.25,15,0
2185.3,16,0
2185.35,30,0
2185.4,16,0
2185.45,30,0
2185.5,16,0
2185.55,15,0
2185.6,15,0
2185.65,31,0
2185.7,0,0
2185.75,31,0
2185.8,15,0
2185.85,31,0
2185.9,15,0
2185.95,15,0
2186,16,0
2186.05,30,0
2186.1,15,0
2186.15,16,0
2186.2,15,0
2186.25,31,0
2186.3,15,0
2186.35,15,0
2186.4,31,0
2186.45,15,0
2186.5,16,0
2186.55,15,0
2186.6,15,0
2186.65,31,0
2186.7,15,0
2186.75,16,0
2186.8,30,0
2186.85,16,0
2186.9,15,0
2186.95,15,0
2187,32,0
2187.05,16,0
2187.1,16,0
2187.15,16,0
2187.2,33,0
2187.25,17,0
2187.3,17,0
2187.35,16,0
2187.4,18,0
2187.45,34,0
2187.5,17,0
2187.55,18,0
2187.6,35,0
2187.65,18,0
2187.7,18,0
2187.75,36,0
2187.8,18,0
2187.85,18,0
2187.9,17,0
2187.95,18,0
2188,36,0
2188.05,18,0
2188.1,18,0
2188.15,35,0
2188.2,18,0
2188.25,18,0
2188.3,18,0
2188.35,18,0
2188.4,18,0
2188.45,36,0
2188.5,17,0
2188.55,36,0
2188.6,18,0
2188.65,18,0
2188.7,18,0
2188.75,36,0
2188.8,17,0
2188.85,18,0
2188.9,18,0
2188.95,36,0
2189,18,0
2189.05,18,0
2189.1,35,0
2189.15,18,0
2189.2,18,0
2189.25,18,0
2189.3,36,0
2189.35,18,0
2189.4,18,0
2189.45,17,0
2189.5,36,0
2189.55,18,0
2189.6,18,0
2189.65,18,0
2189.7,35,0
2189.75,18,0
2189.8,18,0
2189.85,18,0
2189.9,36,0
2189.95,18,0
2190,18,0
2190.05,35,0
2190.1,18,0
2190.15,18,0
2190.2,18,0
2190.25,36,0
2190.3,18,0
2190.35,18,0
2190.4,17,0
2190.45,36,0
2190.5,18,0
2190.55,18,0
2190.6,18,0
2190.65,36,0
2190.7,17,0
2190.75,18,0
2190.8,18,0
2190.85,36,0
2190.9,18,0
2190.95,18,0
2191,35,0
2191.05,18,0
2191.1,18,0
2191.15,36,0
2191.2,18,0
2191.25,18,0
2191.3,18,0
2191.35,35,0
2191.4,18,0
2191.45,18,0
2191.5,18,0
2191.55,36,0
2191.6,18,0
2191.65,18,0.00785398
2191.7,18,0.00785398
2191.75,35,0.00785398
2191.8,18,0.00785398
2191.85,18,0.00785398
2191.9,18,0.00785398
2191.95,36,0.00785398
2192,18,0.00785398
2192.05,18,0.00785398
2192.1,17,0.00785398
2192.15,36,0.00785398
2192.2,18,0.00785398
2192.25,18,0.00785398
2192.3,18,0.00785398
2192.35,36,0.00785398
2192.4,18,0.01570796
2192.45,18,0.01570796
2192.5,18,0.01570796
2192.55,36,0.01570796
2192.6,17,0.01570796
2192.65,18,0.01570796
2192.7,18,0.01570796
2192.75,36,0.01570796
2192.8,18,0.01570796
2192.85,18,0.01570796
2192.9,36,0.01570796
2192.95,18,0.01570796
2193,17,0.01570796
2193.05,18,0.01570796
2193.1,36,0.01570796
2193.15,18,0.01570796
2193.2,18,0.01570796
2193.25,18,0.01570796
2193.3,37,0.01570796
2193.35,18,0.01570796
2193.4,35,0.02356194
2193.45,18,0.02356194
2193.5,18,0.02356194
2193.55,18,0.02356194
2193.6,36,0.02356194
2193.65,18,0.02356194
2193.7,18,0.02356194
2193.75,18,0.02356194
2193.8,17,0.02356194
2193.85,24,0.02356194
2193.9,3,0.02356194
2193.95,0,0.02356194
2194,0,0.03141593
2194.05,0,0.03141593
2194.1,0,0.03141593
2194.15,1,0.03141593
2194.2,0,0.03141593
2194.25,2,0.03141593
2194.3,0,0.03141593
2194.35,1,0.03141593
2194.4,0,0.03926991
2194.45,0,0.03926991
2194.5,0,0.03926991
2194.55,0,0.03926991
2194.6,0,0.04712389
2194.65,0,0.04712389
2194.7,0,0.04712389
2194.75,0,0.04712389
2194.8,0,0.04712389
2194.85,0,0.04712389
2194.9,0,0.04712389
2194.95,0,0.05497787
2195,0,0.05497787
2195.05,1,0.05497787
2195.1,0,0.05497787
2195.15,1,0.05497787
2195.2,1,0.05497787
2195.25,1,0.05497787
2195.3,0,0.06283185
2195.35,0,0.06283185
2195.4,0,0.06283185
2195.45,0,0.06283185
2195.5,0,0.06283185
2195.55,0,0.07068583
2195.6,0,0.07068583
2195.65,0,0.07068583
2195.7,0,0.07068583
2195.75,0,0.07853982
2195.8,0,0.07853982
2195.85,0,0.07853982
2195.9,0,0.0863938
2195.95,0,0.0863938
2196,0,0.09424778
2196.05,0,0.09424778
2196.1,0,0.09424778
2196.15,0,0.10210176
2196.2,0,0.10210176
2196.25,0,0.10995574
2196.3,0,0.10995574
2196.35,0,0.10995574
2196.4,0,0.11780972
2196.45,0,0.11780972
2196.5,0,0.12566371
2196.55,0,0.12566371
2196.6,0,0.13351769
2196.65,0,0.13351769
2196.7,0,0.14137167
2196.75,0,0.14137167
2196.8,0,0.14137167
2196.85,0,0.14922565
2196.9,0,0.14922565
2196.95,0,0.15707963
2197,0,0.15707963
2197.05,0,0.16493361
2197.1,0,0.16493361
2197.15,0,0.1727876
2197.2,0,0.1727876
2197.25,0,0.1727876
2197.3,0,0.18064158
2197.35,0,0.18849556
2197.4,0,0.18849556
2197.45,0,0.18849556
2197.5,0,0.19634954
2197.55,0,0.19634954
2197.6,0,0.19634954
2197.65,0,0.20420352
2197.7,0,0.20420352
2197.75,0,0.2120575
2197.8,0,0.2120575
2197.85,0,0.2120575
2197.9,0,0.21991149
2197.95,0,0.21991149
2198,0,0.21991149
2198.05,0,0.21991149
2198.1,0,0.22776547
2198.15,0,0.22776547
2198.2,0,0.22776547
2198.25,0,0.22776547
2198.3,0,0.23561945
2198.35,0,0.23561945
2198.4,0,0.23561945
2198.45,0,0.23561945
2198.5,0,0.24347343
2198.55,0,0.24347343
2198.6,0,0.24347343
2198.65,0,0.24347343
2198.7,0,0.24347343
2198.75,0,0.24347343
2198.8,0,0.25132741
2198.85,0,0.25132741
2198.9,0,0.25132741
2198.95,0,0.25132741
2199,0,0.25132741
2199.05,0,0.25918139
2199.1,0,0.25918139
2199.15,0,0.25918139
2199.2,1,0.25918139
2199.25,0,0.25918139
2199.3,1,0.25918139
2199.35,1,0.25918139
2199.4,2,0.25918139
2199.45,1,0.26703538
2199.5,2,0.26703538
2199.55,1,0.26703538
2199.6,3,0.26703538
2199.65,2,0.26703538
2199.7,2,0.26703538
2199.75,3,0.26703538
2199.8,4,0.26703538
2199.85,3,0.26703538
2199.9,3,0.26703538
2199.95,3,0.26703538
2200,6,0.27488936
2200.05,3,0.27488936
2200.1,3,0.27488936
2200.15,4,0.27488936
2200.2,7,0.27488936
2200.25,4,0.27488936
2200.3,4,0.27488936
2200.35,9,0.27488936
2200.4,4,0.27488936
2200.45,5,0.27488936
2200.5,9,0.27488936
2200.55,5,0.27488936
2200.6,5,0.27488936
2200.65,5,0.27488936
2200.7,11,0.27488936
2200.75,5,0.28274334
2200.8,6,0.28274334
2200.85,6,0.28274334
2200.9,12,0.28274334
2200.95,6,0.28274334
2201,6,0.28274334
2201.05,7,0.28274334
2201.1,13,0.28274334
2201.15,7,0.28274334
2201.2,7,0.28274334
2201.25,7,0.28274334
2201.3,15,0.28274334
2201.35,8,0.28274334
2201.4,8,0.28274334
2201.45,7,0.28274334
2201.5,16,0.28274334
2201.55,9,0.28274334
2201.6,8,0.28274334
2201.65,8,0.28274334
2201.7,18,0.28274334
2201.75,9,0.28274334
2201.8,9,0.28274334
2201.85,9,0.28274334
2201.9,19,0.28274334
2201.95,9,0.28274334
2202,10,0.28274334
2202.05,10,0.28274334
2202.1,20,0.28274334
2202.15,10,0.28274334
2202.2,10,0.28274334
2202.25,21,0.28274334
2202.3,11,0.29059732
2202.35,11,0.29059732
2202.4,11,0.29059732
2202.45,22,0.29059732
2202.5,12,0.29059732
2202.55,11,0.29059732
2202.6,12,0.29059732
2202.65,23,0.29059732
2202.7,12,0.29059732
2202.75,13,0.29059732
2202.8,12,0.29059732
2202.85,25,0.29059732
2202.9,13,0.29059732
2202.95,13,0.29059732
2203,13,0.29059732
2203.05,26,0.29059732
2203.1,13,0.29059732
2203.15,14,0.29059732
2203.2,27,0.29059732
2203.25,14,0.29059732
2203.3,14,0.29059732
2203.35,14,0.29059732
2203.4,29,0.29059732
2203.45,15,0.29059732
2203.5,14,0.29059732
2203.55,15,0.29059732
2203.6,30,0.29059732
2203.65,15,0.29059732
2203.7,16,0.29059732
2203.75,15,0.29059732
2203.8,31,0.29059732
2203.85,16,0.29059732
2203.9,16,0.29059732
2203.95,16,0.29059732
2204,33,0.29059732
2204.05,17,0.29059732
2204.1,16,0.29059732
2204.15,17,0.29059732
2204.2,34,0.29059732
2204.25,17,0.29059732
2204.3,18,0.29059732
2204.35,17,0.29059732
2204.4,36,0.29059732
2204.45,18,0.29059732
2204.5,18,0.29059732
2204.55,18,0.29059732
2204.6,37,0.29059732
2204.65,18,0.29059732
2204.7,19,0.29059732
2204.75,19,0.29059732
2204.8,37,0.29059732
2204.85,19,0.29059732
2204.9,18,0.29059732
2204.95,19,0.29059732
2205,37,0.29059732
2205.05,19,0.29059732
2205.1,19,0.29059732
2205.15,37,0.29059732
2205.2,19,0.29059732
2205.25,18,0.29059732
2205.3,19,0.29059732
2205.35,39,0.29059732
2205.4,19,0.29059732
2205.45,18,0.29059732
2205.5,38,0.29059732
2205.55,18,0.29059732
2205.6,19,0.29059732
2205.65,19,0.29059732
2205.7,37,0.29059732
2205.75,19,0.29059732
2205.8,19,0.29059732
2205.85,18,0.29059732
2205.9,38,0.29059732
2205.95,18,0.29059732
2206,19,0.29059732
2206.05,19,0.29059732
2206.1,18,0.29059732
2206.15,38,0.29059732
2206.2,18,0.29059732
2206.25,19,0.29059732
2206.3,37,0.29059732
2206.35,19,0.29059732
2206.4,19,0.29059732
2206.45,18,0.29059732
2206.5,38,0.29059732
2206.55,0,0.29059732
2206.6,37,0.29059732
2206.65,19,0.29059732
2206.7,19,0.29059732
2206.75,37,0.29059732
2206.8,19,0.29059732
2206.85,37,0.29059732
2206.9,19,0.29059732
2206.95,18,0.29059732
2207,38,0.29059732
2207.05,18,0.29059732
2207.1,19,0.29059732
2207.15,19,0.29059732
2207.2,18,0.29059732
2207.25,38,0.29059732
2207.3,18,0.29059732
2207.35,19,0.29059732
2207.4,37,0.29059732
2207.45,19,0.29059732
2207.5,19,0.29059732
2207.55,18,0.29059732
2207.6,38,0.29059732
2207.65,18,0.29059732
2207.7,19,0.29059732
2207.75,19,0.29059732
2207.8,37,0.29059732
2207.85,19,0.29059732
2207.9,18,0.29059732
2207.95,19,0.29059732
2208,37,0.29059732
2208.05,19,0.29059732
2208.1,19,0.29059732
2208.15,18,0.29059732
2208.2,38,0.29059732
2208.25,18,0.29059732
2208.3,19,0.29059732
2208.35,19,0.29059732
2208.4,37,0.29059732
2208.45,19,0.29059732
2208.5,19,0.29059732
2208.55,18,0.29059732
2208.6,38,0.29059732
2208.65,18,0.29059732
2208.7,19,0.29059732
2208.75,37,0.29059732
2208.8,19,0.29059732
2208.85,19,0.29059732
2208.9,18,0.29059732
2208.95,38,0.29059732
2209,18,0.29059732
2209.05,19,0.29059732
2209.1,19,0.29059732
2209.15,37,0.29059732
2209.2,19,0.29059732
2209.25,37,0.29059732
2209.3,19,0.29059732
2209.35,19,0.29059732
2209.4,18,0.29059732
2209.45,38,0.29059732
2209.5,19,0.29059732
2209.55,18,0.29059732
2209.6,19,0.29059732
2209.65,37,0.29059732
2209.7,19,0.29059732
2209.75,19,0.29059732
2209.8,18,0.29059732
2209.85,38,0.29059732
2209.9,19,0.29059732
2209.95,18,0.29059732
2210,19,0.29059732
2210.05,37,0.29059732
2210.1,19,0.29059732
2210.15,19,0.29059732
2210.2,19,0.29059732
2210.25,39,0.29059732
2210.3,18,0.29059732
2210.35,19,0.29059732
2210.4,19,0.29059732
2210.45,37,0.29059732
2210.5,19,0.29059732
2210.55,18,0.29059732
2210.6,19,0.29059732
2210.65,37,0.29059732
2210.7,19,0.29059732
2210.75,19,0.29059732
2210.8,18,0.29059732
2210.85,19,0.29059732
2210.9,37,0.29059732
2210.95,19,0.29059732
2211,19,0.29059732
2211.05,37,0.29059732
2211.1,19,0.29059732
2211.15,19,0.29059732
2211.2,18,0.29059732
2211.25,38,0.29059732
2211.3,18,0.29059732
2211.35,19,0.29059732
2211.4,19,0.29059732
2211.45,37,0.29059732
2211.5,19,0.29059732
2211.55,18,0.29059732
2211.6,38,0.29059732
2211.65,18,0.29059732
2211.7,19,0.29059732
2211.75,37,0.29059732
2211.8,19,0.29059732
2211.85,19,0.29059732
2211.9,18,0.29059732
2211.95,38,0.29059732
2212,19,0.29059732
2212.05,18,0.29059732
2212.1,19,0.29059732
2212.15,37,0.29059732
2212.2,19,0.29059732
2212.25,18,0.29059732
2212.3,19,0.29059732
2212.35,37,0.29059732
2212.4,19,0.29059732
2212.45,19,0.29059732
2212.5,19,0.29059732
2212.55,37,0.29059732
2212.6,19,0.29059732
2212.65,18,0.29059732
2212.7,19,0.29059732
2212.75,37,0.29059732
2212.8,19,0.29059732
2212.85,19,0.29059732
2212.9,18,0.29059732
2212.95,38,0.29059732
2213,18,0.29059732
2213.05,19,0.29059732
2213.1,19,0.29059732
2213.15,37,0.29059732
2213.2,0,0.29059732
2213.25,37,0.29059732
2213.3,19,0.29059732
2213.35,37,0.29059732
2213.4,19,0.29059732
2213.45,19,0.29059732
2213.5,18,0.29059732
2213.55,38,0.29059732
2213.6,18,0.29059732
2213.65,19,0.29059732
2213.7,19,0.29059732
2213.75,37,0.29059732
2213.8,19,0.29059732
2213.85,19,0.29059732
2213.9,18,0.29059732
2213.95,19,0.29059732
2214,37,0.29059732
2214.05,19,0.29059732
2214.1,19,0.29059732
2214.15,37,0.29059732
2214.2,19,0.29059732
2214.25,18,0.29059732
2214.3,39,0.29059732
2214.35,18,0.29059732
2214.4,19,0.29059732
2214.45,19,0.29059732
2214.5,18,0.29059732
2214.55,38,0.29059732
2214.6,18,0.29059732
2214.65,19,0.29059732
2214.7,37,0.29059732
2214.75,19,0.29059732
2214.8,19,0.29059732
2214.85,18,0.29059732
2214.9,38,0.29059732
2214.95,18,0.29059732
2215,19,0.29059732
2215.05,19,0.29059732
2215.1,37,0.29059732
2215.15,19,0.29059732
2215.2,19,0.29059732
2215.25,37,0.29059732
2215.3,19,0.29059732
2215.35,18,0.29059732
2215.4,19,0.29059732
2215.45,37,0.29059732
2215.5,19,0.29059732
2215.55,19,0.29059732
2215.6,18,0.29059732
2215.65,38,0.29059732
2215.7,18,0.29059732
2215.75,19,0.29059732
2215.8,19,0.29059732
2215.85,37,0.29059732
2215.9,19,0.29059732
2215.95,18,0.29059732
2216,19,0.29059732
2216.05,37,0.29059732
2216.1,19,0.29059732
2216.15,19,0.29059732
2216.2,18,0.29059732
2216.25,38,0.29059732
2216.3,18,0.29059732
2216.35,19,0.29059732
2216.4,19,0.29059732
2216.45,37,0.29059732
2216.5,19,0.29059732
2216.55,18,0.29059732
2216.6,19,0.29059732
2216.65,38,0.29059732
2216.7,18,0.29059732
2216.75,19,0.29059732
2216.8,19,0.29059732
2216.85,37,0.29059732
2216.9,19,0.29059732
2216.95,18,0.29059732
2217,38,0.29059732
2217.05,18,0.29059732
2217.1,19,0.29059732
2217.15,19,0.29059732
2217.2,37,0.29059732
2217.25,19,0.29059732
2217.3,18,0.29059732
2217.35,19,0.29059732
2217.4,38,0.29059732
2217.45,18,0.29059732
2217.5,19,0.29059732
2217.55,19,0.29059732
2217.6,18,0.29059732
2217.65,38,0.29059732
2217.7,18,0.29059732
2217.75,19,0.29059732
2217.8,39,0.29059732
2217.85,18,0.29059732
2217.9,19,0.29059732
2217.95,37,0.29059732
2218,19,0.29059732
2218.05,19,0.29059732
2218.1,18,0.29059732
2218.15,19,0.29059732
2218.2,37,0.29059732
2218.25,19,0.29059732
2218.3,19,0.29059732
2218.35,18,0.29059732
2218.4,38,0.29059732
2218.45,19,0.29059732
2218.5,18,0.29059732
2218.55,19,0.29059732
2218.6,37,0.29059732
2218.65,19,0.29059732
2218.7,19,0.29059732
2218.75,37,0.29059732
2218.8,19,0.29059732
2218.85,18,0.29059732
2218.9,19,0.29059732
2218.95,37,0.29059732
2219,19,0.29059732
2219.05,19,0.29059732
2219.1,18,0.29059732
2219.15,38,0.29059732
2219.2,18,0.29059732
2219.25,19,0.29059732
2219.3,37,0.29059732
2219.35,19,0.29059732
2219.4,19,0.29059732
2219.45,18,0.29059732
2219.5,38,0.29059732
2219.55,18,0.29059732
2219.6,19,0.29059732
2219.65,19,0.29059732
2219.7,37,0.29059732
2219.75,19,0.29059732
2219.8,18,0.29059732
2219.85,19,0.29059732
2219.9,37,0.29059732
2219.95,19,0.29059732
2220,19,0.29059732
2220.05,18,0.29059732
2220.1,38,0.29059732
2220.15,18,0.29059732
2220.2,19,0.29059732
2220.25,38,0.29059732
2220.3,18,0.29059732
2220.35,19,0.29059732
2220.4,38,0.29059732
2220.45,19,0.29059732
2220.5,18,0.29059732
2220.55,13,0.29059732
2220.6,8,0.2984513
2220.65,0,0.2984513
2220.7,0,0.2984513
2220.75,0,0.2984513
2220.8,2,0.2984513
2220.85,0,0.2984513
2220.9,1,0.2984513
2220.95,1,0.2984513
2221,1,0.2984513
2221.05,2,0.30630528
2221.1,0,0.30630528
2221.15,0,0.30630528
2221.2,0,0.30630528
2221.25,0,0.30630528
2221.3,0,0.30630528
2221.35,0,0.31415927
2221.4,0,0.31415927
2221.45,0,0.31415927
2221.5,0,0.31415927
2221.55,0,0.32201325
2221.6,0,0.32201325
2221.65,0,0.32986723
2221.7,0,0.32986723
2221.75,0,0.32986723
2221.8,0,0.33772121
2221.85,0,0.33772121
2221.9,0,0.33772121
2221.95,0,0.34557519
2222,0,0.35342917
2222.05,0,0.35342917
2222.1,0,0.35342917
2222.15,0,0.36128316
2222.2,0,0.36128316
2222.25,0,0.36913714
2222.3,0,0.36913714
2222.35,0,0.37699112
2222.4,0,0.3848451
2222.45,0,0.3848451
2222.5,0,0.39269908
2222.55,0,0.40055306
2222.6,0,0.40055306
2222.65,0,0.40055306
2222.7,0,0.40840704
2222.75,0,0.41626103
2222.8,0,0.41626103
2222.85,0,0.42411501
2222.9,0,0.43196899
2222.95,0,0.43196899
2223,0,0.43982297
2223.05,0,0.43982297
2223.1,0,0.44767695
2223.15,0,0.44767695
2223.2,0,0.45553093
2223.25,0,0.45553093
2223.3,0,0.46338492
2223.35,0,0.46338492
2223.4,0,0.4712389
2223.45,0,0.4712389
2223.5,0,0.47909288
2223.55,0,0.47909288
2223.6,0,0.48694686
2223.65,0,0.48694686
2223.7,0,0.49480084
2223.75,0,0.49480084
2223.8,0,0.49480084
2223.85,0,0.49480084
2223.9,0,0.50265482
2223.95,0,0.50265482
2224,0,0.51050881
2224.05,0,0.51050881
2224.1,0,0.51836279
2224.15,0,0.51836279
2224.2,0,0.51836279
2224.25,0,0.51836279
2224.3,0,0.52621677
2224.35,0,0.52621677
2224.4,0,0.53407075
2224.45,0,0.53407075
2224.5,0,0.53407075
2224.55,0,0.54192473
2224.6,0,0.54192473
2224.65,0,0.54192473
2224.7,0,0.54977871
2224.75,0,0.54977871
2224.8,0,0.54977871
2224.85,0,0.54977871
2224.9,0,0.5576327
2224.95,0,0.5576327
2225,0,0.5576327
2225.05,0,0.5576327
2225.1,0,0.5576327
2225.15,0,0.56548668
2225.2,0,0.56548668
2225.25,0,0.56548668
2225.3,0,0.56548668
2225.35,0,0.56548668
2225.4,0,0.57334066
2225.45,0,0.57334066
2225.5,0,0.57334066
2225.55,0,0.57334066
2225.6,0,0.57334066
2225.65,0,0.57334066
2225.7,0,0.58119464
2225.75,0,0.58119464
2225.8,1,0.58119464
2225.85,0,0.58119464
2225.9,1,0.58119464
2225.95,1,0.58119464
2226,1,0.58119464
2226.05,2,0.58119464
2226.1,1,0.58904862
2226.15,1,0.58904862
2226.2,2,0.58904862
2226.25,3,0.58904862
2226.3,2,0.58904862
2226.35,2,0.58904862
2226.4,3,0.58904862
2226.45,4,0.58904862
2226.5,3,0.58904862
2226.55,3,0.58904862
2226.6,2,0.58904862
2226.65,6,0.5969026
2226.7,4,0.5969026
2226.75,3,0.5969026
2226.8,4,0.5969026
2226.85,7,0.5969026
2226.9,4,0.5969026
2226.95,4,0.5969026
2227,8,0.5969026
2227.05,5,0.5969026
2227.1,4,0.5969026
2227.15,5,0.5969026
2227.2,10,0.5969026
2227.25,5,0.5969026
2227.3,5,0.5969026
2227.35,5,0.5969026
2227.4,12,0.60475659
2227.45,5,0.60475659
2227.5,6,0.60475659
2227.55,12,0.60475659
2227.6,6,0.60475659
2227.65,7,0.60475659
2227.7,6,0.60475659
2227.75,14,0.60475659
2227.8,7,0.60475659
2227.85,7,0.60475659
2227.9,7,0.60475659
2227.95,15,0.60475659
2228,7,0.60475659
2228.05,8,0.60475659
2228.1,8,0.60475659
2228.15,16,0.60475659
2228.2,8,0.60475659
2228.25,8,0.60475659
2228.3,9,0.60475659
2228.35,17,0.60475659
2228.4,9,0.60475659
2228.45,9,0.60475659
2228.5,9,0.60475659
2228.55,19,0.60475659
2228.6,10,0.60475659
2228.65,9,0.60475659
2228.7,10,0.60475659
2228.75,20,0.60475659
2228.8,11,0.60475659
2228.85,10,0.60475659
2228.9,10,0.60475659
2228.95,22,0.60475659
2229,11,0.61261057
2229.05,11,0.61261057
2229.1,11,0.61261057
2229.15,23,0.61261057
2229.2,11,0.61261057
2229.25,12,0.61261057
2229.3,12,0.61261057
2229.35,12,0.61261057
2229.4,24,0.61261057
2229.45,12,0.61261057
2229.5,13,0.61261057
2229.55,25,0.61261057
2229.6,13,0.61261057
2229.65,13,0.61261057
2229.7,27,0.61261057
2229.75,13,0.61261057
2229.8,13,0.61261057
2229.85,14,0.61261057
2229.9,28,0.61261057
2229.95,14,0.61261057
2230,14,0.61261057
2230.05,14,0.61261057
2230.1,29,0.61261057
2230.15,15,0.61261057
2230.2,15,0.61261057
2230.25,15,0.61261057
2230.3,15,0.61261057
2230.35,31,0.61261057
2230.4,15,0.61261057
2230.45,16,0.61261057
2230.5,31,0.61261057
2230.55,16,0.61261057
2230.6,17,0.61261057
2230.65,16,0.61261057
2230.7,16,0.61261057
2230.75,34,0.61261057
2230.8,16,0.61261057
2230.85,17,0.61261057
2230.9,35,0.61261057
2230.95,17,0.61261057
2231,18,0.61261057
2231.05,17,0.61261057
2231.1,36,0.61261057
2231.15,18,0.61261057
2231.2,18,0.61261057
2231.25,18,0.61261057
2231.3,37,0.61261057
2231.35,19,0.61261057
2231.4,19,0.61261057
2231.45,38,0.61261057
2231.5,19,0.61261057
2231.55,20,0.61261057
2231.6,19,0.61261057
2231.65,20,0.61261057
2231.7,39,0.61261057
2231.75,20,0.61261057
2231.8,20,0.61261057
2231.85,41,0.61261057
2231.9,20,0.61261057
2231.95,21,0.61261057
2232,21,0.61261057
2232.05,42,0.61261057
2232.1,21,0.61261057
2232.15,21,0.61261057
2232.2,22,0.61261057
2232.25,43,0.61261057
2232.3,22,0.61261057
2232.35,22,0.61261057
2232.4,44,0.61261057
2232.45,22,0.61261057
2232.5,22,0.61261057
2232.55,21,0.61261057
2232.6,44,0.61261057
2232.65,22,0.61261057
2232.7,22,0.61261057
2232.75,22,0.61261057
2232.8,44,0.61261057
2232.85,22,0.61261057
2232.9,22,0.61261057
2232.95,22,0.61261057
2233,43,0.61261057
2233.05,22,0.61261057
2233.1,22,0.61261057
2233.15,22,0.61261057
2233.2,44,0.61261057
2233.25,22,0.61261057
2233.3,22,0.61261057
2233.35,22,0.61261057
2233.4,44,0.61261057
2233.45,21,0.61261057
2233.5,22,0.61261057
2233.55,22,0.61261057
2233.6,44,0.61261057
2233.65,22,0.61261057
2233.7,22,0.61261057
2233.75,22,0.61261057
2233.8,44,0.61261057
2233.85,21,0.61261057
2233.9,22,0.61261057
2233.95,22,0.61261057
2234,44,0.61261057
2234.05,22,0.61261057
2234.1,22,0.61261057
2234.15,44,0.61261057
2234.2,22,0.61261057
2234.25,21,0.61261057
2234.3,22,0.61261057
2234.35,44,0.61261057
2234.4,22,0.61261057
2234.45,22,0.61261057
2234.5,22,0.61261057
2234.55,44,0.61261057
2234.6,22,0.61261057
2234.65,22,0.61261057
2234.7,22,0.61261057
2234.75,43,0.61261057
2234.8,22,0.61261057
2234.85,22,0.61261057
2234.9,22,0.61261057
2234.95,44,0.61261057
2235,22,0.61261057
2235.05,22,0.61261057
2235.1,44,0.61261057
2235.15,21,0.61261057
2235.2,22,0.61261057
2235.25,22,0.61261057
2235.3,44,0.61261057
2235.35,22,0.61261057
2235.4,22,0.61261057
2235.45,22,0.61261057
2235.5,44,0.61261057
2235.55,22,0.61261057
2235.6,22,0.61261057
2235.65,22,0.61261057
2235.7,43,0.61261057
2235.75,22,0.61261057
2235.8,22,0.61261057
2235.85,22,0.61261057
2235.9,44,0.61261057
2235.95,22,0.61261057
2236,22,0.61261057
2236.05,22,0.61261057
2236.1,44,0.61261057
2236.15,21,0.61261057
2236.2,22,0.61261057
2236.25,22,0.61261057
2236.3,45,0.61261057
2236.35,22,0.61261057
2236.4,22,0.61261057
2236.45,43,0.61261057
2236.5,22,0.61261057
2236.55,22,0.61261057
2236.6,22,0.61261057
2236.65,44,0.61261057
2236.7,22,0.61261057
2236.75,22,0.61261057
2236.8,22,0.61261057
2236.85,43,0.61261057
2236.9,22,0.61261057
2236.95,22,0.61261057
2237,22,0.61261057
2237.05,44,0.61261057
2237.1,22,0.61261057
2237.15,20,0.61261057
2237.2,14,0.60475659
2237.25,9,0.60475659
2237.3,0,0.5969026
2237.35,0,0.58904862
2237.4,0,0.58904862
2237.45,0,0.58119464
2237.5,0,0.57334066
2237.55,0,0.5576327
2237.6,0,0.54977871
2237.65,0,0.54192473
2237.7,0,0.53407075
2237.75,0,0.51836279
2237.8,0,0.49480084
2237.85,0,0.48694686
2237.9,0,0.4712389
2237.95,0,0.44767695
2238,0,0.43982297
2238.05,0,0.42411501
2238.1,0,0.41626103
2238.15,0,0.39269908
2238.2,0,0.3848451
2238.25,0,0.37699112
2238.3,0,0.36913714
2238.35,0,0.34557519
2238.4,0,0.33772121
2238.45,0,0.32986723
2238.5,0,0.32201325
2238.55,0,0.30630528
2238.6,0,0.2984513
2238.65,0,0.29059732
2238.7,0,0.28274334
2238.75,0,0.26703538
2238.8,0,0.26703538
2238.85,0,0.25918139
2238.9,0,0.25132741
2238.95,0,0.23561945
2239,0,0.22776547
2239.05,0,0.22776547
2239.1,0,0.21991149
2239.15,0,0.2120575
2239.2,0,0.20420352
2239.25,0,0.19634954
2239.3,0,0.19634954
2239.35,0,0.18849556
2239.4,0,0.18064158
2239.45,0,0.1727876
2239.5,0,0.1727876
2239.55,0,0.16493361
2239.6,0,0.15707963
2239.65,0,0.15707963
2239.7,0,0.14922565
2239.75,0,0.14137167
2239.8,0,0.14137167
2239.85,0,0.13351769
2239.9,0,0.13351769
2239.95,0,0.12566371
2240,0,0.12566371
2240.05,0,0.11780972
2240.1,0,0.10995574
2240.15,0,0.10995574
2240.2,0,0.10995574
2240.25,0,0.10210176
2240.3,0,0.10210176
2240.35,0,0.09424778
2240.4,0,0.09424778
2240.45,0,0.09424778
2240.5,0,0.0863938
2240.55,0,0.0863938
2240.6,0,0.0863938
2240.65,0,0.07853982
2240.7,0,0.07853982
2240.75,0,0.07853982
2240.8,0,0.07068583
2240.85,0,0.07068583
2240.9,0,0.07068583
2240.95,0,0.06283185
2241,0,0.06283185
2241.05,0,0.06283185
2241.1,0,0.06283185
2241.15,0,0.05497787
2241.2,0,0.05497787
2241.25,0,0.05497787
2241.3,0,0.05497787
2241.35,0,0.05497787
2241.4,0,0.04712389
2241.45,0,0.04712389
2241.5,0,0.04712389
2241.55,0,0.04712389
2241.6,0,0.04712389
2241.65,0,0.03926991
2241.7,0,0.03926991
2241.75,0,0.03926991
2241.8,0,0.03926991
2241.85,0,0.03926991
2241.9,0,0.03926991
2241.95,0,0.03141593
2242,0,0.03141593
2242.05,0,0.03141593
2242.1,1,0.03141593
2242.15,0,0.03141593
2242.2,1,0.03141593
2242.25,2,0.03141593
2242.3,1,0.03141593
2242.35,1,0.02356194
2242.4,1,0.02356194
2242.45,3,0.02356194
2242.5,2,0.02356194
2242.55,2,0.02356194
2242.6,2,0.02356194
2242.65,2,0.02356194
2242.7,5,0.02356194
2242.75,3,0.02356194
2242.8,2,0.02356194
2242.85,6,0.01570796
2242.9,3,0.01570796
2242.95,3,0.01570796
2243,4,0.01570796
2243.05,7,0.01570796
2243.1,3,0.01570796
2243.15,4,0.01570796
2243.2,8,0.01570796
2243.25,5,0.01570796
2243.3,4,0.01570796
2243.35,5,0.01570796
2243.4,9,0.01570796
2243.45,5,0.01570796
2243.5,5,0.01570796
2243.55,5,0.01570796
2243.6,11,0.01570796
2243.65,5,0.00785398
2243.7,6,0.00785398
2243.75,12,0.00785398
2243.8,6,0.00785398
2243.85,6,0.00785398
2243.9,6,0.00785398
2243.95,13,0.00785398
2244,7,0.00785398
2244.05,7,0.00785398
2244.1,7,0.00785398
2244.15,15,0.00785398
2244.2,7,0.00785398
2244.25,7,0.00785398
2244.3,8,0.00785398
2244.35,16,0.00785398
2244.4,8,0.00785398
2244.45,8,0.00785398
2244.5,8,0.00785398
2244.55,9,0.00785398
2244.6,17,0.00785398
2244.65,9,0.00785398
2244.7,9,0.00785398
2244.75,18,0.00785398
2244.8,10,0.00785398
2244.85,9,0.00785398
2244.9,10,0.00785398
2244.95,19,0.00785398
2245,10,0.00785398
2245.05,11,0.00785398
2245.1,21,0.00785398
2245.15,10,0.00785398
2245.2,11,0.00785398
2245.25,11,0
2245.3,22,0
2245.35,11,0
2245.4,11,0
2245.45,12,0
2245.5,23,0
2245.55,12,0
2245.6,12,0
2245.65,25,0
2245.7,12,0
2245.75,13,0
2245.8,12,0
2245.85,26,0
2245.9,13,0
2245.95,13,0
2246,14,0
2246.05,27,0
2246.1,13,0
2246.15,14,0
2246.2,28,0
2246.25,14,0
2246.3,15,0
2246.35,14,0
2246.4,30,0
2246.45,14,0
2246.5,15,0
2246.55,31,0
2246.6,15,0
2246.65,16,0
2246.7,15,0
2246.75,32,0
2246.8,16,0
2246.85,16,0
2246.9,17,0
2246.95,33,0
2247,16,0
2247.05,17,0
2247.1,17,0
2247.15,34,0
2247.2,18,0
2247.25,17,0
2247.3,18,0
2247.35,18,0
2247.4,35,0
2247.45,19,0
2247.5,18,0
2247.55,37,0
2247.6,18,0
2247.65,19,0
2247.7,19,0
2247.75,39,0
2247.8,19,0
2247.85,19,0
2247.9,40,0
2247.95,19,0
2248,20,0
2248.05,21,0
2248.1,41,0
2248.15,20,0
2248.2,21,0
2248.25,21,0
2248.3,42,0
2248.35,21,0
2248.4,21,0
2248.45,22,0
2248.5,43,0
2248.55,22,0
2248.6,22,0
2248.65,22,0
2248.7,44,0
2248.75,23,0
2248.8,22,0
2248.85,23,0
2248.9,46,0
2248.95,23,0
2249,23,0
2249.05,47,0
2249.1,24,0
2249.15,24,0
2249.2,24,0
2249.25,48,0
2249.3,24,0
2249.35,25,0
2249.4,24,0
2249.45,50,0
2249.5,25,0
2249.55,25,0
2249.6,25,0
2249.65,51,0
2249.7,26,0
2249.75,25,0
2249.8,26,0
2249.85,52,0
2249.9,25,0
2249.95,26,0
2250,25,0
2250.05,51,0
2250.1,26,0
2250.15,25,0
2250.2,26,0
2250.25,51,0
2250.3,26,0
2250.35,25,0
2250.4,26,0
2250.45,51,0
2250.5,25,0
2250.55,26,0
2250.6,25,0
2250.65,51,0
2250.7,26,0
2250.75,25,0
2250.8,53,0
2250.85,25,0
2250.9,26,0
2250.95,25,0
2251,51,0
2251.05,26,0
2251.1,25,0
2251.15,26,0
2251.2,52,0
2251.25,26,0
2251.3,25,0
2251.35,51,0
2251.4,26,0
2251.45,25,0
2251.5,26,0
2251.55,51,0
2251.6,25,0
2251.65,26,0
2251.7,25,0
2251.75,52,0
2251.8,25,0
2251.85,26,0
2251.9,25,0
2251.95,51,0
2252,26,0
2252.05,25,0
2252.1,26,0
2252.15,51,0
2252.2,25,0
2252.25,26,0
2252.3,25,0
2252.35,51,0
2252.4,26,0
2252.45,25,0
2252.5,26,0
2252.55,52,0
2252.6,25,0
2252.65,26,0
2252.7,51,0
2252.75,25,0
2252.8,26,0
2252.85,25,0
2252.9,26,0
2252.95,51,0
2253,25,0
2253.05,26,0
2253.1,51,0
2253.15,26,0
2253.2,26,0
2253.25,25,0
2253.3,51,0
2253.35,26,0
2253.4,25,0
2253.45,26,0
2253.5,51,0
2253.55,25,0
2253.6,0,0
2253.65,51,0
2253.7,51,0
2253.75,26,0
2253.8,25,0
2253.85,26,0
2253.9,51,0
2253.95,26,0
2254,25,0
2254.05,26,0
2254.1,51,0
2254.15,25,0
2254.2,26,0
2254.25,25,0
2254.3,51,0
2254.35,26,0
2254.4,25,0
2254.45,52,0
2254.5,25,0
2254.55,26,0
2254.6,25,0
2254.65,51,0
2254.7,26,0
2254.75,25,0
2254.8,26,0
2254.85,51,0
2254.9,26,0
2254.95,25,0
2255,26,0
2255.05,51,0
2255.1,26,0
2255.15,25,0
2255.2,26,0
2255.25,51,0
2255.3,25,0
2255.35,26,0
2255.4,52,0
2255.45,25,0
2255.5,26,0
2255.55,25,0
2255.6,51,0
2255.65,26,0
2255.7,26,0
2255.75,25,0
2255.8,52,0
2255.85,25,0
2255.9,26,0
2255.95,25,0
2256,51,0
2256.05,26,0
2256.1,25,0
2256.15,26,0
2256.2,51,0
2256.25,26,0
2256.3,25,0
2256.35,26,0
2256.4,20,0
2256.45,23,0
2256.5,2,-0.00785398
2256.55,0,-0.00785398
2256.6,0,-0.00785398
2256.65,0,-0.00785398
2256.7,0,-0.01570796
2256.75,0,-0.01570796
2256.8,0,-0.01570796
2256.85,0,-0.01570796
2256.9,0,-0.02356194
2256.95,0,-0.02356194
2257,0,-0.02356194
2257.05,0,-0.03141593
2257.1,0,-0.03141593
2257.15,0,-0.03926991
2257.2,0,-0.03926991
2257.25,0,-0.03926991
2257.3,0,-0.04712389
2257.35,0,-0.04712389
2257.4,0,-0.05497787
2257.45,0,-0.05497787
2257.5,0,-0.06283185
2257.55,0,-0.06283185
2257.6,0,-0.06283185
2257.65,0,-0.07068583
2257.7,0,-0.07853982
2257.75,0,-0.07853982
2257.8,0,-0.07853982
2257.85,0,-0.0863938
2257.9,0,-0.0863938
2257.95,0,-0.09424778
2258,0,-0.09424778
2258.05,0,-0.10210176
2258.1,0,-0.10995574
2258.15,0,-0.10995574
2258.2,0,-0.10995574
2258.25,0,-0.11780972
2258.3,0,-0.12566371
2258.35,0,-0.12566371
2258.4,0,-0.13351769
2258.45,0,-0.13351769
2258.5,0,-0.14137167
2258.55,0,-0.14922565
2258.6,0,-0.14922565
2258.65,0,-0.15707963
2258.7,0,-0.15707963
2258.75,0,-0.16493361
2258.8,0,-0.16493361
2258.85,0,-0.1727876
2258.9,0,-0.18064158
2258.95,0,-0.18064158
2259,0,-0.18064158
2259.05,0,-0.18849556
2259.1,0,-0.19634954
2259.15,0,-0.19634954
2259.2,0,-0.20420352
2259.25,0,-0.2120575
2259.3,0,-0.2120575
2259.35,0,-0.21991149
2259.4,0,-0.21991149
2259.45,0,-0.22776547
2259.5,0,-0.22776547
2259.55,0,-0.23561945
2259.6,0,-0.24347343
2259.65,0,-0.24347343
2259.7,0,-0.24347343
2259.75,0,-0.25132741
2259.8,0,-0.25918139
2259.85,0,-0.25918139
2259.9,0,-0.25918139
2259.95,0,-0.26703538
2260,0,-0.27488936
2260.05,0,-0.27488936
2260.1,0,-0.27488936
2260.15,0,-0.28274334
2260.2,0,-0.28274334
2260.25,0,-0.29059732
2260.3,0,-0.29059732
2260.35,0,-0.2984513
2260.4,0,-0.2984513
2260.45,0,-0.2984513
2260.5,0,-0.30630528
2260.55,0,-0.30630528
2260.6,0,-0.31415927
2260.65,0,-0.31415927
2260.7,0,-0.31415927
2260.75,0,-0.32201325
2260.8,0,-0.32986723
2260.85,0,-0.32986723
2260.9,0,-0.32986723
2260.95,0,-0.33772121
2261,0,-0.33772121
2261.05,0,-0.34557519
2261.1,0,-0.34557519
2261.15,0,-0.35342917
2261.2,0,-0.35342917
2261.25,0,-0.36128316
2261.3,0,-0.36128316
2261.35,0,-0.36913714
2261.4,0,-0.36913714
2261.45,0,-0.37699112
2261.5,0,-0.37699112
2261.55,0,-0.3848451
2261.6,0,-0.3848451
2261.65,0,-0.39269908
2261.7,0,-0.39269908
2261.75,0,-0.40055306
2261.8,0,-0.40055306
2261.85,0,-0.40840704
2261.9,0,-0.40840704
2261.95,0,-0.41626103
2262,0,-0.41626103
2262.05,0,-0.42411501
2262.1,0,-0.42411501
2262.15,0,-0.42411501
2262.2,0,-0.43196899
2262.25,0,-0.43982297
2262.3,0,-0.43982297
2262.35,0,-0.43982297
2262.4,0,-0.44767695
2262.45,0,-0.44767695
2262.5,0,-0.45553093
2262.55,0,-0.45553093
2262.6,0,-0.45553093
2262.65,0,-0.46338492
2262.7,0,-0.46338492
2262.75,0,-0.46338492
2262.8,0,-0.4712389
2262.85,0,-0.4712389
2262.9,0,-0.4712389
2262.95,0,-0.47909288
2263,0,-0.47909288
2263.05,0,-0.47909288
2263.1,0,-0.48694686
2263.15,0,-0.48694686
2263.2,0,-0.48694686
2263.25,0,-0.48694686
2263.3,0,-0.49480084
2263.35,0,-0.49480084
2263.4,0,-0.49480084
2263.45,0,-0.49480084
2263.5,0,-0.49480084
2263.55,0,-0.50265482
2263.6,0,-0.50265482
2263.65,0,-0.50265482
2263.7,0,-0.50265482
2263.75,0,-0.50265482
2263.8,0,-0.51050881
2263.85,0,-0.51050881
2263.9,0,-0.51050881
2263.95,0,-0.51050881
2264,0,-0.51050881
2264.05,0,-0.51050881
2264.1,0,-0.51836279
2264.15,0,-0.51836279
2264.2,1,-0.51836279
2264.25,0,-0.51836279
2264.3,1,-0.51836279
2264.35,1,-0.51836279
2264.4,1,-0.51836279
2264.45,1,-0.51836279
2264.5,1,-0.52621677
2264.55,3,-0.52621677
2264.6,2,-0.52621677
2264.65,1,-0.52621677
2264.7,2,-0.52621677
2264.75,4,-0.52621677
2264.8,3,-0.52621677
2264.85,2,-0.52621677
2264.9,5,-0.52621677
2264.95,3,-0.52621677
2265,3,-0.52621677
2265.05,3,-0.53407075
2265.1,6,-0.53407075
2265.15,4,-0.53407075
2265.2,3,-0.53407075
2265.25,4,-0.53407075
2265.3,8,-0.53407075
2265.35,4,-0.53407075
2265.4,4,-0.53407075
2265.45,4,-0.53407075
2265.5,9,-0.53407075
2265.55,5,-0.53407075
2265.6,5,-0.53407075
2265.65,5,-0.53407075
2265.7,10,-0.53407075
2265.75,6,-0.53407075
2265.8,5,-0.54192473
2265.85,6,-0.54192473
2265.9,12,-0.54192473
2265.95,6,-0.54192473
2266,6,-0.54192473
2266.05,6,-0.54192473
2266.1,13,-0.54192473
2266.15,7,-0.54192473
2266.2,7,-0.54192473
2266.25,14,-0.54192473
2266.3,7,-0.54192473
2266.35,8,-0.54192473
2266.4,7,-0.54192473
2266.45,8,-0.54192473
2266.5,15,-0.54192473
2266.55,9,-0.54192473
2266.6,8,-0.54192473
2266.65,16,-0.54192473
2266.7,9,-0.54192473
2266.75,9,-0.54192473
2266.8,9,-0.54192473
2266.85,18,-0.54192473
2266.9,9,-0.54192473
2266.95,9,-0.54192473
2267,10,-0.54192473
2267.05,19,-0.54192473
2267.1,10,-0.54192473
2267.15,10,-0.54192473
2267.2,20,-0.54192473
2267.25,11,-0.54192473
2267.3,10,-0.54192473
2267.35,11,-0.54977871
2267.4,22,-0.54977871
2267.45,11,-0.54977871
2267.5,11,-0.54977871
2267.55,11,-0.54977871
2267.6,23,-0.54977871
2267.65,12,-0.54977871
2267.7,12,-0.54977871
2267.75,12,-0.54977871
2267.8,24,-0.54977871
2267.85,12,-0.54977871
2267.9,13,-0.54977871
2267.95,12,-0.54977871
2268,27,-0.54977871
2268.05,13,-0.54977871
2268.1,13,-0.54977871
2268.15,13,-0.54977871
2268.2,27,-0.54977871
2268.25,14,-0.54977871
2268.3,14,-0.54977871
2268.35,14,-0.54977871
2268.4,14,-0.54977871
2268.45,29,-0.54977871
2268.5,14,-0.54977871
2268.55,30,-0.54977871
2268.6,15,-0.54977871
2268.65,15,-0.54977871
2268.7,15,-0.54977871
2268.75,30,-0.54977871
2268.8,16,-0.54977871
2268.85,16,-0.54977871
2268.9,16,-0.54977871
2268.95,32,-0.54977871
2269,16,-0.54977871
2269.05,16,-0.54977871
2269.1,17,-0.54977871
2269.15,33,-0.54977871
2269.2,17,-0.54977871
2269.25,17,-0.54977871
2269.3,17,-0.54977871
2269.35,35,-0.54977871
2269.4,17,-0.54977871
2269.45,18,-0.54977871
2269.5,35,-0.54977871
2269.55,18,-0.54977871
2269.6,19,-0.54977871
2269.65,18,-0.54977871
2269.7,37,-0.54977871
2269.75,19,-0.54977871
2269.8,18,-0.54977871
2269.85,19,-0.54977871
2269.9,39,-0.54977871
2269.95,19,-0.54977871
2270,19,-0.54977871
2270.05,20,-0.54977871
2270.1,40,-0.54977871
2270.15,20,-0.54977871
2270.2,20,-0.54977871
2270.25,20,-0.54977871
2270.3,41,-0.54977871
2270.35,21,-0.54977871
2270.4,21,-0.54977871
2270.45,21,-0.54977871
2270.5,42,-0.54977871
2270.55,21,-0.54977871
2270.6,22,-0.54977871
2270.65,21,-0.54977871
2270.7,44,-0.54977871
2270.75,22,-0.54977871
2270.8,22,-0.54977871
2270.85,22,-0.54977871
2270.9,45,-0.54977871
2270.95,23,-0.54977871
2271,23,-0.54977871
2271.05,23,-0.54977871
2271.1,46,-0.54977871
2271.15,23,-0.54977871
2271.2,24,-0.54977871
2271.25,23,-0.54977871
2271.3,48,-0.54977871
2271.35,24,-0.54977871
2271.4,24,-0.54977871
2271.45,49,-0.54977871
2271.5,24,-0.54977871
2271.55,25,-0.54977871
2271.6,24,-0.54977871
2271.65,52,-0.54977871
2271.7,25,-0.54977871
2271.75,25,-0.54977871
2271.8,51,-0.54977871
2271.85,26,-0.54977871
2271.9,26,-0.54977871
2271.95,26,-0.54977871
2272,52,-0.54977871
2272.05,27,-0.54977871
2272.1,26,-0.54977871
2272.15,27,-0.54977871
2272.2,53,-0.54977871
2272.25,27,-0.54977871
2272.3,27,-0.54977871
2272.35,28,-0.54977871
2272.4,55,-0.54977871
2272.45,27,-0.54977871
2272.5,28,-0.54977871
2272.55,28,-0.54977871
2272.6,56,-0.54977871
2272.65,28,-0.54977871
2272.7,29,-0.54977871
2272.75,57,-0.54977871
2272.8,29,-0.54977871
2272.85,29,-0.54977871
2272.9,29,-0.54977871
2272.95,29,-0.54977871
2273,59,-0.54977871
2273.05,30,-0.54977871
2273.1,29,-0.54977871
2273.15,60,-0.54977871
2273.2,30,-0.54977871
2273.25,30,-0.54977871
2273.3,30,-0.54977871
2273.35,60,-0.54977871
2273.4,30,-0.54977871
2273.45,30,-0.54977871
2273.5,30,-0.54977871
2273.55,61,-0.54977871
2273.6,30,-0.54977871
2273.65,30,-0.54977871
2273.7,60,-0.54977871
2273.75,30,-0.54977871
2273.8,30,-0.54977871
2273.85,30,-0.54977871
2273.9,60,-0.54977871
2273.95,30,-0.54977871
2274,30,-0.54977871
2274.05,30,-0.54977871
2274.1,62,-0.54977871
2274.15,30,-0.54977871
2274.2,60,-0.54977871
2274.25,30,-0.54977871
2274.3,30,-0.54977871
2274.35,30,-0.54977871
2274.4,60,-0.54977871
2274.45,30,-0.54977871
2274.5,30,-0.54977871
2274.55,30,-0.54977871
2274.6,60,-0.54977871
2274.65,30,-0.54977871
2274.7,30,-0.54977871
2274.75,30,-0.54977871
2274.8,60,-0.54977871
2274.85,30,-0.54977871
2274.9,30,-0.54977871
2274.95,30,-0.54977871
2275,60,-0.54977871
2275.05,30,-0.54977871
2275.1,30,-0.54977871
2275.15,30,-0.54977871
2275.2,59,-0.54977871
2275.25,31,-0.54977871
2275.3,30,-0.54977871
2275.35,29,-0.54977871
2275.4,60,-0.54977871
2275.45,30,-0.54977871
2275.5,30,-0.54977871
2275.55,30,-0.54977871
2275.6,61,-0.54977871
2275.65,30,-0.54977871
2275.7,30,-0.54977871
2275.75,30,-0.54977871
2275.8,60,-0.54977871
2275.85,30,-0.54977871
2275.9,30,-0.54977871
2275.95,30,-0.54977871
2276,60,-0.54977871
2276.05,30,-0.54977871
2276.1,30,-0.54977871
2276.15,30,-0.54977871
2276.2,60,-0.54977871
2276.25,30,-0.54977871
2276.3,30,-0.54977871
2276.35,30,-0.54977871
2276.4,60,-0.54977871
2276.45,30,-0.54977871
2276.5,30,-0.54977871
2276.55,31,-0.54977871
2276.6,60,-0.54977871
2276.65,30,-0.54977871
2276.7,30,-0.54977871
2276.75,60,-0.54977871
2276.8,30,-0.54977871
2276.85,30,-0.54977871
2276.9,30,-0.54977871
2276.95,60,-0.54977871
2277,30,-0.54977871
2277.05,30,-0.54977871
2277.1,30,-0.54977871
2277.15,60,-0.54977871
2277.2,30,-0.54977871
2277.25,30,-0.54977871
2277.3,30,-0.54977871
2277.35,60,-0.54977871
2277.4,30,-0.54977871
2277.45,30,-0.54977871
2277.5,60,-0.54977871
2277.55,30,-0.54977871
2277.6,30,-0.54977871
2277.65,30,-0.54977871
2277.7,60,-0.54977871
2277.75,30,-0.54977871
2277.8,30,-0.54977871
2277.85,30,-0.54977871
2277.9,60,-0.54977871
2277.95,30,-0.54977871
2278,30,-0.54977871
2278.05,30,-0.54977871
2278.1,60,-0.54977871
2278.15,30,-0.54977871
2278.2,30,-0.54977871
2278.25,30,-0.54977871
2278.3,60,-0.54977871
2278.35,30,-0.54977871
2278.4,30,-0.54977871
2278.45,61,-0.54977871
2278.5,30,-0.54977871
2278.55,30,-0.54977871
2278.6,30,-0.54977871
2278.65,60,-0.54977871
2278.7,30,-0.54977871
2278.75,30,-0.54977871
2278.8,30,-0.54977871
2278.85,60,-0.54977871
2278.9,30,-0.54977871
2278.95,30,-0.54977871
2279,30,-0.54977871
2279.05,60,-0.54977871
2279.1,30,-0.54977871
2279.15,30,-0.54977871
2279.2,30,-0.54977871
2279.25,60,-0.54977871
2279.3,30,-0.54977871
2279.35,30,-0.54977871
2279.4,30,-0.54977871
2279.45,60,-0.54977871
2279.5,30,-0.54977871
2279.55,30,-0.54977871
2279.6,30,-0.54977871
2279.65,60,-0.54977871
2279.7,30,-0.54977871
2279.75,30,-0.54977871
2279.8,60,-0.54977871
2279.85,30,-0.54977871
2279.9,30,-0.54977871
2279.95,30,-0.54977871
2280,60,-0.54977871
2280.05,0,-0.54977871
2280.1,60,-0.54977871
2280.15,30,-0.54977871
2280.2,60,-0.54977871
2280.25,30,-0.54977871
2280.3,30,-0.54977871
2280.35,60,-0.54977871
2280.4,30,-0.54977871
2280.45,30,-0.54977871
2280.5,60,-0.54977871
2280.55,30,-0.54977871
2280.6,30,-0.54977871
2280.65,30,-0.54977871
2280.7,60,-0.54977871
2280.75,30,-0.54977871
2280.8,30,-0.54977871
2280.85,30,-0.54977871
2280.9,60,-0.54977871
2280.95,30,-0.54977871
2281,30,-0.54977871
2281.05,60,-0.54977871
2281.1,30,-0.54977871
2281.15,30,-0.54977871
2281.2,60,-0.54977871
2281.25,30,-0.54977871
2281.3,30,-0.54977871
2281.35,30,-0.54977871
2281.4,60,-0.54977871
2281.45,30,-0.54977871
2281.5,31,-0.54977871
2281.55,0,-0.54977871
2281.6,90,-0.54977871
2281.65,30,-0.54977871
2281.7,60,-0.54977871
2281.75,30,-0.54977871
2281.8,30,-0.54977871
2281.85,30,-0.54977871
2281.9,60,-0.54977871
2281.95,30,-0.54977871
2282,30,-0.54977871
2282.05,60,-0.54977871
2282.1,30,-0.54977871
2282.15,30,-0.54977871
2282.2,30,-0.54977871
2282.25,60,-0.54977871
2282.3,30,-0.54977871
2282.35,30,-0.54977871
2282.4,30,-0.54977871
2282.45,61,-0.54977871
2282.5,30,-0.54977871
2282.55,30,-0.54977871
2282.6,60,-0.54977871
2282.65,30,-0.54977871
2282.7,30,-0.54977871
2282.75,30,-0.54977871
2282.8,30,-0.54977871
2282.85,60,-0.54977871
2282.9,30,-0.54977871
2282.95,30,-0.54977871
2283,62,-0.54977871
2283.05,30,-0.54977871
2283.1,30,-0.54977871
2283.15,25,-0.54192473
2283.2,19,-0.54192473
2283.25,19,-0.54192473
2283.3,1,-0.53407075
2283.35,0,-0.52621677
2283.4,0,-0.52621677
2283.45,0,-0.51050881
2283.5,0,-0.50265482
2283.55,0,-0.50265482
2283.6,0,-0.49480084
2283.65,0,-0.49480084
2283.7,0,-0.49480084
2283.75,0,-0.49480084
2283.8,0,-0.42411501
2283.85,0,-0.40840704
2283.9,0,-0.40055306
2283.95,0,-0.3848451
2284,0,-0.36913714
2284.05,0,-0.36128316
2284.1,0,-0.35342917
2284.15,0,-0.34557519
2284.2,0,-0.32986723
2284.25,0,-0.32201325
2284.3,0,-0.31415927
2284.35,0,-0.2984513
2284.4,0,-0.2984513
2284.45,0,-0.28274334
2284.5,0,-0.26703538
2284.55,0,-0.25918139
2284.6,0,-0.25132741
2284.65,0,-0.25132741
2284.7,0,-0.24347343
2284.75,0,-0.23561945
2284.8,0,-0.21991149
2284.85,0,-0.21991149
2284.9,0,-0.20420352
2284.95,0,-0.20420352
2285,0,-0.19634954
2285.05,0,-0.18849556
2285.1,0,-0.18064158
2285.15,0,-0.18064158
2285.2,0,-0.1727876
2285.25,0,-0.16493361
2285.3,0,-0.15707963
2285.35,0,-0.15707963
2285.4,0,-0.15707963
2285.45,0,-0.14137167
2285.5,0,-0.14137167
2285.55,0,-0.14137167
2285.6,0,-0.13351769
2285.65,0,-0.13351769
2285.7,0,-0.12566371
2285.75,0,-0.11780972
2285.8,0,-0.11780972
2285.85,0,-0.10995574
2285.9,0,-0.10995574
2285.95,0,-0.10995574
2286,0,-0.10210176
2286.05,0,-0.10210176
2286.1,0,-0.10210176
2286.15,0,-0.09424778
2286.2,0,-0.09424778
2286.25,0,-0.0863938
2286.3,0,-0.0863938
2286.35,0,-0.0863938
2286.4,0,-0.07853982
2286.45,0,-0.07853982
2286.5,0,-0.07068583
2286.55,0,-0.07068583
2286.6,0,-0.07068583
2286.65,0,-0.07068583
2286.7,0,-0.06283185
2286.75,0,-0.06283185
2286.8,0,-0.06283185
2286.85,0,-0.06283185
2286.9,0,-0.05497787
2286.95,0,-0.05497787
2287,0,-0.05497787
2287.05,0,-0.05497787
2287.1,0,-0.04712389
2287.15,0,-0.04712389
2287.2,0,-0.04712389
2287.25,0,-0.04712389
2287.3,0,-0.04712389
2287.35,0,-0.04712389
2287.4,0,-0.03926991
2287.45,0,-0.03926991
2287.5,0,-0.03926991
2287.55,0,-0.03926991
2287.6,0,-0.03926991
2287.65,0,-0.03926991
2287.7,0,-0.03141593
2287.75,0,-0.03141593
2287.8,0,-0.03141593
2287.85,1,-0.03141593
2287.9,0,-0.03141593
2287.95,2,-0.03141593
2288,1,-0.03141593
2288.05,1,-0.02356194
2288.1,1,-0.02356194
2288.15,3,-0.02356194
2288.2,1,-0.02356194
2288.25,2,-0.02356194
2288.3,2,-0.02356194
2288.35,2,-0.02356194
2288.4,2,-0.02356194
2288.45,5,-0.02356194
2288.5,2,-0.02356194
2288.55,6,-0.01570796
2288.6,2,-0.01570796
2288.65,3,-0.01570796
2288.7,7,-0.01570796
2288.75,3,-0.01570796
2288.8,4,-0.01570796
2288.85,4,-0.01570796
2288.9,3,-0.01570796
2288.95,8,-0.01570796
2289,0,-0.01570796
2289.05,9,-0.01570796
2289.1,9,-0.01570796
2289.15,5,-0.01570796
2289.2,5,-0.01570796
2289.25,4,-0.01570796
2289.3,11,-0.01570796
2289.35,5,-0.00785398
2289.4,6,-0.00785398
2289.45,11,-0.00785398
2289.5,6,-0.00785398
2289.55,6,-0.00785398
2289.6,6,-0.00785398
2289.65,13,-0.00785398
2289.7,7,-0.00785398
2289.75,6,-0.00785398
2289.8,7,-0.00785398
2289.85,14,-0.00785398
2289.9,7,-0.00785398
2289.95,8,-0.00785398
2290,7,-0.00785398
2290.05,16,-0.00785398
2290.1,8,-0.00785398
2290.15,8,-0.00785398
2290.2,8,-0.00785398
2290.25,17,-0.00785398
2290.3,8,-0.00785398
2290.35,9,-0.00785398
2290.4,9,-0.00785398
2290.45,18,-0.00785398
2290.5,9,-0.00785398
2290.55,9,-0.00785398
2290.6,19,-0.00785398
2290.65,10,-0.00785398
2290.7,10,-0.00785398
2290.75,10,-0.00785398
2290.8,20,-0.00785398
2290.85,11,-0.00785398
2290.9,10,-0.00785398
2290.95,11,0
2291,21,0
2291.05,11,0
2291.1,12,0
2291.15,11,0
2291.2,23,0
2291.25,12,0
2291.3,12,0
2291.35,12,0
2291.4,24,0
2291.45,12,0
2291.5,13,0
2291.55,12,0
2291.6,26,0
2291.65,13,0
2291.7,13,0
2291.75,14,0
2291.8,27,0
2291.85,13,0
2291.9,14,0
2291.95,28,0
2292,15,0
2292.05,14,0
2292.1,14,0
2292.15,15,0
2292.2,30,0
2292.25,15,0
2292.3,15,0
2292.35,30,0
2292.4,16,0
2292.45,16,0
2292.5,15,0
2292.55,32,0
2292.6,17,0
2292.65,16,0
2292.7,16,0
2292.75,34,0
2292.8,17,0
2292.85,17,0
2292.9,17,0
2292.95,34,0
2293,18,0
2293.05,17,0
2293.1,36,0
2293.15,18,0
2293.2,18,0
2293.25,36,0
2293.3,19,0
2293.35,19,0
2293.4,18,0
2293.45,19,0
2293.5,39,0
2293.55,19,0
2293.6,19,0
2293.65,39,0
2293.7,20,0
2293.75,20,0
2293.8,20,0
2293.85,41,0
2293.9,20,0
2293.95,21,0
2294,21,0
2294.05,42,0
2294.1,21,0
2294.15,21,0
2294.2,23,0
2294.25,43,0
2294.3,22,0
2294.35,22,0
2294.4,22,0
2294.45,22,0
2294.5,45,0
2294.55,23,0
2294.6,23,0
2294.65,23,0
2294.7,46,0
2294.75,23,0
2294.8,24,0
2294.85,47,0
2294.9,0,0
2294.95,48,0
2295,24,0
2295.05,49,0
2295.1,24,0
2295.15,25,0
2295.2,0,0
2295.25,75,0
2295.3,25,0
2295.35,0,0
2295.4,50,0
2295.45,52,0
2295.5,25,0
2295.55,26,0
2295.6,26,0
2295.65,27,0
2295.7,52,0
2295.75,27,0
2295.8,27,0
2295.85,56,0
2295.9,27,0
2295.95,27,0
2296,55,0
2296.05,28,0
2296.1,27,0
2296.15,28,0
2296.2,28,0
2296.25,29,0
2296.3,28,0
2296.35,57,0
2296.4,58,0
2296.45,29,0
2296.5,29,0
2296.55,29,0
2296.6,29,0
2296.65,30,0
2296.7,59,0
2296.75,30,0
2296.8,60,0
2296.85,31,0
2296.9,30,0
2296.95,31,0
2297,30,0
2297.05,62,0
2297.1,31,0
2297.15,31,0
2297.2,63,0
2297.25,32,0
2297.3,32,0
2297.35,32,0
2297.4,32,0
2297.45,64,0
2297.5,32,0
2297.55,33,0
2297.6,65,0
2297.65,33,0
2297.7,33,0
2297.75,67,0
2297.8,33,0
2297.85,34,0
2297.9,34,0
2297.95,34,0
2298,68,0
2298.05,34,0
2298.1,0,0
2298.15,69,0
2298.2,70,0
2298.25,34,0
2298.3,36,0
2298.35,35,0
2298.4,70,0
2298.45,36,0
2298.5,36,0
2298.55,71,0
2298.6,36,0
2298.65,36,0
2298.7,71,0
2298.75,36,0
2298.8,35,0
2298.85,35,0
2298.9,70,0
2298.95,35,0
2299,35,0
2299.05,35,0
2299.1,68,0
2299.15,35,0
2299.2,34,0
2299.25,33,0
2299.3,68,0
2299.35,33,0
2299.4,34,0
2299.45,33,0
2299.5,66,0
2299.55,33,0
2299.6,32,0
2299.65,33,0
2299.7,32,0
2299.75,65,0
2299.8,32,0
2299.85,32,0
2299.9,63,0
2299.95,32,0
2300,31,0
2300.05,63,0
2300.1,31,0
2300.15,30,0
2300.2,31,0
2300.25,31,0
2300.3,61,0
2300.35,30,0
2300.4,30,0
2300.45,60,0
2300.5,29,0
2300.55,30,0
2300.6,30,0
2300.65,58,0
2300.7,29,0
2300.75,29,0
2300.8,29,0
2300.85,57,0
2300.9,28,0
2300.95,57,0
2301,28,0
2301.05,28,0
2301.1,27,0
2301.15,56,0
2301.2,27,0
2301.25,27,0
2301.3,27,0
2301.35,54,0
2301.4,27,0
2301.45,26,0
2301.5,27,0
2301.55,52,0
2301.6,26,0
2301.65,26,0
2301.7,26,0
2301.75,51,0
2301.8,25,0
2301.85,26,0
2301.9,25,0
2301.95,49,0
2302,25,0
2302.05,25,0
2302.1,24,0
2302.15,49,0
2302.2,24,0
2302.25,24,0
2302.3,24,0
2302.35,47,0
2302.4,23,0
2302.45,23,0
2302.5,24,0
2302.55,45,0
2302.6,23,0
2302.65,23,0
2302.7,22,0
2302.75,45,0
2302.8,22,0
2302.85,22,0
2302.9,22,0
2302.95,43,0
2303,21,0
2303.05,21,0
2303.1,42,0
2303.15,21,0
2303.2,21,0
2303.25,21,0
2303.3,41,0
2303.35,20,0
2303.4,20,0
2303.45,20,0
2303.5,39,0
2303.55,20,0
2303.6,19,0
2303.65,20,0
2303.7,38,0
2303.75,19,0
2303.8,19,0
2303.85,18,0
2303.9,37,0
2303.95,18,0
2304,19,0
2304.05,18,0
2304.1,35,0
2304.15,18,0
2304.2,17,0
2304.25,17,0
2304.3,35,0
2304.35,17,0
2304.4,16,0
2304.45,17,0
2304.5,33,0
2304.55,16,0
2304.6,16,0
2304.65,16,0
2304.7,32,0
2304.75,15,0
2304.8,16,0
2304.85,15,0
2304.9,31,0
2304.95,15,0
2305,15,0
2305.05,29,0
2305.1,15,0
2305.15,14,0
2305.2,14,0
2305.25,28,0
2305.3,14,0
2305.35,13,0
2305.4,14,0
2305.45,26,0
2305.5,13,0
2305.55,13,0
2305.6,13,0
2305.65,25,0
2305.7,13,0
2305.75,12,0
2305.8,12,0
2305.85,25,0
2305.9,11,0
2305.95,12,0
2306,12,0
2306.05,22,0
2306.1,11,0
2306.15,11,0
2306.2,11,0
2306.25,21,0
2306.3,11,0
2306.35,20,0
2306.4,11,0
2306.45,10,0
2306.5,9,0
2306.55,10,0
2306.6,19,0
2306.65,10,0
2306.7,0,0
2306.75,18,0
2306.8,18,0
2306.85,8,0
2306.9,9,0
2306.95,17,0
2307,8,0
2307.05,8,0
2307.1,8,0
2307.15,15,0
2307.2,7,0
2307.25,8,0
2307.3,7,0
2307.35,14,0
2307.4,7,0
2307.45,6,0
2307.5,7,0
2307.55,6,0
2307.6,13,0
2307.65,6,0
2307.7,5,0
2307.75,12,0
2307.8,5,0
2307.85,6,0
2307.9,5,0
2307.95,5,0
2308,10,0
2308.05,4,0
2308.1,5,0
2308.15,4,0
2308.2,9,0
2308.25,4,0
2308.3,4,0
2308.35,3,0
2308.4,4,0
2308.45,7,0
2308.5,3,0
2308.55,6,0
2308.6,3,0
2308.65,2,0
2308.7,3,0
2308.75,4,0
2308.8,3,0
2308.85,2,0
2308.9,1,0
2308.95,4,0
2309,1,0
2309.05,2,0
2309.1,1,0
2309.15,2,0
2309.2,1,0
2309.25,1,0
2309.3,0,0
2309.35,1,0
2309.4,0,0
2309.45,0,0
2309.5,0,0
2309.55,0,0
2309.6,0,0
2309.65,0,0
2309.7,0,0
2309.75,0,0
2309.8,0,0
2309.85,0,0
2309.9,0,0
2309.95,0,0
2310,0,0
2310.05,0,0
2310.1,0,0
2310.15,0,0
2310.2,0,0
2310.25,0,0
2310.3,0,0
2310.35,0,0
2310.4,0,0
2310.45,0,0
2310.5,0,0
2310.55,0,0
2310.6,0,0
2310.65,0,0
2310.7,0,0
2310.75,0,0
2310.8,0,0
2310.85,0,0
2310.9,0,0
2310.95,0,0
2311,0,0
2311.05,0,0
2311.1,0,0
2311.15,0,0
2311.2,0,0
2311.25,0,0
2311.3,0,0
2311.35,0,0
2311.4,0,0
2311.45,0,0
2311.5,0,0
2311.55,0,0
2311.6,0,0
2311.65,0,0
2311.7,0,0
2311.75,0,0
2311.8,0,0
2311.85,0,0
2311.9,0,0
2311.95,0,0
2312,0,0
2312.05,0,0
2312.1,0,0
2312.15,0,0
2312.2,0,0
2312.25,0,0
2312.3,0,0
2312.35,0,0
2312.4,0,0
2312.45,0,0
2312.5,0,0
2312.55,0,0
2312.6,0,0
2312.65,0,0
2312.7,0,0
2312.75,0,0
2312.8,0,0
2312.85,0,0
2312.9,0,0
2312.95,0,0
2313,0,0
2313.05,0,0
2313.1,0,0
2313.15,0,0
2313.2,0,0
2313.25,0,0
2313.3,0,0
2313.35,0,0
2313.4,0,0
2313.45,0,0.00785398
2313.5,0,0.00785398
2313.55,0,0.02356194
2313.6,0,0.02356194
2313.65,0,0.03141593
2313.7,0,0.03926991
2313.75,0,0.04712389
2313.8,0,0.07068583
2313.85,0,0.07853982
2313.9,0,0.0863938
2313.95,0,0.10995574
2314,0,0.12566371
2314.05,0,0.13351769
2314.1,0,0.14922565
2314.15,0,0.18064158
2314.2,0,0.19634954
2314.25,0,0.2120575
2314.3,0,0.22776547
2314.35,0,0.25918139
2314.4,0,0.28274334
2314.45,0,0.2984513
2314.5,0,0.33772121
2314.55,0,0.35342917
2314.6,0,0.37699112
2314.65,0,0.39269908
2314.7,0,0.41626103
2314.75,0,0.45553093
2314.8,0,0.47909288
2314.85,0,0.50265482
2314.9,0,0.54192473
2314.95,0,0.56548668
2315,0,0.58904862
2315.05,0,0.61261057
2315.1,0,0.65973446
2315.15,0,0.6832964
2315.2,0,0.70685835
2315.25,0,0.73042029
2315.3,0,0.7696902
2315.35,0,0.79325215
2315.4,0,0.80896011
2315.45,0,0.83252205
2315.5,0,0.86393798
2315.55,0,0.88749992
2315.6,0,0.90320789
2315.65,0,0.91891585
2315.7,0,0.95033178
2315.75,0,0.96603974
2315.8,0,0.9817477
2315.85,0,1.01316363
2315.9,0,1.02101761
2315.95,0,1.03672558
2316,0,1.05243354
2316.05,0,1.07599548
2316.1,0,1.09170345
2316.15,0,1.09955743
2316.2,0,1.11526539
2316.25,0,1.13882734
2316.3,0,1.14668132
2316.35,0,1.1545353
2316.4,0,1.17024326
2316.45,0,1.18595123
2316.5,0,1.19380521
2316.55,0,1.20951317
2316.6,0,1.21736715
2316.65,0,1.23307512
2316.7,0,1.2409291
2316.75,0,1.24878308
2316.8,0,1.25663706
2316.85,0,1.26449104
2316.9,0,1.28019901
2316.95,0,1.28805299
2317,0,1.29590697
2317.05,0,1.31161493
2317.1,0,1.31946891
2317.15,0,1.31946891
2317.2,0,1.33517688
2317.25,0,1.34303086
2317.3,0,1.35088484
2317.35,0,1.35088484
2317.4,0,1.3665928
2317.45,0,1.3665928
2317.5,0,1.37444679
2317.55,0,1.38230077
2317.6,0,1.39015475
2317.65,0,1.39015475
2317.7,0,1.39800873
2317.75,0,1.40586271
2317.8,0,1.41371669
2317.85,0,1.41371669
2317.9,0,1.42157068
2317.95,0,1.42942466
2318,0,1.42942466
2318.05,0,1.42942466
2318.1,0,1.43727864
2318.15,0,1.44513262
2318.2,0,1.44513262
2318.25,0,1.4529866
2318.3,0,1.4529866
2318.35,0,1.46084058
2318.4,0,1.46084058
2318.45,0,1.46084058
2318.5,0,1.46869457
2318.55,0,1.46869457
2318.6,0,1.47654855
2318.65,0,1.47654855
2318.7,0,1.48440253
2318.75,0,1.48440253
2318.8,0,1.48440253
2318.85,0,1.48440253
2318.9,0,1.49225651
2318.95,0,1.49225651
2319,0,1.49225651
2319.05,0,1.50011049
2319.1,0,1.50011049
2319.15,0,1.50011049
2319.2,0,1.50796447
2319.25,0,1.50796447
2319.3,0,1.50796447
2319.35,0,1.50796447
2319.4,0,1.51581846
2319.45,0,1.51581846
2319.5,0,1.51581846
2319.55,0,1.52367244
2319.6,0,1.52367244
2319.65,0,1.52367244
2319.7,0,1.52367244
2319.75,0,1.52367244
2319.8,0,1.52367244
2319.85,0,1.53152642
2319.9,0,1.53152642
2319.95,0,1.53152642
2320,0,1.53152642
2320.05,0,1.53152642
2320.1,0,1.53152642
2320.15,0,1.5393804
2320.2,0,1.5393804
2320.25,1,1.5393804
2320.3,0,1.5393804
2320.35,0,1.5393804
2320.4,1,1.5393804
2320.45,2,1.5393804
2320.5,1,1.5393804
2320.55,1,1.54723438
2320.6,2,1.54723438
2320.65,3,1.54723438
2320.7,1,1.54723438
2320.75,2,1.54723438
2320.8,2,1.54723438
2320.85,5,1.54723438
2320.9,2,1.54723438
2320.95,3,1.54723438
2321,2,1.54723438
2321.05,6,1.55508836
2321.1,3,1.55508836
2321.15,3,1.55508836
2321.2,7,1.55508836
2321.25,4,1.55508836
2321.3,3,1.55508836
2321.35,4,1.55508836
2321.4,8,1.55508836
2321.45,5,1.55508836
2321.5,4,1.55508836
2321.55,5,1.55508836
2321.6,9,1.55508836
2321.65,5,1.55508836
2321.7,5,1.55508836
2321.75,5,1.55508836
2321.8,11,1.56294235
2321.85,5,1.56294235
2321.9,6,1.56294235
2321.95,12,1.56294235
2322,0,1.56294235
2322.05,12,1.56294235
2322.1,6,1.56294235
2322.15,13,1.56294235
2322.2,7,1.56294235
2322.25,7,1.56294235
2322.3,7,1.56294235
2322.35,14,1.56294235
2322.4,8,1.56294235
2322.45,7,1.56294235
2322.5,8,1.56294235
2322.55,16,1.56294235
2322.6,8,1.56294235
2322.65,8,1.56294235
2322.7,8,1.56294235
2322.75,17,1.56294235
2322.8,9,1.56294235
2322.85,9,1.56294235
2322.9,9,1.56294235
2322.95,19,1.56294235
2323,9,1.56294235
2323.05,10,1.56294235
2323.1,9,1.56294235
2323.15,20,1.56294235
2323.2,10,1.56294235
2323.25,10,1.56294235
2323.3,11,1.56294235
2323.35,21,1.56294235
2323.4,11,1.57079633
2323.45,10,1.57079633
2323.5,22,1.57079633
2323.55,12,1.57079633
2323.6,11,1.57079633
2323.65,12,1.57079633
2323.7,23,1.57079633
2323.75,12,1.57079633
2323.8,12,1.57079633
2323.85,12,1.57079633
2323.9,25,1.57079633
2323.95,12,1.57079633
2324,13,1.57079633
2324.05,26,1.57079633
2324.1,13,1.57079633
2324.15,13,1.57079633
2324.2,13,1.57079633
2324.25,27,1.57079633
2324.3,14,1.57079633
2324.35,14,1.57079633
2324.4,14,1.57079633
2324.45,28,1.57079633
2324.5,14,1.57079633
2324.55,15,1.57079633
2324.6,14,1.57079633
2324.65,30,1.57079633
2324.7,15,1.57079633
2324.75,15,1.57079633
2324.8,16,1.57079633
2324.85,31,1.57079633
2324.9,15,1.57079633
2324.95,16,1.57079633
2325,16,1.57079633
2325.05,32,1.57079633
2325.1,17,1.57079633
2325.15,16,1.57079633
2325.2,17,1.57079633
2325.25,34,1.57079633
2325.3,17,1.57079633
2325.35,17,1.57079633
2325.4,17,1.57079633
2325.45,34,1.57079633
2325.5,17,1.57079633
2325.55,17,1.57079633
2325.6,17,1.57079633
2325.65,34,1.57079633
2325.7,17,1.57079633
2325.75,17,1.57079633
2325.8,17,1.57079633
2325.85,34,1.57079633
2325.9,17,1.57079633
2325.95,17,1.57079633
2326,17,1.57079633
2326.05,34,1.57079633
2326.1,17,1.57079633
2326.15,17,1.57079633
2326.2,34,1.57079633
2326.25,17,1.57079633
2326.3,17,1.57079633
2326.35,17,1.57079633
2326.4,34,1.57079633
2326.45,17,1.57079633
2326.5,17,1.57079633
2326.55,17,1.57079633
2326.6,18,1.57079633
2326.65,0,1.57079633
2326.7,17,1.57079633
2326.75,51,1.57079633
2326.8,34,1.57079633
2326.85,17,1.57079633
2326.9,17,1.57079633
2326.95,17,1.57079633
2327,34,1.57079633
2327.05,17,1.57079633
2327.1,18,1.57079633
2327.15,17,1.57079633
2327.2,34,1.57079633
2327.25,17,1.57079633
2327.3,17,1.57079633
2327.35,17,1.57079633
2327.4,34,1.57079633
2327.45,17,1.57079633
2327.5,17,1.57079633
2327.55,34,1.57079633
2327.6,17,1.57079633
2327.65,17,1.57079633
2327.7,17,1.57079633
2327.75,34,1.57079633
2327.8,17,1.57079633
2327.85,17,1.57079633
2327.9,17,1.57079633
2327.95,34,1.57079633
2328,17,1.57079633
2328.05,16,1.57079633
2328.1,17,1.57079633
2328.15,32,1.57079633
2328.2,16,1.57079633
2328.25,16,1.57079633
2328.3,16,1.57079633
2328.35,32,1.57079633
2328.4,15,1.57079633
2328.45,15,1.57079633
2328.5,15,1.57079633
2328.55,30,1.57079633
2328.6,15,1.57079633
2328.65,15,1.57079633
2328.7,14,1.57079633
2328.75,29,1.57079633
2328.8,14,1.57079633
2328.85,14,1.57079633
2328.9,28,1.57079633
2328.95,13,1.57079633
2329,14,1.57079633
2329.05,13,1.57079633
2329.1,14,1.57079633
2329.15,26,1.57079633
2329.2,12,1.57079633
2329.25,13,1.57079633
2329.3,25,1.57079633
2329.35,12,1.57079633
2329.4,13,1.57079633
2329.45,12,1.57079633
2329.5,23,1.57079633
2329.55,12,1.57079633
2329.6,11,1.57079633
2329.65,12,1.57079633
2329.7,22,1.57079633
2329.75,11,1.57079633
2329.8,11,1.57079633
2329.85,11,1.57079633
2329.9,20,1.57079633
2329.95,11,1.57079633
2330,10,1.57079633
2330.05,10,1.57079633
2330.1,20,1.57079633
2330.15,9,1.57079633
2330.2,10,1.57079633
2330.25,18,1.57079633
2330.3,10,1.57079633
2330.35,9,1.57079633
2330.4,8,1.57079633
2330.45,18,1.57079633
2330.5,8,1.57079633
2330.55,9,1.57079633
2330.6,8,1.57079633
2330.65,8,1.57079633
2330.7,16,1.57079633
2330.75,7,1.57079633
2330.8,8,1.57079633
2330.85,15,1.57079633
2330.9,7,1.57079633
2330.95,7,1.57079633
2331,7,1.57079633
2331.05,13,1.57079633
2331.1,6,1.57079633
2331.15,7,1.57079633
2331.2,6,1.57079633
2331.25,12,1.57079633
2331.3,6,1.57079633
2331.35,5,1.57079633
2331.4,6,1.57079633
2331.45,11,1.57079633
2331.5,5,1.57079633
2331.55,5,1.57079633
2331.6,10,1.57079633
2331.65,5,1.57079633
2331.7,4,1.57079633
2331.75,5,1.57079633
2331.8,8,1.57079633
2331.85,4,1.57079633
2331.9,4,1.57079633
2331.95,3,1.57079633
2332,7,1.57079633
2332.05,4,1.57079633
2332.1,3,1.57079633
2332.15,3,1.57079633
2332.2,0,1.56294235
2332.25,0,1.56294235
2332.3,0,1.56294235
2332.35,0,1.55508836
2332.4,0,1.54723438
2332.45,0,1.5393804
2332.5,0,1.53152642
2332.55,0,1.52367244
2332.6,0,1.50796447
2332.65,0,1.50011049
2332.7,0,1.48440253
2332.75,0,1.47654855
2332.8,0,1.4529866
2332.85,0,1.43727864
2332.9,0,1.42942466
2332.95,0,1.39800873
2333,0,1.39800873
2333.05,0,1.37444679
2333.1,0,1.35873882
2333.15,0,1.31946891
2333.2,0,1.30376095
2333.25,0,1.28805299
2333.3,0,1.27234502
2333.35,0,1.23307512
2333.4,0,1.20951317
2333.45,0,1.19380521
2333.5,0,1.17024326
2333.55,0,1.13097336
2333.6,0,1.10741141
2333.65,0,1.09170345
2333.7,0,1.0681415
2333.75,0,1.02101761
2333.8,0,0.99745567
2333.85,0,0.9817477
2333.9,0,0.95818576
2333.95,0,0.91106187
2334,0,0.88749992
2334.05,0,0.86393798
2334.1,0,0.84037603
2334.15,0,0.80110613
2334.2,0,0.77754418
2334.25,0,0.76183622
2334.3,0,0.73827427
2334.35,0,0.70685835
2334.4,0,0.6832964
2334.45,0,0.66758844
2334.5,0,0.65188048
2334.55,0,0.62046455
2334.6,0,0.60475659
2334.65,0,0.58904862
2334.7,0,0.57334066
2334.75,0,0.5576327
2334.8,0,0.54192473
2334.85,0,0.51836279
2334.9,0,0.50265482
2334.95,0,0.47909288
2335,0,0.4712389
2335.05,0,0.45553093
2335.1,0,0.44767695
2335.15,0,0.42411501
2335.2,0,0.40840704
2335.25,0,0.40055306
2335.3,0,0.39269908
2335.35,0,0.36913714
2335.4,0,0.36128316
2335.45,0,0.35342917
2335.5,0,0.34557519
2335.55,0,0.32986723
2335.6,0,0.32201325
2335.65,0,0.31415927
2335.7,0,0.30630528
2335.75,0,0.29059732
2335.8,0,0.28274334
2335.85,0,0.27488936
2335.9,0,0.25918139
2335.95,0,0.25132741
2336,0,0.24347343
2336.05,0,0.24347343
2336.1,0,0.22776547
2336.15,0,0.21991149
2336.2,0,0.21991149
2336.25,0,0.2120575
2336.3,0,0.20420352
2336.35,0,0.19634954
2336.4,0,0.18849556
2336.45,0,0.18064158
2336.5,0,0.18064158
2336.55,0,0.1727876
2336.6,0,0.16493361
2336.65,0,0.15707963
2336.7,0,0.15707963
2336.75,0,0.14922565
2336.8,0,0.14922565
2336.85,0,0.14137167
2336.9,0,0.14137167
2336.95,0,0.13351769
2337,0,0.13351769
2337.05,0,0.12566371
2337.1,0,0.11780972
2337.15,0,0.11780972
2337.2,0,0.11780972
2337.25,0,0.10995574
2337.3,0,0.10995574
2337.35,0,0.10210176
2337.4,0,0.10210176
2337.45,0,0.09424778
2337.5,0,0.09424778
2337.55,0,0.09424778
2337.6,0,0.0863938
2337.65,0,0.0863938
2337.7,0,0.0863938
2337.75,0,0.07853982
2337.8,0,0.07853982
2337.85,0,0.07853982
2337.9,0,0.07068583
2337.95,0,0.07068583
2338,0,0.07068583
2338.05,0,0.06283185
2338.1,0,0.06283185
2338.15,0,0.06283185
2338.2,0,0.06283185
2338.25,0,0.05497787
2338.3,0,0.05497787
2338.35,0,0.05497787
2338.4,0,0.05497787
2338.45,0,0.04712389
2338.5,0,0.04712389
2338.55,0,0.04712389
2338.6,0,0.04712389
2338.65,0,0.04712389
2338.7,0,0.04712389
2338.75,0,0.03926991
2338.8,0,0.03926991
2338.85,0,0.03926991
2338.9,0,0.03926991
2338.95,0,0.03926991
2339,0,0.03926991
2339.05,0,0.03141593
2339.1,0,0.03141593
2339.15,1,0.03141593
2339.2,0,0.03141593
2339.25,1,0.03141593
2339.3,1,0.03141593
2339.35,1,0.03141593
2339.4,1,0.02356194
2339.45,1,0.02356194
2339.5,3,0.02356194
2339.55,2,0.02356194
2339.6,1,0.02356194
2339.65,2,0.02356194
2339.7,4,0.02356194
2339.75,3,0.02356194
2339.8,2,0.02356194
2339.85,2,0.02356194
2339.9,6,0.02356194
2339.95,3,0.01570796
2340,3,0.01570796
2340.05,3,0.01570796
2340.1,7,0.01570796
2340.15,3,0.01570796
2340.2,4,0.01570796
2340.25,4,0.01570796
2340.3,8,0.01570796
2340.35,4,0.01570796
2340.4,5,0.01570796
2340.45,4,0.01570796
2340.5,10,0.01570796
2340.55,4,0.01570796
2340.6,5,0.01570796
2340.65,6,0.01570796
2340.7,10,0.00785398
2340.75,6,0.00785398
2340.8,6,0.00785398
2340.85,5,0.00785398
2340.9,13,0.00785398
2340.95,6,0.00785398
2341,6,0.00785398
2341.05,7,0.00785398
2341.1,13,0.00785398
2341.15,7,0.00785398
2341.2,7,0.00785398
2341.25,14,0.00785398
2341.3,8,0.00785398
2341.35,7,0.00785398
2341.4,8,0.00785398
2341.45,16,0.00785398
2341.5,8,0.00785398
2341.55,8,0.00785398
2341.6,8,0.00785398
2341.65,17,0.00785398
2341.7,9,0.00785398
2341.75,9,0.00785398
2341.8,9,0.00785398
2341.85,19,0.00785398
2341.9,9,0.00785398
2341.95,9,0.00785398
2342,20,0.00785398
2342.05,10,0.00785398
2342.1,10,0.00785398
2342.15,10,0.00785398
2342.2,20,0.00785398
2342.25,11,0
2342.3,11,0
2342.35,11,0
2342.4,22,0
2342.45,11,0
2342.5,11,0
2342.55,12,0
2342.6,23,0
2342.65,12,0
2342.7,12,0
2342.75,12,0
2342.8,25,0
2342.85,12,0
2342.9,13,0
2342.95,13,0
2343,26,0
2343.05,13,0
2343.1,13,0
2343.15,14,0
2343.2,28,0
2343.25,13,0
2343.3,14,0
2343.35,15,0
2343.4,28,0
2343.45,15,0
2343.5,14,0
2343.55,15,0
2343.6,15,0
2343.65,30,0
2343.7,16,0
2343.75,32,0
2343.8,16,0
2343.85,15,0
2343.9,16,0
2343.95,33,0
2344,16,0
2344.05,17,0
2344.1,16,0
2344.15,34,0
2344.2,17,0
2344.25,17,0
2344.3,17,0
2344.35,18,0
2344.4,17,0
2344.45,36,0
2344.5,18,0
2344.55,36,0
2344.6,19,0
2344.65,18,0
2344.7,19,0
2344.75,37,0
2344.8,19,0
2344.85,19,0
2344.9,39,0
2344.95,19,0
2345,20,0
2345.05,20,0
2345.1,40,0
2345.15,20,0
2345.2,20,0
2345.25,21,0
2345.3,41,0
2345.35,0,0
2345.4,42,0
2345.45,21,0
2345.5,44,0
2345.55,21,0
2345.6,22,0
2345.65,22,0
2345.7,22,0
2345.75,22,0
2345.8,44,0
2345.85,23,0
2345.9,46,0
2345.95,22,0
2346,23,0
2346.05,24,0
2346.1,46,0
2346.15,0,0
2346.2,47,0
2346.25,24,0
2346.3,24,0
2346.35,48,0
2346.4,24,0
2346.45,49,0
2346.5,25,0
2346.55,25,0
2346.6,25,0
2346.65,25,0
2346.7,50,0
2346.75,26,0
2346.8,25,0
2346.85,51,0
2346.9,26,0
2346.95,25,0
2347,26,0
2347.05,26,0
2347.1,25,0
2347.15,51,0
2347.2,26,0
2347.25,25,0
2347.3,51,0
2347.35,26,0
2347.4,51,0
2347.45,25,0
2347.5,26,0
2347.55,26,0
2347.6,25,0
2347.65,51,0
2347.7,26,0
2347.75,25,0
2347.8,51,0
2347.85,26,0
2347.9,25,0
2347.95,26,0
2348,25,0
2348.05,51,0
2348.1,26,0
2348.15,26,0
2348.2,51,0
2348.25,25,0
2348.3,26,0
2348.35,25,0
2348.4,26,0
2348.45,25,0
2348.5,51,0
2348.55,26,0
2348.6,25,0
2348.65,26,0
2348.7,50,0
2348.75,26,0
2348.8,25,0
2348.85,51,0
2348.9,26,0
2348.95,25,0
2349,51,0
2349.05,0,0
2349.1,51,0
2349.15,26,0
2349.2,51,0
2349.25,25,0
2349.3,26,0
2349.35,26,0
2349.4,51,0
2349.45,25,0
2349.5,26,0
2349.55,25,0
2349.6,51,0
2349.65,25,0
2349.7,25,0
2349.75,50,0
2349.8,0,0
2349.85,49,0
2349.9,24,0
2349.95,24,0
2350,48,0
2350.05,24,0
2350.1,48,0
2350.15,23,0
2350.2,24,0
2350.25,23,0
2350.3,23,0
2350.35,46,0
2350.4,22,0
2350.45,23,0
2350.5,45,0
2350.55,23,0
2350.6,22,0
2350.65,21,0
2350.7,22,0
2350.75,22,0
2350.8,42,0
2350.85,22,0
2350.9,42,0
2350.95,20,0
2351,21,0
2351.05,21,0
2351.1,20,0
2351.15,40,0
2351.2,0,0
2351.25,40,0
2351.3,40,0
2351.35,19,0
2351.4,19,0
2351.45,39,0
2351.5,19,0
2351.55,19,0
2351.6,18,0
2351.65,19,0
2351.7,37,0
2351.75,18,0
2351.8,18,0
2351.85,35,0
2351.9,18,0
2351.95,18,0
2352,17,0
2352.05,17,0
2352.1,34,0
2352.15,17,0
2352.2,17,0
2352.25,33,0
2352.3,16,0
2352.35,16,0
2352.4,16,0
2352.45,32,0
2352.5,16,0
2352.55,15,0
2352.6,16,0
2352.65,15,0
2352.7,30,0
2352.75,15,0
2352.8,29,0
2352.85,15,0
2352.9,14,0
2352.95,14,0
2353,28,0
2353.05,14,0
2353.1,14,0
2353.15,13,0
2353.2,27,0
2353.25,13,0
2353.3,13,0
2353.35,13,0
2353.4,26,0
2353.45,12,0
2353.5,12,0
2353.55,13,0
2353.6,24,0
2353.65,12,0
2353.7,11,0
2353.75,23,0
2353.8,12,0
2353.85,11,0
2353.9,11,0
2353.95,22,0
2354,11,0
2354.05,10,0
2354.1,10,0
2354.15,21,0
2354.2,10,0
2354.25,10,0
2354.3,10,0
2354.35,9,0
2354.4,19,0
2354.45,9,0
2354.5,9,0
2354.55,18,0
2354.6,9,0
2354.65,8,0
2354.7,9,0
2354.75,8,0
2354.8,16,0
2354.85,8,0
2354.9,8,0
2354.95,15,0
2355,7,0
2355.05,7,0
2355.1,7,0
2355.15,7,0
2355.2,14,0
2355.25,6,0
2355.3,7,0
2355.35,12,0
2355.4,6,0
2355.45,6,0
2355.5,6,0
2355.55,5,0
2355.6,11,0
2355.65,6,0
2355.7,5,0
2355.75,9,0
2355.8,5,0
2355.85,5,0
2355.9,8,0
2355.95,5,0
2356,4,0
2356.05,4,0
2356.1,7,0
2356.15,4,0
2356.2,3,0
2356.25,3,0
2356.3,6,0
2356.35,3,0
2356.4,3,0
2356.45,5,0
2356.5,3,0
2356.55,2,0
2356.6,2,0
2356.65,4,0
2356.7,2,0
2356.75,1,0
2356.8,2,0
2356.85,2,0
2356.9,1,0
2356.95,1,0
2357,1,0
2357.05,1,0
2357.1,0,0
2357.15,0,0
2357.2,1,0
2357.25,0,0
2357.3,0,0
2357.35,0,0
2357.4,0,0
2357.45,0,0
2357.5,0,0
2357.55,0,0
2357.6,0,0
2357.65,0,0
2357.7,0,0
2357.75,0,0
2357.8,0,0
2357.85,0,0
2357.9,0,0
2357.95,0,0
2358,0,0
2358.05,0,0
2358.1,0,0
2358.15,0,0
2358.2,0,0
2358.25,0,0
2358.3,0,0
2358.35,0,0
2358.4,0,0
2358.45,0,0
2358.5,0,0
2358.55,0,0
2358.6,0,0
2358.65,0,0
2358.7,0,0
2358.75,0,0
2358.8,0,0
2358.85,0,0
2358.9,0,0
2358.95,0,0
2359,0,0
2359.05,0,0
2359.1,0,0
2359.15,0,0
2359.2,0,0
2359.25,0,0
2359.3,0,0
2359.35,0,0
2359.4,0,0
2359.45,0,0
2359.5,0,0
2359.55,0,0
2359.6,0,0
2359.65,0,0
2359.7,0,0
2359.75,0,0
2359.8,0,0
2359.85,0,0
2359.9,0,0
2359.95,0,0
2360,0,0
2360.05,0,0
2360.1,0,0
2360.15,0,0
2360.2,0,0
2360.25,0,0
2360.3,0,0
2360.35,0,0
2360.4,0,0
2360.45,0,0
2360.5,0,0
2360.55,0,0
2360.6,0,0
2360.65,0,0
2360.7,0,0
2360.75,0,0
2360.8,0,0
2360.85,0,0
2360.9,0,0
2360.95,0,0
2361,0,0
2361.05,0,0
2361.1,0,0
2361.15,0,0
2361.2,0,0
2361.25,0,0
2361.3,0,0
2361.35,0,0
2361.4,0,0
2361.45,0,0
2361.5,0,0
2361.55,0,0
2361.6,0,0
2361.65,0,0
2361.7,0,0
2361.75,0,0
2361.8,0,0
2361.85,0,0
2361.9,0,0
2361.95,0,0
2362,0,0
2362.05,0,0
2362.1,0,0
2362.15,0,0
2362.2,0,0
2362.25,0,0
2362.3,0,0
2362.35,0,0
2362.4,0,0
2362.45,0,0
2362.5,0,0
2362.55,0,0
2362.6,0,0
2362.65,0,0
2362.7,0,0
2362.75,0,0
2362.8,0,0
2362.85,0,0
