0,0,0,0,-2,-1,9
0.0399999999999636,-0.000755649003279844,-0.000296525143489161,0.00250829993450363,1,2,35
0.0799999999999272,-0.000378501410032738,0.000729716835669333,0.00048350856267998,5,1,44
0.119999999999891,-0.000312365830112607,0.00141076574754705,-0.00298220918629788,1,-0,48
0.159999999999854,-0.000446720803292269,0.00205565635118617,-0.00475905908458296,3,1,56
0.199999999999818,-0.000555624229441794,0.00332143845142513,-0.00665429466603129,3,-0,78
0.239999999999782,-0.00107571034159252,0.00374401311696636,-0.0236196978468719,-0,-1,92
0.279999999999745,-0.00108709109075699,0.00541575839862669,-0.02558924954787,-0,-0,145
0.319999999999709,-0.000721487995005968,0.00806745056264961,-0.0288276556150682,-1,-0,140
0.359999999999673,-0.000494100971000253,0.0110139657525349,-0.032359137370261,-0,-0,172
0.399999999999636,-0.00102962138398869,0.0137838383962285,-0.0433867559028918,-0,-2,217
0.4399999999996,-0.00162114416833262,0.017725041643087,-0.0501292071494412,-1,-6,229
0.479999999999563,-0.00128854980753249,0.0232066523779809,-0.0537834728175115,-9,-6,261
0.519999999999527,-0.00116920769168965,0.0286780258084718,-0.0674501338989133,-14,-9,287
0.559999999999491,-0.00144591060651928,0.0339550681897862,-0.0794578071664165,-9,-13,314
0.599999999999454,-0.00142967760589138,0.0398647738667883,-0.0912673157506481,-11,-19,303
0.639999999999418,-0.000922535179386093,0.0454854528166312,-0.100586256945577,-7,-18,309
0.679999999999382,-0.00126476247935406,0.0513258862839862,-0.12446548525222,-13,-28,331
0.719999999999345,-0.0017572468973323,0.0597136144330526,-0.131983595724941,-13,-20,368
0.759999999999309,-0.000983734158966668,0.0669920933466605,-0.14809624848655,-11,-40,343
0.799999999999272,-0.000553844922588462,0.072814012119202,-0.157910531576487,-26,-41,343
0.839999999999236,-0.000100998521703082,0.0801231671638372,-0.167439331160675,-40,-46,354
0.8799999999992,0.000887007243586343,0.0882684493670245,-0.185441233024398,-50,-67,391
0.919999999999163,0.00270102035803428,0.0963613259819649,-0.226948182056429,-45,-65,454
0.959999999999127,0.00489370908091441,0.104338736957502,-0.235886030609184,-57,-65,362
0.999999999999091,0.00546240135978446,0.111652769192461,-0.246800988138599,-51,-57,364
1.03999999999905,0.0058721050170339,0.119460976037202,-0.252089492851774,-62,-41,413
1.07999999999902,0.00718658028988414,0.127771857879629,-0.275492019379821,-48,-49,384
1.11999999999898,0.00948314259198707,0.135351496908876,-0.287992643441257,-60,-46,373
1.15999999999894,0.0112710402022392,0.145169105245589,-0.301259432137734,-58,-59,382
1.19999999999891,0.0114078935884579,0.153003501136109,-0.296960040418249,-92,-66,492
1.23999999999887,0.0139335755660863,0.160250792929808,-0.323720807319935,-72,-73,385
1.27999999999884,0.0166509671158754,0.167436729893489,-0.333919656257256,-83,-68,362
1.3199999999988,0.0178721528909452,0.17553495746617,-0.347403773352192,-84,-83,367
1.35999999999876,0.0204597662291198,0.183229078047835,-0.351507688195454,-88,-98,382
1.39999999999873,0.0222401583464836,0.191339411431534,-0.356810312622278,-87,-92,395
1.43999999999869,0.0247872320671882,0.199213958503998,-0.366177721610534,-92,-85,388
1.47999999999865,0.0241344586679005,0.20760285910038,-0.354309081271245,-87,-87,389
1.51999999999862,0.0297840460442459,0.215827853371976,-0.38758020553555,-87,-89,406
1.55999999999858,0.0322238345654305,0.22348587283077,-0.401766067162835,-104,-83,410
1.59999999999854,0.0357174223769961,0.230916830259641,-0.408627968743391,-76,-74,373
1.63999999999851,0.0389325646753599,0.241595790989673,-0.418551439631333,-115,-89,381
1.67999999999847,0.0426709275788624,0.248857016764613,-0.429490116185282,-115,-109,379
1.71999999999844,0.0455648300908791,0.256874973518359,-0.431446734996523,-102,-107,387
1.7599999999984,0.0491641493319681,0.264903706599436,-0.439192802922846,-126,-94,382
1.79999999999836,0.0509785914722582,0.273427729410874,-0.445776149954784,-69,-107,490
1.83999999999833,0.0554414146373186,0.281176925828752,-0.458355052033173,-84,-78,388
1.87999999999829,0.0577290632882206,0.289052025550076,-0.467340024475731,-71,-82,388
1.91999999999825,0.0603720107005398,0.296204881418418,-0.473402984137894,-77,-64,401
1.95999999999822,0.0632598298586228,0.304235897822968,-0.488863686610713,-71,-82,377
1.99999999999818,0.0671324266509492,0.310632630971866,-0.498197009318678,-104,-80,369
2.03999999999814,0.0704221289284134,0.317632287044167,-0.512706978588059,-89,-97,355
2.07999999999811,0.0751151083617585,0.326193058225878,-0.518159788597017,-95,-92,378
2.11999999999807,0.0784937688190891,0.333607968186805,-0.526283231614207,-89,-102,365
2.15999999999804,0.0818819720350143,0.340845704802197,-0.531670818669018,-95,-108,377
2.199999999998,0.0854678986184909,0.348738745279127,-0.546175447230887,-107,-111,382
2.23999999999796,0.0898177368368729,0.355494115877334,-0.549592295760809,-87,-116,406
2.27999999999793,0.0928439485635717,0.363523377293547,-0.557213729725247,-80,-98,478
2.31999999999789,0.0970085147762723,0.370942720675762,-0.557493087125321,-108,-100,386
2.35999999999785,0.101798344431636,0.378275601324122,-0.579310505626706,-84,-134,367
2.39999999999782,0.106206312533599,0.385113629861581,-0.579844192405381,-93,-118,383
2.43999999999778,0.108463277133146,0.393374538006479,-0.568110047138251,-81,-109,381
2.47999999999774,0.112659767224383,0.400792039156381,-0.576632961114637,-106,-104,401
2.51999999999771,0.117703060849521,0.40848214314472,-0.605742382684147,-64,-93,499
2.55999999999767,0.123723820846746,0.416729465735112,-0.61484692763376,-69,-75,378
2.59999999999764,0.127795561777499,0.424014873536701,-0.630469561754579,-65,-85,406
2.6399999999976,0.131920024033183,0.431005110784491,-0.640610605387074,-77,-86,369
2.67999999999756,0.135648027727509,0.437557315627456,-0.642138204814882,-90,-92,358
2.71999999999753,0.141101142415053,0.44368291614245,-0.660682328117322,-95,-102,351
2.75999999999749,0.141215979512991,0.450315621527927,-0.631479967765144,-98,-102,372
2.79999999999745,0.146966268528019,0.456901956105011,-0.642047377880609,-107,-94,365
2.83999999999742,0.150782554800388,0.462792206214353,-0.643363513216245,-96,-84,358
2.87999999999738,0.155851740029844,0.469324420538016,-0.648861090920517,-85,-77,369
2.91999999999734,0.159850685290273,0.475738999086509,-0.66001734021902,-94,-76,377
2.95999999999731,0.165111406423061,0.482083394693604,-0.665653374892853,-85,-108,468
2.99999999999727,0.170882105255977,0.490344788965919,-0.679429119052504,-90,-99,354
3.03999999999724,0.175987137785651,0.495988149280277,-0.686958661431825,-80,-75,261
3.0799999999972,0.18100217230277,0.502438892240325,-0.694840289081151,-126,-90,377
3.11999999999716,0.18616874598839,0.509066083675563,-0.699708553417031,-88,-123,378
3.15999999999713,0.191371900896893,0.515023055271166,-0.706846094846354,-83,-68,480
3.19999999999709,0.196079154641432,0.521988267088365,-0.716501640240823,-64,-68,391
3.23999999999705,0.2010525170034,0.528054337263096,-0.728972436625343,-51,-51,375
3.27999999999702,0.205674817159549,0.534578019823211,-0.740579818628901,-39,-61,408
3.31999999999698,0.21040682177668,0.540320549984674,-0.752274030762746,-45,-56,377
3.35999999999694,0.215683555844107,0.546140865911858,-0.7680279485499,-43,-65,366
3.39999999999691,0.220271608554365,0.552075237000966,-0.778097102070506,-52,-75,355
3.43999999999687,0.224462202582669,0.55786337262367,-0.788959333203218,-57,-91,376
3.47999999999683,0.231121949946213,0.565086602484913,-0.797858819419014,-80,-92,361
3.5199999999968,0.235504618859963,0.571263723302937,-0.806093579535896,-71,-112,364
3.55999999999676,0.240700264928666,0.576910714153657,-0.816755010538166,-113,-113,457
3.59999999999673,0.24584086318676,0.583566097801336,-0.829263087155509,-85,-97,401
3.63999999999669,0.252083696082809,0.587674598493374,-0.832814936903073,-100,-76,384
3.67999999999665,0.257526395118597,0.594017538390022,-0.840902967189739,-88,-91,374
3.71999999999662,0.264590462509817,0.598499021421624,-0.849697786010294,-89,-88,373
3.75999999999658,0.269873750996196,0.604676792597745,-0.860890512690164,-80,-95,396
3.79999999999654,0.276873038452843,0.60968517947641,-0.86778836805331,-116,-105,384
3.83999999999651,0.282675572636194,0.615657081158944,-0.88004902679589,-89,-136,372
3.87999999999647,0.289656128942682,0.620831064554043,-0.883858417327879,-106,-89,478
3.91999999999643,0.297450401597341,0.62771841070843,-0.892693186735011,-89,-84,399
3.9599999999964,0.304676617402694,0.632267927802496,-0.90884366078151,-87,-71,415
3.99999999999636,0.310522841975755,0.638309483095506,-0.91419874980565,-66,-67,402
4.03999999999633,0.317177746124778,0.642990947250745,-0.926126521899997,-60,-53,389
4.07999999999629,0.32335584988251,0.649076249075413,-0.939414359267253,-51,-75,401
4.11999999999625,0.330612588798622,0.653151247111284,-0.953479042684572,-57,-62,404
4.15999999999622,0.336509113312499,0.657883839831861,-0.961018725426847,-56,-71,372
4.19999999999618,0.342557537473231,0.662440954272168,-0.973755283096568,-76,-69,364
4.23999999999614,0.349638012962439,0.667235565875939,-0.984951744781037,-84,-91,379
4.27999999999611,0.35666487224588,0.671404774815385,-0.992363861408284,-125,-113,398
4.31999999999607,0.363479503309197,0.676045075496298,-1.00025400626436,-100,-100,467
4.35999999999603,0.370940137100909,0.679835243989552,-1.00756545230035,-109,-86,367
4.399999999996,0.380255442442957,0.686284800986738,-1.01881731073528,-68,-81,276
4.43999999999596,0.387094808708847,0.689909493560224,-1.02569970248125,-130,-103,393
4.47999999999593,0.395130436374581,0.694330053827989,-1.03139621281367,-107,-165,362
4.51999999999589,0.402385678468422,0.698297253068166,-1.03446977253301,-126,-131,447
4.55999999999585,0.410166069491607,0.703165180709401,-1.04296764103463,-128,-133,368
4.59999999999582,0.417382922572751,0.70653401696448,-1.04709688060534,-128,-96,382
4.63999999999578,0.424641970665146,0.710902477041486,-1.05300536117541,-96,-90,377
4.67999999999574,0.432664607096484,0.714301158265932,-1.06360607217301,-80,-69,367
4.71999999999571,0.439423220583234,0.718543560255781,-1.07289944429439,-75,-78,372
4.75999999999567,0.446329315488821,0.722474555400534,-1.08189640714891,-60,-89,397
4.79999999999563,0.452773619259135,0.727331666344605,-1.09361323874986,-31,-70,364
4.8399999999956,0.461252995434493,0.730770363641802,-1.10522728791116,-76,-99,436
4.87999999999556,0.467790872382977,0.735353166999236,-1.11562773983038,-67,-68,258
4.91999999999553,0.47461309775416,0.738090395563448,-1.12222518912268,-97,-91,378
4.95999999999549,0.481882800405273,0.742250302221474,-1.13366611907547,-89,-96,447
4.99999999999545,0.488929756547949,0.744151817319665,-1.141144540761,-95,-85,340
5.03999999999542,0.495798683364961,0.746726933764704,-1.1489004697976,-93,-76,344
5.07999999999538,0.503317478817002,0.750337146992586,-1.15884977155847,-86,-79,368
5.11999999999534,0.510270353413563,0.753452202330545,-1.16664058972682,-84,-71,397
5.15999999999531,0.517669258244061,0.757686208469688,-1.17596670422497,-65,-93,367
5.19999999999527,0.524477475628208,0.759555482759975,-1.18225203628713,-88,-70,357
5.23999999999523,0.532278083338218,0.763336547369508,-1.19023220522602,-83,-83,383
5.2799999999952,0.539751101089508,0.765464603007671,-1.19995752888399,-112,-63,403
5.31999999999516,0.549503060645067,0.769802975699379,-1.212584916209,-91,-87,378
5.35999999999513,0.556839371224378,0.771986626662348,-1.21901430774761,-123,-68,378
5.39999999999509,0.564606981749199,0.77615941771606,-1.22968347055847,-73,-112,490
5.43999999999505,0.57186544375187,0.778842465188867,-1.23980934727977,-77,-74,393
5.47999999999502,0.579055637980524,0.783485720183701,-1.25031284343802,-56,-95,384
5.51999999999498,0.586461947088172,0.785712394533065,-1.25830498533559,-63,-79,360
5.55999999999494,0.593791479022609,0.790899470288071,-1.26903167419859,-43,-119,392
5.59999999999491,0.601700453478965,0.793268265291826,-1.28091843105551,-66,-97,389
5.63999999999487,0.608728783292555,0.797599475847257,-1.2893039178066,-58,-110,377
5.67999999999483,0.616643115151193,0.800172812922701,-1.29800314494402,-84,-74,376
5.7199999999948,0.623566016212869,0.804653018465562,-1.30678251760069,-67,-93,391
5.75999999999476,0.631075540191796,0.805764691579083,-1.31698456049055,-92,-61,383
5.79999999999472,0.640296397527737,0.80945522798651,-1.33028091506455,-99,-66,379
5.83999999999469,0.647322439576378,0.811152680430777,-1.3430150816332,-83,-70,364
5.87999999999465,0.655067935021299,0.813881696981987,-1.35221232101939,-83,-84,477
5.91999999999462,0.661923148301449,0.814709644532599,-1.36301276749658,-89,-68,359
5.95999999999458,0.66950181121886,0.817372152730267,-1.37300734309824,-68,-80,388
5.99999999999454,0.676539130535253,0.818037310301189,-1.38317315295282,-84,-63,355
6.03999999999451,0.684262905175219,0.820748105828318,-1.3920806327766,-70,-85,378
6.07999999999447,0.692200096308725,0.821529880403575,-1.39791429108163,-83,-71,370
6.11999999999443,0.698991622492891,0.823900624312201,-1.40766518381314,-68,-90,397
6.1599999999944,0.705823641622756,0.824052968801846,-1.4139505158753,-88,-70,355
6.19999999999436,0.713632070411148,0.825933479359963,-1.42392271635595,-77,-97,361
6.23999999999432,0.723179967863817,0.826870068039194,-1.44004097162446,-81,-101,375
6.27999999999429,0.730173852098946,0.828692361017672,-1.44438539283865,-70,-117,370
6.31999999999425,0.737769952865748,0.82879528991129,-1.44797106706712,-83,-121,341
6.35999999999422,0.745963583742404,0.830609235358158,-1.45709292568291,-88,-125,349
6.39999999999418,0.75316577912619,0.830590474524135,-1.46215905799609,-105,-117,355
6.43999999999414,0.760715823277069,0.832349827790781,-1.46900338411108,-129,-109,373
6.47999999999411,0.767098201314147,0.832271965317185,-1.47961847662171,-107,-114,345
6.51999999999407,0.773888672422565,0.833033520771507,-1.4839043071329,-107,-80,434
6.55999999999403,0.782008732354175,0.833078039430702,-1.48872169512109,-71,-66,265
6.599999999994,0.789101877231356,0.833221591989532,-1.49596069253983,-110,-78,378
6.63999999999396,0.796450827134004,0.834067691377813,-1.50601466169594,-66,-89,367
6.67999999999392,0.80461243512542,0.833865003306983,-1.51755148003784,-72,-57,472
6.71999999999389,0.813609473451947,0.835419702476263,-1.5331677262536,-51,-76,385
6.75999999999385,0.821172430458731,0.835004708114833,-1.53944691475679,-66,-61,387
6.79999999999382,0.829258014680809,0.835864434513001,-1.55054164119916,-53,-73,372
6.83999999999378,0.835427963833931,0.835759931998116,-1.56097778510158,-73,-59,356
6.87999999999374,0.842742397318389,0.837025011609327,-1.57241897685377,-61,-82,366
6.91999999999371,0.850515733646321,0.835904202590707,-1.57795090263772,-79,-74,378
6.95999999999367,0.858592436772381,0.836946891623511,-1.58630258236119,-64,-96,350
6.99999999999363,0.865823988917569,0.836351281011623,-1.59579434605865,-75,-104,348
7.0399999999936,0.873035094649155,0.837491068714107,-1.60084876721255,-76,-125,343
7.07999999999356,0.880716914242981,0.836707182433928,-1.60836366627945,-113,-117,367
7.11999999999352,0.888580220284757,0.837034269575768,-1.61781656149447,-86,-118,456
7.15999999999349,0.897854429528056,0.836749919080802,-1.62390987243232,-85,-68,370
7.19999999999345,0.904709766739846,0.836678226930721,-1.63391909134641,-91,-61,365
7.23999999999342,0.912291858293782,0.835868550132482,-1.64703623551283,-105,-75,379
7.27999999999338,0.919135730598593,0.834961018305822,-1.65403954366938,-106,-63,369
7.31999999999334,0.926363042882691,0.833644067453792,-1.65868117700189,-95,-66,361
7.35999999999331,0.933722385105257,0.833093197478451,-1.66835190676085,-96,-58,362
7.39999999999327,0.941577747442643,0.832133351221504,-1.68346562032508,-77,-79,379
7.43999999999323,0.948846551411218,0.831213022113526,-1.68871469805045,-76,-61,400
7.4799999999932,0.957244537322184,0.830448453954258,-1.69893592210878,-55,-70,387
7.51999999999316,0.963906632972353,0.829308613674159,-1.71016619082086,-73,-38,377
7.55999999999312,0.972044655646241,0.829416853491941,-1.72341915650966,-56,-68,399
7.59999999999309,0.979722846985548,0.827757028962278,-1.73662843660729,-68,-44,500
7.63999999999305,0.98880238299952,0.826515857485283,-1.74981108298053,-44,-38,280
7.67999999999302,0.996080857287929,0.825732176838189,-1.75969299757898,-59,-48,370
7.71999999999298,1.00360330599936,0.824722500368445,-1.77294809256947,-71,-60,400
7.75999999999294,1.01101737265965,0.823337496483628,-1.78183506477453,-60,-73,493
7.79999999999291,1.01811416749427,0.821997225464174,-1.79599642197911,-53,-66,370
7.83999999999287,1.02608951222186,0.820724539439128,-1.80599392973392,-67,-68,362
7.87999999999283,1.03389170738149,0.819535572045627,-1.81622019779379,-68,-97,378
7.9199999999928,1.04066394311792,0.817723227367087,-1.82548374223826,-79,-96,369
7.95999999999276,1.04891281861228,0.816272651540189,-1.83207159221967,-75,-101,360
7.99999999999272,1.0564270154526,0.81535568652345,-1.83327002255055,-100,-88,363
8.03999999999269,1.0646420379966,0.814194040196117,-1.84846681378718,-100,-108,365
8.07999999999265,1.0733382375149,0.811566298992577,-1.85262375173312,-116,-93,368
8.11999999999261,1.08135439963115,0.808885910714595,-1.86460583847379,-114,-93,361
8.15999999999258,1.08828295324516,0.806630950154233,-1.86950312763513,-140,-94,354
8.19999999999254,1.09675399887426,0.804497143945461,-1.87946468160735,-99,-132,358
8.23999999999251,1.10392192504807,0.802088639545233,-1.88578862035256,-87,-108,467
8.27999999999247,1.11176450221789,0.800636132374122,-1.89547320802578,-79,-83,390
8.31999999999243,1.11983917159086,0.79765809520088,-1.89979418946811,-85,-65,388
8.3599999999924,1.12771436943877,0.796254189404696,-1.91023989777484,-84,-61,377
8.39999999999236,1.13512184961334,0.793142451783182,-1.916689011534,-87,-69,388
8.43999999999232,1.14171575422809,0.794063406590472,-1.90370477419013,-78,-62,388
8.47999999999229,1.14894553395647,0.790888503657939,-1.91500616506923,-76,-56,361
8.51999999999225,1.15640668756955,0.788816206729501,-1.92852810344906,-66,-61,357
8.55999999999221,1.1647714590174,0.784376648162282,-1.94768049144911,-62,-69,368
8.59999999999218,1.17261626476251,0.783319190352793,-1.95383598846821,-78,-67,369
8.63999999999214,1.17902006835816,0.778974840437744,-1.96933983548014,-68,-93,350
8.67999999999211,1.18631953110564,0.776948938339296,-1.97959381936853,-73,-80,432
8.71999999999207,1.19345155045258,0.775400881593432,-1.97213443922514,-82,-96,352
8.75999999999203,1.20012664243975,0.772354304572124,-1.98408362650941,-93,-86,373
8.799999999992,1.20697983927514,0.76829498353682,-2.00168446916432,-105,-84,358
8.83999999999196,1.21413347672574,0.764538439628423,-2.00750613705739,-116,-86,362
8.87999999999192,1.2210739098655,0.761498441258567,-2.02111183378802,-104,-99,372
8.91999999999189,1.22872502833947,0.75687821232054,-2.03139709397661,-102,-85,388
8.95999999999185,1.23705263225896,0.754415386323643,-2.02520417709834,-87,-104,370
8.99999999999181,1.24599699693182,0.74818437297837,-2.0415871464545,-97,-102,360
9.03999999999178,1.25430550501859,0.744101266647901,-2.05830579498569,-126,-116,368
9.07999999999174,1.26124375147011,0.740088384139727,-2.05527005655124,-118,-115,405
9.11999999999171,1.26947801064649,0.736318914389215,-2.06497888684777,-98,-93,490
9.15999999999167,1.27631635406748,0.731532046017293,-2.07841399509731,-93,-62,381
9.19999999999163,1.28447132867317,0.726949629083689,-2.0927410015012,-77,-71,396
9.2399999999916,1.29129155403064,0.723273503093842,-2.09305285693195,-71,-43,322
9.27999999999156,1.29952775517945,0.71902361065986,-2.11573873381583,-44,-78,393
9.31999999999152,1.30616618702748,0.714906943738185,-2.13017772054454,-49,-45,480
9.35999999999149,1.31361416026143,0.713384012250013,-2.1335881811694,-37,-75,385
9.39999999999145,1.31998900211163,0.70968600251823,-2.12972618641375,-55,-69,362
9.43999999999141,1.32694305464121,0.705915856649747,-2.15497907610818,-44,-77,387
9.47999999999138,1.33580542990359,0.698523872745974,-2.18168432408636,-64,-67,356
9.51999999999134,1.34282691623804,0.694857673339961,-2.19445299581432,-78,-85,363
9.55999999999131,1.34939224721006,0.689857914763052,-2.20385087825131,-105,-88,375
9.59999999999127,1.35669787320478,0.685307873846508,-2.21249497043766,-99,-86,389
9.63999999999123,1.36248134561279,0.680940989118924,-2.22024569839309,-104,-79,357
9.6799999999912,1.36988691815767,0.675661303970039,-2.22647376620249,-120,-95,363
9.71999999999116,1.37647603675833,0.670163813620236,-2.2351968170842,-110,-135,371
9.75999999999112,1.38394554511553,0.665361012363751,-2.24349589258402,-104,-133,453
9.79999999999109,1.39064282186967,0.659502665019692,-2.2488991876021,-84,-86,295
9.83999999999105,1.39741738964551,0.655277556978071,-2.25370420120589,-150,-139,468
9.87999999999101,1.40389515536283,0.649035851046342,-2.25997406965088,-129,-79,288
9.91999999999098,1.41237555411317,0.642249706125312,-2.26835957385525,-96,-97,488
9.95999999999094,1.41803697339219,0.636514152051297,-2.27875775684645,-77,-54,404
9.99999999999091,1.42539432868735,0.63169934989889,-2.28840052643079,-52,-65,396
10.0399999999909,1.43150911660326,0.626231153807096,-2.30327853327954,-65,-56,405
10.0799999999908,1.43859112162127,0.621986008153307,-2.31847068194035,-40,-79,392
10.1199999999908,1.44431558723921,0.616064208108386,-2.32718853174089,-58,-64,388
10.1599999999908,1.4509088029816,0.611306171755765,-2.34393075967028,-75,-104,374
10.1999999999907,1.45686493102707,0.605459166640277,-2.35149000755347,-87,-74,480
10.2399999999907,1.46323601702114,0.600556257534506,-2.36117459522669,-82,-92,362
10.2799999999907,1.4685695957142,0.594757452543672,-2.36932107659001,-100,-80,375
10.3199999999906,1.47357136090202,0.589292349290127,-2.37806156331095,-102,-92,363
10.3599999999906,1.47924361886891,0.582696658420705,-2.38784840982504,-124,-87,382
10.3999999999905,1.48702110530355,0.575706899932662,-2.39490273395563,-102,-111,359
10.4399999999905,1.49222101117219,0.568318721174279,-2.40001866051237,-109,-112,371
10.4799999999905,1.49805256624672,0.562020121799737,-2.40420727618423,-112,-116,364
10.5199999999904,1.503042331877,0.55574604263569,-2.41037609006553,-134,-102,381
10.5599999999904,1.50888363520065,0.549669791244772,-2.41820033128905,-121,-99,376
10.5999999999904,1.51336060484142,0.542842171746202,-2.42525929799545,-106,-88,396
10.6399999999903,1.51932208775345,0.537014210751982,-2.4361188762277,-81,-76,376
10.6799999999903,1.52515171993832,0.530966750212736,-2.44713717470212,-75,-71,401
10.7199999999903,1.53017870262093,0.5257288231079,-2.44718112209269,-61,-82,373
10.7599999999902,1.53537030984583,0.518780744502281,-2.46577730856671,-79,-84,379
10.7999999999902,1.54076361713003,0.513178911842191,-2.47339860290481,-61,-111,353
10.8399999999901,1.54710502578793,0.506093032049764,-2.49207509197772,-75,-93,474
10.8799999999901,1.55218289390042,0.501035683689764,-2.4887025922641,-88,-91,353
10.9199999999901,1.55700920318843,0.493563055575478,-2.50548131502814,-66,-69,286
10.95999999999,1.56153545261461,0.488965293636321,-2.50365810918492,-116,-72,353
10.99999999999,1.56585785556777,0.483859772643876,-2.51886223080441,-92,-112,366
11.03999999999,1.5700152653821,0.476918443322886,-2.52139170158274,-102,-77,471
11.0799999999899,1.57509205400023,0.46995323152068,-2.52885787105692,-85,-94,374
11.1199999999899,1.57949702630273,0.463451268587887,-2.5344881985041,-84,-88,379
11.1599999999899,1.58420574629915,0.457314881830721,-2.54773821458646,-83,-99,370
11.1999999999898,1.58810966997448,0.450347713324617,-2.55216239734747,-105,-85,372
11.2399999999898,1.59313822181163,0.443805221228573,-2.56141634248105,-89,-112,373
11.2799999999897,1.59655165714267,0.438083485066344,-2.57352986996769,-106,-82,378
11.3199999999897,1.60137915233756,0.429306661363936,-2.57771621671152,-79,-98,380
11.3599999999897,1.60647389648869,0.422639558072398,-2.58780654107595,-91,-81,383
11.3999999999896,1.61090424266051,0.416566505999982,-2.601540065721,-71,-98,383
11.4399999999896,1.61517963980232,0.41015955715521,-2.61408289184375,-69,-122,485
11.4799999999896,1.61957439724527,0.402181801950596,-2.61627399563999,-67,-117,372
11.5199999999895,1.6240134727763,0.395544147807244,-2.62545432278573,-78,-107,382
11.5599999999895,1.62858167529178,0.388951402220858,-2.63119636875833,-68,-115,367
11.5999999999894,1.63222574688094,0.383314370397813,-2.6488516482326,-84,-84,383
11.6399999999894,1.63643022609372,0.376202117865221,-2.65101932971029,-85,-80,372
11.6799999999894,1.63931880162748,0.369863046627577,-2.66700322953298,-136,-64,379
11.7199999999893,1.64281563859315,0.362591303624508,-2.67038557290359,-97,-96,464
11.7599999999893,1.64654207987773,0.353947739414938,-2.68616692726658,-96,-66,362
11.7999999999893,1.64985224033861,0.346715922480663,-2.68936779130157,-55,-54,291
11.8399999999892,1.65339815518686,0.339818214109323,-2.69795994248938,-94,-70,380
11.8799999999892,1.65692707468391,0.333474914978258,-2.70946839923094,-66,-82,364
11.9199999999892,1.65984056888168,0.327520818141741,-2.72477052108792,-72,-68,470
11.9599999999891,1.66372670591975,0.320311876421313,-2.72786683990071,-73,-78,391
11.9999999999891,1.66603943386677,0.31321061554333,-2.73842215488446,-84,-75,367
12.039999999989,1.66985631510445,0.306608858193479,-2.74888264612995,-87,-87,367
12.079999999989,1.67261842669962,0.298770475456889,-2.75572550616837,-86,-87,366
12.119999999989,1.67656728691372,0.292349776534058,-2.76246677059103,-83,-88,378
12.1599999999889,1.67954362478953,0.285075502818396,-2.76889324742979,-83,-106,368
12.1999999999889,1.68284114875719,0.278321740276261,-2.77883136163016,-94,-110,358
12.2399999999889,1.68652574365552,0.268580658488687,-2.78930464613907,-88,-128,352
12.2799999999888,1.6896110400779,0.261851891979403,-2.79840959251441,-101,-102,369
12.3199999999888,1.6925476697969,0.254806070796514,-2.79896165761011,-135,-125,369
12.3599999999888,1.6948846084877,0.247267520159809,-2.80837926226765,-112,-84,449
12.3999999999887,1.69694624906439,0.240926043858722,-2.81720591589376,-96,-74,358
12.4399999999887,1.70019302065974,0.234064782157078,-2.823174191444,-81,-66,382
12.4799999999886,1.70294213621784,0.226291978646992,-2.83399914234389,-76,-52,269
12.5199999999886,1.70467530900562,0.219314261142347,-2.85146480924823,-83,-87,472
12.5599999999886,1.70753044328487,0.212539206975992,-2.8492650486189,-78,-74,370
12.5999999999885,1.70930513602915,0.20547702887274,-2.86236952169494,-66,-71,379
12.6399999999885,1.71223001780684,0.199108436302537,-2.878303086222,-69,-68,476
12.6799999999885,1.71470056670666,0.189763657920685,-2.8871365291789,-82,-66,369
12.7199999999884,1.71698770626593,0.183187059673422,-2.90741596354343,-83,-80,365
12.7599999999884,1.71859763746395,0.17490331061872,-2.90104648915803,-89,-53,280
12.7999999999884,1.72084069461539,0.167507731265883,-2.91337265010744,-79,-100,467
12.8399999999883,1.72283682278053,0.160444286692166,-2.92604637592409,-83,-76,372
12.8799999999883,1.72480427903184,0.152553544818046,-2.94304693003606,-70,-87,356
12.9199999999882,1.7256971714988,0.144458547163232,-2.93836775467134,-80,-95,350
12.9599999999882,1.72764670383559,0.137275633615414,-2.9555428766151,-84,-103,368
12.9999999999882,1.72901255481236,0.130337040607504,-2.96552773073284,-100,-103,350
13.0399999999881,1.73115400355718,0.122012096853627,-2.96037984719749,-103,-101,361
13.0799999999881,1.73196792383627,0.114758680015487,-2.97361775069485,-107,-95,360
13.1199999999881,1.73298011093521,0.107568992334252,-2.98201430283339,-106,-85,378
13.159999999988,1.73402986616949,0.0981269045945891,-2.99576672939424,-104,-78,381
13.199999999988,1.73560195666518,0.0910352394160139,-3.00389669994283,-118,-70,370
13.239999999988,1.73635454453108,0.0816340106445097,-3.00133593541101,-65,-78,389
13.2799999999879,1.73779134943047,0.0744516838505412,-3.024384404447,-71,-68,396
13.3199999999879,1.73838361094217,0.065636704438048,-3.02795316643501,-69,-87,394
13.3599999999878,1.73948898136598,0.0575772547186045,-3.03714825906622,-86,-83,372
13.3999999999878,1.74014130850986,0.0500152976091173,-3.05218646968701,-104,-99,367
13.4399999999878,1.74083135003281,0.0409946846420459,-3.04871024505593,-78,-89,488
13.4799999999877,1.74167002874396,0.0331825941952438,-3.06769033415223,-77,-58,391
13.5199999999877,1.74222264817211,0.0252394317229873,-3.0799960572961,-71,-46,386
13.5599999999877,1.74295207367263,0.0165967707198463,-3.08782275943386,-55,-49,380
13.5999999999876,1.74323412064513,0.00766875656242737,-3.110120946331,-48,-39,381
13.6399999999876,1.74389469765677,-3.95945996380699e-05,-3.11654607926625,-39,-53,378
13.6799999999876,1.74440585948469,-0.00778256914143243,-3.12698787803544,-36,-41,384
13.7199999999875,1.74511036889633,-0.0148743826297472,-3.13534207103304,-17,-57,355
13.7599999999875,1.74551427726669,-0.0210953667543933,-3.15668671474665,-26,-48,363
13.7999999999874,1.74594085094893,-0.0291611656498329,-3.16085988425463,-24,-61,355
13.8399999999874,1.74652978278205,-0.0357787714353486,-3.17893156438184,-49,-57,357
13.8799999999874,1.74745471105205,-0.0443887154365352,-3.18874710410884,-38,-84,335
13.9199999999873,1.7471516889966,-0.0499756326398885,-3.20085509890175,-49,-73,333
13.9599999999873,1.74688194050045,-0.0581156106360151,-3.2061488046961,-54,-79,325
13.9999999999873,1.74684058885494,-0.0651251920475219,-3.21598759220873,-98,-102,437
14.0399999999872,1.74744539550263,-0.0722936095515077,-3.2230956375737,-97,-63,245
14.0799999999872,1.74692373128064,-0.0817780774432817,-3.22513208774492,-96,-122,355
14.1199999999872,1.74589083409343,-0.0890462944174455,-3.24023852328617,-100,-91,422
14.1599999999871,1.74487278553282,-0.0976437866664999,-3.24334212012195,-110,-92,351
14.1999999999871,1.7442598522195,-0.105969181849939,-3.24773439826422,-107,-99,371
14.239999999987,1.74430999208318,-0.113759989496458,-3.25942248429239,-93,-113,376
14.279999999987,1.7428950507741,-0.121648869784574,-3.2607006587168,-101,-86,352
14.319999999987,1.74256538359132,-0.12997694383338,-3.26741555121446,-95,-86,365
14.3599999999869,1.74142500282954,-0.13759128952128,-3.28042130846801,-103,-72,388
14.3999999999869,1.74182029077026,-0.14596337531022,-3.28654518012107,-81,-68,384
14.4399999999869,1.73969506031711,-0.153191638574416,-3.29908261317643,-75,-54,350
14.4799999999868,1.73992322036184,-0.161552990791592,-3.29919499492696,-68,-56,356
14.5199999999868,1.73878938337163,-0.170540151379477,-3.32083744417084,-52,-70,366
14.5599999999868,1.73884072523018,-0.17812810657778,-3.33190499583675,-34,-68,451
14.5999999999867,1.73831389502019,-0.185929487201914,-3.3337346593982,-32,-65,367
14.6399999999867,1.73819428308727,-0.192547001595467,-3.35727899392797,-15,-53,246
14.6799999999866,1.73736160203409,-0.199881918112348,-3.35834299899987,-32,-81,340
14.7199999999866,1.73712061251178,-0.20713362276095,-3.37280303439935,-28,-87,429
14.7599999999866,1.73727803487492,-0.214862666577103,-3.37596047464255,-24,-65,352
14.7999999999865,1.73584737938431,-0.221011013638746,-3.39316050243473,-37,-49,330
14.8399999999865,1.73499918381943,-0.228531203734285,-3.41010885374878,-44,-55,345
14.8799999999865,1.73301456491649,-0.235192002496332,-3.42146871315782,-66,-50,356
14.9199999999864,1.73153261150156,-0.242329986612803,-3.42768712929646,-67,-52,352
14.9599999999864,1.72927577752839,-0.249280660871604,-3.44146618958169,-83,-51,339
14.9999999999864,1.72771406535027,-0.258216434754629,-3.45125017375581,-85,-54,336
15.0399999999863,1.72505728441455,-0.265487888722225,-3.45325499856099,-86,-72,352
15.0799999999863,1.72160020936687,-0.272021010248006,-3.45977081880417,-110,-72,340
15.1199999999862,1.71909796807535,-0.278489140730343,-3.46698166406208,-156,-43,334
15.1599999999862,1.71664668774395,-0.285649597636469,-3.47882920337071,-110,-55,349
15.1999999999862,1.71374424306938,-0.292876051739256,-3.4833756813524,-83,-55,354
15.2399999999861,1.70978619690291,-0.299611347669286,-3.49631858929958,-159,-83,444
15.2799999999861,1.70689759055219,-0.306033110229355,-3.49775581557872,-113,-64,371
15.3199999999861,1.70358957913474,-0.312456263414154,-3.51051017560681,-109,-46,349
15.359999999986,1.70097886082513,-0.320220778839075,-3.51527616364853,-70,-60,366
15.399999999986,1.69804746098959,-0.327081477073063,-3.5255939044145,-60,-55,398
15.439999999986,1.69584075011415,-0.335163696416187,-3.54084363148733,-44,-62,371
15.4799999999859,1.69225729782313,-0.342758080567665,-3.5465344171398,-53,-46,356
15.5199999999859,1.68946484416083,-0.3504451099308,-3.56277716674385,-47,-58,347
15.5599999999858,1.68644885762959,-0.356394417262431,-3.57569043900034,-80,-65,378
15.5999999999858,1.68406196506179,-0.362731683255464,-3.58305820681129,-66,-93,326
15.6399999999858,1.68102234151713,-0.368864165953916,-3.58414530258919,-80,-77,403
15.6799999999857,1.67790152851519,-0.375054460301119,-3.60047414928524,-88,-85,320
15.7199999999857,1.67465922421327,-0.381765791705126,-3.59522597913108,-92,-97,331
15.7599999999857,1.67124238904491,-0.386864263182462,-3.60551178037174,-99,-81,352
15.7999999999856,1.66787402334432,-0.393440009215846,-3.61434529314181,-84,-87,341
15.8399999999856,1.66383006514807,-0.398378141153124,-3.62448586553541,-82,-78,336
15.8799999999856,1.66096756680297,-0.405530915253262,-3.62853979414889,-68,-75,342
15.9199999999855,1.65587647854432,-0.413115461344321,-3.6440238491271,-73,-75,377
15.9599999999855,1.65225924400636,-0.419842243403467,-3.65702932712797,-66,-82,348
15.9999999999854,1.64831878699539,-0.426243028320225,-3.66522581217436,-67,-91,356
16.0399999999854,1.64524498835758,-0.432898566578043,-3.67203481282528,-74,-96,348
16.0799999999854,1.64041098586659,-0.440418734581467,-3.68425796444224,-73,-103,376
16.1199999999853,1.63799876850733,-0.446158841697831,-3.68609839668517,-78,-84,351
16.1599999999853,1.63337896352928,-0.453126333068748,-3.70022650536751,-69,-77,363
16.1999999999853,1.62923850749497,-0.459165540918307,-3.70640294633764,-88,-65,362
16.2399999999852,1.62580894970138,-0.465856624171181,-3.71661978961955,-59,-79,386
16.2799999999852,1.62162771960522,-0.472677274217581,-3.72370999771956,-67,-48,480
16.3199999999852,1.61836712854451,-0.478305338243114,-3.73554455177856,-47,-63,371
16.3599999999851,1.61352782404473,-0.483849147174468,-3.75086002540432,-55,-55,350
16.3999999999851,1.60908885845973,-0.491895157862848,-3.76196180297686,-58,-72,370
16.439999999985,1.6046633242888,-0.497718771310884,-3.77379246495163,-77,-71,355
16.479999999985,1.60142593041125,-0.503579958244821,-3.77997698679619,-83,-85,344
16.519999999985,1.59619288052331,-0.509401718828829,-3.78669524777931,-92,-85,343
16.5599999999849,1.59155078839257,-0.516177418777579,-3.80293546665595,-94,-85,363
16.5999999999849,1.58688725899868,-0.52191222892395,-3.8074855225626,-92,-91,357
16.6399999999849,1.58303594522775,-0.527747836578044,-3.80436195916019,-112,-78,356
16.6799999999848,1.57726932520846,-0.533555575244539,-3.82612049025261,-63,-81,355
16.7199999999848,1.57306170281647,-0.539488231747915,-3.83360767349099,-77,-71,371
16.7599999999848,1.56784165245514,-0.545257893273359,-3.84134993659954,-67,-89,368
16.7999999999847,1.56273616146601,-0.551217062699222,-3.84967707699373,-87,-85,354
16.8399999999847,1.55608018166046,-0.558303955749658,-3.85746080912531,-100,-110,344
16.8799999999846,1.55188518705476,-0.563427090630124,-3.85897540585019,-99,-118,361
16.9199999999846,1.54652337024583,-0.56951764842963,-3.86708417064837,-91,-88,444
16.9599999999846,1.53976510321927,-0.575666091647289,-3.88002643282373,-73,-55,269
16.9999999999845,1.53559939610425,-0.581182344963943,-3.88561002035354,-80,-74,362
17.0399999999845,1.52949432116531,-0.586236330278975,-3.90043032661722,-80,-79,372
17.0799999999845,1.52575789324572,-0.591649035448582,-3.90600602525881,-48,-64,449
17.1199999999844,1.51987265378065,-0.597495878931473,-3.92200062394982,-52,-63,370
17.1599999999844,1.51487868505296,-0.604429226549175,-3.94453931721788,-44,-66,353
17.1999999999844,1.51061669921922,-0.60777343222608,-3.94252185622892,-41,-79,343
17.2399999999843,1.50485074415335,-0.613364450076207,-3.95489765434225,-53,-69,351
17.2799999999843,1.49981624753844,-0.618512974260906,-3.96223613552836,-86,-70,347
17.3199999999842,1.49303441096785,-0.624908864769024,-3.97606389049972,-77,-84,357
17.3599999999842,1.48793564431332,-0.629847455946772,-3.98691280477023,-72,-70,451
17.3999999999842,1.48289880049936,-0.634427688555877,-3.99909764641011,-80,-58,354
17.4399999999841,1.47676047703542,-0.639650740987658,-3.99951261589306,-74,-68,381
17.4799999999841,1.4711347224654,-0.644300738250364,-4.01249941887093,-85,-57,359
17.5199999999841,1.46505164398549,-0.648888427531497,-4.0230222532773,-75,-65,365
17.559999999984,1.45923734334817,-0.654012387031342,-4.04324964192354,-78,-71,355
17.599999999984,1.45299295090899,-0.659172354593112,-4.04488339227645,-76,-81,375
17.639999999984,1.44651549589936,-0.663480646245448,-4.05579206662056,-92,-80,376
17.6799999999839,1.44032670192359,-0.669103916098689,-4.06047101509247,-93,-87,358
17.7199999999839,1.43353557520585,-0.672350576849517,-4.07157268794527,-101,-86,358
17.7599999999838,1.42567758266148,-0.678636208495661,-4.07852679527021,-96,-80,383
17.7999999999838,1.41840597460481,-0.68292767195539,-4.08580092616679,-96,-77,371
17.8399999999838,1.41296823388857,-0.687560392975573,-4.09648637289957,-88,-71,372
17.8799999999837,1.4061734522182,-0.692388227328474,-4.10637760755623,-77,-67,385
17.9199999999837,1.40005624796032,-0.69664770851844,-4.11545942831898,-85,-56,360
17.9599999999837,1.39383114160992,-0.701107840376036,-4.12675766015213,-67,-77,375
17.9999999999836,1.38812073801323,-0.706134867041011,-4.13497528113576,-77,-64,456
18.0399999999836,1.38196043369345,-0.709357015631573,-4.13976353957873,-81,-87,348
18.0799999999836,1.37465366010598,-0.714191607665606,-4.15805738266643,-97,-80,353
18.1199999999835,1.36925830815827,-0.717819458633227,-4.16052382960547,-98,-85,355
18.1599999999835,1.36191326063138,-0.723344600617492,-4.17889059254932,-113,-77,374
18.1999999999834,1.35509997016817,-0.726976475036663,-4.17895468103946,-87,-81,377
18.2399999999834,1.34654192584138,-0.732013292885289,-4.19395709495729,-100,-74,480
18.2799999999834,1.33971568031485,-0.737606630000014,-4.20929958627987,-59,-57,418
18.3199999999833,1.33234239367506,-0.741135582525981,-4.21951353231522,-64,-42,407
18.3599999999833,1.32593958066732,-0.746039342592186,-4.23264509290125,-52,-54,373
18.3999999999833,1.31878163705404,-0.7500011524544,-4.24639959640391,-72,-55,367
18.4399999999832,1.31189021310062,-0.753908242738934,-4.25574655013333,-65,-68,390
18.4799999999832,1.30566023813674,-0.758158013986803,-4.26288459770814,-85,-71,385
18.5199999999832,1.29854527601733,-0.762170788041867,-4.27882830259815,-79,-96,354
18.5599999999831,1.29243752785601,-0.76416697402587,-4.28738169002328,-84,-82,347
18.5999999999831,1.28449018400564,-0.768527665696131,-4.2827878263524,-71,-77,387
18.639999999983,1.27719518895213,-0.77258157706149,-4.29758886418113,-93,-60,384
18.679999999983,1.26839136760988,-0.778231177424392,-4.31323334982419,-59,-78,376
18.719999999983,1.26150668822617,-0.780575413826284,-4.32756676158643,-47,-33,358
18.7599999999829,1.25406843586158,-0.78427253085394,-4.33562428351778,-46,-49,384
18.7999999999829,1.24761030790735,-0.787269166149832,-4.34586493309068,-61,-43,367
18.8399999999829,1.24087730057745,-0.791009452368613,-4.3572446717999,-79,-59,337
18.8799999999828,1.23473782738924,-0.791524784478679,-4.3581698359298,-67,-55,406
18.9199999999828,1.22802777447878,-0.795173068872594,-4.37425555826105,-68,-66,337
18.9599999999828,1.22176387398501,-0.797314236116494,-4.38310549457938,-72,-73,331
18.9999999999827,1.21574621874692,-0.799815538406571,-4.38689294632267,-86,-77,328
19.0399999999827,1.20941560751539,-0.802554918206814,-4.39787031682614,-72,-78,326
19.0799999999826,1.20270390523335,-0.804445649752127,-4.40515043420206,-69,-74,345
19.1199999999826,1.19560086346885,-0.807112769103313,-4.41660932359286,-79,-94,328
19.1599999999826,1.18663740860263,-0.810753170271698,-4.43774438816988,-57,-47,352
19.1999999999825,1.18081456583444,-0.813682626720448,-4.45468258166768,-60,-71,349
19.2399999999825,1.17347470760805,-0.815181905006934,-4.449843027998,-55,-73,348
19.2799999999825,1.16712133131545,-0.817154218226754,-4.45875577871611,-74,-63,330
19.3199999999824,1.16060943565067,-0.818447247770267,-4.4648933337505,-73,-86,425
19.3599999999824,1.1531541665365,-0.820952041063843,-4.47345808326906,-115,-66,326
19.3999999999824,1.14643765802242,-0.822464334728339,-4.48247417493218,-83,-115,328
19.4399999999823,1.13970033929647,-0.823545303500379,-4.48997294715679,-82,-78,429
19.4799999999823,1.13223669175405,-0.825272611842027,-4.49497263478535,-73,-78,349
19.5199999999822,1.12483906358457,-0.82709776691307,-4.50142487268388,-81,-58,374
19.5599999999822,1.11784843902467,-0.830099373553518,-4.51623936700114,-51,-65,367
19.5999999999822,1.10764516396685,-0.831902223347261,-4.53163250777862,-56,-47,374
19.6399999999821,1.10019432765704,-0.83440188842321,-4.54244215214097,-46,-53,366
19.6799999999821,1.09299037009734,-0.835598807230699,-4.54541575685405,-67,-38,374
19.7199999999821,1.08562141872117,-0.837538854596237,-4.56457393934722,-56,-55,365
19.759999999982,1.07821908939328,-0.837946356946682,-4.57703157594918,-59,-57,361
19.799999999982,1.07091594246512,-0.839832788457621,-4.58613688884367,-85,-61,342
19.839999999982,1.06358645391597,-0.840157093952869,-4.59085381568011,-94,-97,341
19.8799999999819,1.05672909215053,-0.842396278577348,-4.60618424677756,-103,-76,447
19.9199999999819,1.04863045185948,-0.843233410526462,-4.60847509614055,-79,-105,334
19.9599999999818,1.04176826609885,-0.843170807879461,-4.61681831101715,-82,-87,364
19.9999999999818,1.0334396674776,-0.844513461364002,-4.62339595082244,-65,-84,372
20.0399999999818,1.0266545186728,-0.845510570930411,-4.63875490059987,-73,-68,386
20.0799999999817,1.01689282801716,-0.84798085446416,-4.65201214234533,-68,-84,381
20.1199999999817,1.00982508693653,-0.848019261155948,-4.66413935321331,-49,-61,386
20.1599999999817,1.00287335788783,-0.848335373496075,-4.67898245347701,-66,-65,367
20.1999999999816,0.994863532931782,-0.849143978571161,-4.69126374201135,-81,-64,378
20.2399999999816,0.986689958244853,-0.850211754264218,-4.69128061934522,-92,-90,351
20.2799999999816,0.978648554592095,-0.84985978261715,-4.69937826639607,-88,-111,364
20.3199999999815,0.970662554132433,-0.850287957021079,-4.70227731064351,-76,-93,454
20.3599999999815,0.963134036817098,-0.850737425046234,-4.72240868872759,-84,-80,374
20.3999999999814,0.954485191359445,-0.851780924023028,-4.71853740882032,-68,-80,375
20.4399999999814,0.947484533407834,-0.851825635065061,-4.74490390584398,-67,-62,366
20.4799999999814,0.940567032526991,-0.85193932093714,-4.75126838858772,-57,-67,382
20.5199999999813,0.930852735165885,-0.852280876435173,-4.76983921542772,-74,-55,366
20.5599999999813,0.922459855396128,-0.852902131503579,-4.76923154414205,-79,-71,364
20.5999999999813,0.915895353481871,-0.851810727064506,-4.78146412053697,-79,-84,333
20.6399999999812,0.907594579748128,-0.851778195114157,-4.77863623336313,-89,-85,351
20.6799999999812,0.901993797480638,-0.852032772036944,-4.80287485986934,-103,-91,324
20.7199999999812,0.894940113449369,-0.850799523998602,-4.80664436962792,-152,-125,333
20.7599999999811,0.886543048822983,-0.85059966406737,-4.8047009978657,-115,-114,416
20.7999999999811,0.87964680603312,-0.848326374116762,-4.80699177741553,-82,-73,262
20.839999999981,0.872062573103842,-0.848349926562635,-4.81763050168423,-95,-102,343
20.879999999981,0.865262980744934,-0.846981801740232,-4.82870939799029,-132,-94,361
20.919999999981,0.856574228015259,-0.847215824680778,-4.82716623022555,-88,-122,371
20.9599999999809,0.849282243440537,-0.845712200847673,-4.83472001522818,-95,-95,421
20.9999999999809,0.839561353332308,-0.84440825539197,-4.84558683657683,-88,-98,338
21.0399999999809,0.8328260825006,-0.843386208847895,-4.85637817243532,-85,-90,352
21.0799999999808,0.824556847643994,-0.842991121710439,-4.86625170945337,-70,-73,366
21.1199999999808,0.816408320067174,-0.842242946089207,-4.87218343780907,-54,-70,370
21.1599999999808,0.809992772832918,-0.840977058814592,-4.88478684431016,-55,-44,346
21.1999999999807,0.802858344093632,-0.840309145893002,-4.89665595588835,-39,-43,347
21.2399999999807,0.795577554369936,-0.839377883715462,-4.90865183073011,-46,-26,342
21.2799999999806,0.787712406248975,-0.839570871991754,-4.90617428349702,-31,-37,329
21.3199999999806,0.78168799943951,-0.837300769819537,-4.91938476787183,-46,-28,275
21.3599999999806,0.776497826253848,-0.83670369095099,-4.92749622047706,-34,-37,264
21.3999999999805,0.772468746063418,-0.835615335140924,-4.94668536511116,-30,-27,247
21.4399999999805,0.765609905571435,-0.833973657008995,-4.94428286703591,-56,-34,250
21.4799999999805,0.761440698280808,-0.833412334849571,-4.95987193847521,-76,-48,296
21.5199999999804,0.756968736794519,-0.831775042406158,-4.9728671015802,-58,-42,226
21.5599999999804,0.751311922486511,-0.830179184730221,-4.96247963491062,-62,-44,219
21.5999999999804,0.747262433539244,-0.829321887356554,-4.96530818530957,-54,-52,207
21.6399999999803,0.743859333127546,-0.828500391514924,-4.98601859382629,-54,-55,213
21.6799999999803,0.738723729159906,-0.826853713611379,-4.98696653450293,-61,-62,217
21.7199999999802,0.734088974967069,-0.825810826259309,-4.98694564291178,-65,-57,226
21.7599999999802,0.728838243466102,-0.82440626147872,-4.99732570938534,-55,-55,231
21.7999999999802,0.724365763338063,-0.823326859659538,-4.99724554641279,-57,-49,252
21.8399999999801,0.720248547884262,-0.821457207344759,-5.01359802486692,-47,-61,237
21.8799999999801,0.714430453967469,-0.820079485616698,-5.00102437622958,-54,-50,301
21.9199999999801,0.708433801087338,-0.817765972732916,-5.00932278850428,-57,-57,249
21.95999999998,0.702391108693196,-0.81614209198301,-5.02060665627769,-72,-48,275
21.99999999998,0.697937003958436,-0.814162357119643,-5.02470940175035,-80,-49,275
22.03999999998,0.69303451915747,-0.81174042137405,-5.04488750229851,-84,-55,261
22.0799999999799,0.687822239202166,-0.809272648201343,-5.04313393509245,-73,-55,255
22.1199999999799,0.681950867771899,-0.8073726537099,-5.03767684902682,-62,-60,268
22.1599999999798,0.676875820521474,-0.805499625345103,-5.05811608573766,-56,-70,249
22.1999999999798,0.671751561087065,-0.803985604219988,-5.06289245848842,-53,-67,265
22.2399999999798,0.666438041181183,-0.802963708938827,-5.07139240393185,-33,-64,266
22.2799999999797,0.659359589748663,-0.801260181861277,-5.06545622498655,-26,-66,283
22.3199999999797,0.654106869098973,-0.799404775029946,-5.07261567029799,-31,-52,263
22.3599999999797,0.648609364779489,-0.797279179041396,-5.09708724589947,-43,-42,262
22.3999999999796,0.64264397107371,-0.795146678329817,-5.09464647275373,-33,-30,263
22.4399999999796,0.637505829028663,-0.793558909367392,-5.09857522635326,-37,-17,294
22.4799999999796,0.632020411583323,-0.791664856992987,-5.11140854507671,-22,-23,345
22.5199999999795,0.628230773232049,-0.789860067161305,-5.11973132214777,-27,-24,237
22.5599999999795,0.623561533980647,-0.786994756179225,-5.12989613716468,-29,-25,239
22.5999999999794,0.619304347090312,-0.785053775557047,-5.13461758440388,-32,-26,235
22.6399999999794,0.61429115850043,-0.78314068632502,-5.13949822312416,-39,-31,257
22.6799999999794,0.609856087047862,-0.781232803877247,-5.15140735510209,-49,-25,264
22.7199999999793,0.604898601012922,-0.780226182500533,-5.15694772827962,-54,-28,274
22.7599999999793,0.599861223530574,-0.777033604357507,-5.16644701434616,-70,-64,314
22.7999999999793,0.596089694608353,-0.774390555497835,-5.17418943453435,-57,-45,257
22.8399999999792,0.590374335887483,-0.77127265264592,-5.17965063957701,-57,-57,251
22.8799999999792,0.585528500407972,-0.768177181906338,-5.19140476886407,-65,-54,260
22.9199999999792,0.580798487645682,-0.766276563957889,-5.19339987218532,-59,-46,272
22.9599999999791,0.574638754931756,-0.764410571993056,-5.20083841309744,-47,-60,284
22.9999999999791,0.570709880165066,-0.761331553494407,-5.2117406646299,-49,-64,244
23.039999999979,0.566262027931187,-0.759009891169658,-5.21361905778407,-59,-64,250
23.079999999979,0.561785938143154,-0.756246688150723,-5.22195108510016,-57,-65,254
23.119999999979,0.556175356383039,-0.753162313637643,-5.22787316178511,-55,-59,283
23.1599999999789,0.550798574468914,-0.751300657937638,-5.23991603834362,-62,-57,294
23.1999999999789,0.54521757031069,-0.748883592803278,-5.24353681114335,-58,-74,279
23.2399999999789,0.54020456396218,-0.744880891623225,-5.24990722800654,-69,-85,260
23.2799999999788,0.534069560114646,-0.740864048127059,-5.25228129466827,-66,-81,276
23.3199999999788,0.52931824402325,-0.738284068479264,-5.25900398878769,-79,-80,260
23.3599999999788,0.523457644693137,-0.736045188537765,-5.27293192565812,-57,-102,276
23.3999999999787,0.517156001658211,-0.732661152368209,-5.27052255098562,-45,-82,387
23.4399999999787,0.510282586952175,-0.730080963942801,-5.27979456027696,-18,-106,289
23.4799999999786,0.504740378788434,-0.726938272060848,-5.28440341632611,-17,-85,304
23.5199999999786,0.497838418571643,-0.724570947849753,-5.29635228945112,-14,-56,219
23.5599999999786,0.49270536869658,-0.722193814509111,-5.30696366441044,-16,-67,374
23.5999999999785,0.486527580682262,-0.720053863536717,-5.31983764930546,-14,-40,328
23.6399999999785,0.480915811399895,-0.718088528224688,-5.33037338169501,-0,-48,306
23.6799999999785,0.476260358959976,-0.714075028413676,-5.33659225161925,-19,-40,273
23.7199999999784,0.470927609565123,-0.711107827096805,-5.34734410813006,-18,-32,269
23.7599999999784,0.465877845148718,-0.707688679164627,-5.35293328071348,-23,-26,262
23.7999999999784,0.460859517764086,-0.704964810056482,-5.36750449358631,-27,-17,294
23.8399999999783,0.456170442913676,-0.702789104587272,-5.37559198282091,-10,-32,348
23.8799999999783,0.452192940155187,-0.699821633656565,-5.38711387859771,-13,-33,243
23.9199999999782,0.447876527874799,-0.696534617900006,-5.39449389862001,-22,-26,241
23.9599999999782,0.443887998148202,-0.693775983205359,-5.40296075262082,-29,-31,239
23.9999999999782,0.439985735125525,-0.690496194678105,-5.41166636766331,-35,-28,255
24.0399999999781,0.436297122113827,-0.68813680875223,-5.42444900202528,-38,-31,260
24.0799999999781,0.431747538935318,-0.68541934443176,-5.43763843772931,-40,-44,258
24.1199999999781,0.427519605433246,-0.681673062986269,-5.44323801247507,-48,-60,256
24.159999999978,0.423563356171706,-0.677854054448393,-5.44808109170984,-62,-62,243
24.199999999978,0.418860319393905,-0.673550215045271,-5.45764331434921,-76,-67,240
24.239999999978,0.415483341505883,-0.669020903993287,-5.46076494043615,-114,-90,243
24.2799999999779,0.411758919240852,-0.665458303031295,-5.46477685897454,-99,-73,341
24.3199999999779,0.406341789806522,-0.660361435721585,-5.46391079169312,-91,-71,270
24.3599999999778,0.403446200117241,-0.657117104511659,-5.47609688997005,-84,-72,250
24.3999999999778,0.399203310600006,-0.652394617613144,-5.47471298349956,-81,-52,185
24.4399999999778,0.395383417879558,-0.648332495895036,-5.48099910095988,-72,-87,266
24.4799999999777,0.391340832040323,-0.64413922440841,-5.48794542411636,-78,-74,330
24.5199999999777,0.386907296854481,-0.64027028126795,-5.48926662090683,-86,-79,283
24.5599999999777,0.382052424247914,-0.63644459393379,-5.49642798608044,-93,-107,268
24.5999999999776,0.378238333851927,-0.630763026179418,-5.4959030783079,-107,-111,253
24.6399999999776,0.374035710491947,-0.625588841552649,-5.49153296584713,-102,-86,273
24.6799999999776,0.369481676704572,-0.620200494008679,-5.50740354144148,-92,-76,265
24.7199999999775,0.364788505633229,-0.61525566339298,-5.50659887484314,-75,-62,287
24.7599999999775,0.360157249168903,-0.611756844197976,-5.51655283663312,-47,-47,303
24.7999999999774,0.35539130101268,-0.606674429391046,-5.52378610937191,-23,-42,292
24.8399999999774,0.352052174256843,-0.602773348076921,-5.53492851820945,-35,-22,260
24.8799999999774,0.348140349970906,-0.598193941218339,-5.53628832168297,-26,-29,252
24.9199999999773,0.345443530311962,-0.594845562947442,-5.55480888304051,-32,-18,303
24.9599999999773,0.341890353197998,-0.591290318052483,-5.55881533869834,-21,-9,201
24.9999999999773,0.3379691394342,-0.588226374974472,-5.57443544209174,-25,-18,277
25.0399999999772,0.334891916284767,-0.584162208900397,-5.57985990795365,-35,-32,230
25.0799999999772,0.332023629810436,-0.580896941338114,-5.58715789750111,-41,-45,219
25.1199999999772,0.328499074761855,-0.576561694551649,-5.59561316251569,-50,-39,281
25.1599999999771,0.325010799450643,-0.572398722805305,-5.60365670435972,-41,-34,177
25.1999999999771,0.322505572457309,-0.568540886628421,-5.60748021460536,-80,-68,291
25.239999999977,0.318761464922571,-0.564878652720647,-5.60968690419182,-75,-57,173
25.279999999977,0.315728890192225,-0.561019509275842,-5.61461496350788,-68,-64,307
25.319999999977,0.312551620174523,-0.556494473767654,-5.62063875798162,-65,-62,273
25.3599999999769,0.308915962755689,-0.551987739502462,-5.6268248855291,-65,-54,263
25.3999999999769,0.304883720173815,-0.547703866745177,-5.63309489360043,-61,-60,265
25.4399999999769,0.30162381416312,-0.542417383327244,-5.64370399963172,-68,-73,281
25.4799999999768,0.298205124315944,-0.538278736619575,-5.63749802769065,-69,-62,298
25.5199999999768,0.294132852805916,-0.533403260448731,-5.65402214182342,-77,-83,284
25.5599999999768,0.290786713251828,-0.528222856485702,-5.65817867834363,-66,-64,346
25.5999999999767,0.286041462793021,-0.521413396449252,-5.66192148456465,-67,-68,281
25.6399999999767,0.282390691479145,-0.516556267373368,-5.67252273661431,-67,-80,302
25.6799999999766,0.278343825726297,-0.510841381129901,-5.67824879537096,-73,-60,225
25.7199999999766,0.274771786407743,-0.506367822271432,-5.68006906906104,-64,-107,363
25.7599999999766,0.271064823581654,-0.500474521576769,-5.69162824507066,-58,-83,289
25.7999999999765,0.266625847485325,-0.495159238772491,-5.69700370208717,-45,-60,316
25.8399999999765,0.262830426122128,-0.490619547717829,-5.70755847601885,-31,-58,303
25.8799999999765,0.259409614558111,-0.485634613920821,-5.70982162700662,-35,-49,312
25.9199999999764,0.254729831204974,-0.480222696899183,-5.72746173956969,-32,-47,306
25.9599999999764,0.251125722965977,-0.475455639329669,-5.73439289581497,-20,-62,313
25.9999999999764,0.24808577784932,-0.471253060513079,-5.74510385926141,-17,-39,352
26.0399999999763,0.24391339162688,-0.466666892385046,-5.75349161494052,-11,-47,268
26.0799999999763,0.240476480942502,-0.461458774020371,-5.76469141020386,-15,-42,194
26.1199999999762,0.237009782004444,-0.45716658707999,-5.77461194893866,-23,-55,270
26.1599999999762,0.234766121107583,-0.454204150263827,-5.77738162938194,-10,-87,242
26.1999999999762,0.232042259416994,-0.450147602752734,-5.7884276262316,-13,-60,295
26.2399999999761,0.228307799933903,-0.445890406973841,-5.78884933268546,-7,-61,243
26.2799999999761,0.224870327790033,-0.442084681188951,-5.79959958349337,-8,-72,242
26.3199999999761,0.221409496846536,-0.437625886515535,-5.8059174135862,-6,-68,270
26.359999999976,0.218329147467311,-0.434513150370099,-5.81536016843826,-8,-52,265
26.399999999976,0.214826721443788,-0.430298573542094,-5.82380984839924,-1,-41,265
26.439999999976,0.212301660331544,-0.425873068628646,-5.83180560312835,-1,-31,256
26.4799999999759,0.209975808732594,-0.422315295326309,-5.84542353461704,-10,-19,276
26.5199999999759,0.206335791096956,-0.415705454339342,-5.85715022732826,-8,-15,259
26.5599999999758,0.204746417666126,-0.412579491790945,-5.87476784259728,-32,-16,261
26.5999999999758,0.202806716995513,-0.408151335366396,-5.8723201404944,-29,-36,262
26.6399999999758,0.201223488461293,-0.404051748685443,-5.88341486693677,-38,-36,319
26.6799999999757,0.19925172888723,-0.401100005175238,-5.90271145403963,-47,-33,234
26.7199999999757,0.197942023333105,-0.393859936305448,-5.91518863832921,-48,-32,234
26.7599999999757,0.19527461737737,-0.390441937361315,-5.90711486738253,-52,-41,230
26.7999999999756,0.193413200667136,-0.385931136547366,-5.91220257196526,-60,-45,256
26.8399999999756,0.191467298009042,-0.381754280591373,-5.91554096794531,-75,-45,240
26.8799999999756,0.189915808502925,-0.376962074029734,-5.92061722316815,-80,-51,238
26.9199999999755,0.189035102245981,-0.372061573993476,-5.92489212791823,-82,-46,239
26.9599999999755,0.187819413716723,-0.367310393550781,-5.93450814160514,-82,-35,258
26.9999999999754,0.185351876371949,-0.360574554738877,-5.93828917053678,-69,-38,251
27.0399999999754,0.183652072526534,-0.355583720489333,-5.94533588503183,-76,-63,260
27.0799999999754,0.181900839200332,-0.350983596580047,-5.95532314770393,-65,-50,328
27.1199999999753,0.180161373546891,-0.345331222968643,-5.95681077909187,-67,-58,263
27.1599999999753,0.178748920871132,-0.340406324068287,-5.96461716559714,-53,-44,206
27.1999999999753,0.177331364969253,-0.333674547343149,-5.98047030535227,-98,-62,272
27.2399999999752,0.174832247305761,-0.329135998599034,-5.97693669429539,-81,-80,264
27.2799999999752,0.172877227214021,-0.32414984377812,-5.98058616030802,-80,-71,336
27.3199999999752,0.17155313312379,-0.317765247983373,-5.98982732963148,-73,-63,274
27.3599999999751,0.169893555478731,-0.31249749249334,-5.99016861131342,-63,-72,264
27.3999999999751,0.1685021023381,-0.307364711111731,-5.99660786396231,-63,-71,252
27.439999999975,0.166065801926455,-0.300497487412692,-6.00041685306857,-60,-82,254
27.479999999975,0.164118965878577,-0.295563683370368,-6.00904975769442,-58,-87,270
27.519999999975,0.1624916759175,-0.289878346464204,-6.01246871807273,-68,-84,249
27.5599999999749,0.160864383944992,-0.284333315068189,-6.02063504382964,-90,-84,251
27.5999999999749,0.160083856674019,-0.27948614916484,-6.02152612167925,-93,-80,249
27.6399999999749,0.159038106387933,-0.274232288913244,-6.02369394278327,-97,-66,268
27.6799999999748,0.157828406133156,-0.269097592485178,-6.03068140335022,-92,-58,263
27.7199999999748,0.15627858908731,-0.263346493931977,-6.03498374467614,-86,-57,264
27.7599999999748,0.155535156283671,-0.257821781476012,-6.04043671176473,-69,-62,268
27.7999999999747,0.154007771171429,-0.252331425311574,-6.04745866003769,-57,-50,282
27.8399999999747,0.152728116485437,-0.247399822984051,-6.05459525898922,-54,-47,265
27.8799999999746,0.151330332098858,-0.24195791152864,-6.06251657542574,-42,-43,272
27.9199999999746,0.149012159873775,-0.23564900680385,-6.0725433698054,-30,-32,350
27.9599999999746,0.148066421856051,-0.231619648585289,-6.08850662238304,-31,-39,283
27.9999999999745,0.147724880093946,-0.225205197502926,-6.08955631575506,-47,-37,264
28.0399999999745,0.146847284963316,-0.220162714117779,-6.10123227174493,-49,-30,232
28.0799999999745,0.145905958414303,-0.215273246432991,-6.10355176196096,-47,-40,214
28.1199999999744,0.145632442475579,-0.211102186454398,-6.10927822214333,-50,-26,168
28.1599999999744,0.145159994465351,-0.208170955422964,-6.11064774710079,-40,-23,125
28.1999999999744,0.144393902942198,-0.207356137591358,-6.12140798119201,-34,-24,91
28.2399999999743,0.144290287390528,-0.203846132116955,-6.11579217488421,-21,-21,59
28.2799999999743,0.144090886163931,-0.203947209512881,-6.12312358748685,-20,-19,27
28.3199999999742,0.143997245522366,-0.202553460075362,-6.1153883056953,-11,-22,-5
28.3599999999742,0.144015923047486,-0.202809007684082,-6.11176388515744,-23,-18,-35
28.3999999999742,0.14442860587268,-0.202842430746645,-6.10857953193717,-26,-16,-20
28.4399999999741,0.144486474289251,-0.202964356280743,-6.10671265795607,-28,-25,-23
28.4799999999741,0.14466388216094,-0.203096785905267,-6.10398092097073,-26,-28,-23
28.5199999999741,0.14486846929722,-0.203253054580483,-6.10253002876355,-17,-13,-12
28.559999999974,0.144983957443447,-0.203211197080524,-6.10126157582307,-7,-8,-8
28.599999999974,0.144990512280827,-0.203352058972121,-6.09993025612294,-5,-6,-4
28.639999999974,0.144948904385438,-0.203277749864398,-6.09851891307661,-2,-0,-2
28.6799999999739,0.146884098586063,-0.2020021733409,-6.1265851688055,7,4,-0
28.7199999999739,0.144962684890979,-0.203273484087304,-6.09966514060957,10,8,-0
28.7599999999738,0.144984430468476,-0.203289776053386,-6.10099511640617,7,8,2
28.7999999999738,0.144931903762826,-0.203354012117601,-6.1020448097782,1,2,2
28.8399999999738,0.144917269406916,-0.203237719408372,-6.10275308184195,-0,-0,-0
28.8799999999737,0.14495237583176,-0.203302151178968,-6.1019995359374,-0,-0,-0
28.9199999999737,0.144970305937729,-0.203303810002585,-6.10136250821372,-0,-0,-0
28.9599999999737,0.144899197900102,-0.203233938320759,-6.10212975495289,-0,-0,-0
28.9999999999736,0.144927190719956,-0.203322402062024,-6.10251311652309,-0,-0,-0
29.0399999999736,0.145004437318704,-0.203263729375026,-6.10234893340036,-0,-0,-0
29.0799999999736,0.144903261668926,-0.203247500676729,-6.10240487120288,-0,-0,-0
29.1199999999735,0.144927036339964,-0.20325282860154,-6.1025683911005,-0,-0,-0
29.1599999999735,0.145020449438726,-0.203217758539875,-6.10272245131358,-0,-0,-0
29.1999999999734,0.144902088358883,-0.203203345537836,-6.10230765636355,-0,-0,-0
29.2399999999734,0.144952456324342,-0.203307881488254,-6.10181671269826,-0,-0,-0
29.2799999999734,0.144989599138033,-0.203257920088171,-6.10195279602003,-0,-0,-0
29.3199999999733,0.145018485201514,-0.203309583797944,-6.10157343125382,-0,-0,-0
29.3599999999733,0.145000180881322,-0.20330250595681,-6.10129805320444,-0,-0,-0
29.3999999999733,0.145024587436877,-0.203234268098408,-6.10162523262602,-0,-0,-0
29.4399999999732,0.144965321705098,-0.20321691728198,-6.10249248673134,-0,-0,-0
29.4799999999732,0.144907227186136,-0.203224207763597,-6.10255559783709,-0,-0,-0
29.5199999999732,0.144975230625272,-0.203277400613023,-6.10248382989824,-0,-0,-0
29.5599999999731,0.144983601957624,-0.203297828824648,-6.10183601603978,-0,-0,-0
29.5999999999731,0.145001633036027,-0.203219515487921,-6.10278156561534,-0,-0,-0
29.639999999973,0.14497064278289,-0.203325936192944,-6.10167036684047,-0,-0,-0
29.679999999973,0.145018261522678,-0.203245343171191,-6.10201791425443,-0,-0,-0
29.719999999973,0.14494170864056,-0.203216579969231,-6.10286080356338,-0,-0,-0
29.7599999999729,0.144998564256193,-0.203263610409342,-6.10233882794399,-0,-0,-0
29.7999999999729,0.144926950601487,-0.203227034416187,-6.10265040412206,-0,-0,-0
29.8399999999729,0.144977062879886,-0.203219744492573,-6.10202629183483,-0,-0,-0
29.8799999999728,0.145044346873305,-0.203197251885994,-6.1019129850598,-0,-0,-0
29.9199999999728,0.14503370683555,-0.203248317753306,-6.10197450791593,-0,-0,-0
29.9599999999728,0.145004346246946,-0.203262396734191,-6.10164134201501,-0,-0,-0
29.9999999999727,0.144981680974405,-0.203278256628334,-6.10220606074779,-0,-0,-0
30.0399999999727,0.145027274293529,-0.203267560050953,-6.10171310995386,-0,-0,-0
30.0799999999726,0.144994260433308,-0.20323288140869,-6.1019731640124,-0,-0,-0
30.1199999999726,0.145023089211702,-0.203279330601026,-6.10225239923943,-0,-0,-0
30.1599999999726,0.144984828968285,-0.2032152370522,-6.10157941773315,-0,-0,-0
30.1999999999725,0.144961718134524,-0.203283986995451,-6.10194574488986,-0,-0,-0
30.2399999999725,0.145002611751967,-0.203273070903291,-6.10198820875056,-0,-0,-0
30.2799999999725,0.144939356998205,-0.203278763790503,-6.10198861017628,-0,-0,-0
30.3199999999724,0.144938391082003,-0.203231676828495,-6.10220286679526,-0,-0,-0
30.3599999999724,0.14504126893375,-0.203246440702852,-6.10241471485987,-0,-0,-0
30.3999999999724,0.144981240488881,-0.203255783105966,-6.10214694644602,-0,-0,-0
30.4399999999723,0.14501955738272,-0.203274684940685,-6.10198874980262,-0,-0,-0
30.4799999999723,0.144944437871196,-0.203232190704544,-6.10227782868663,-0,-0,-0
30.5199999999722,0.144948869282785,-0.203216759124281,-6.1018093823154,-0,-0,-0
30.5599999999722,0.144997836618162,-0.203284906835897,-6.10177581963388,-0,-0,-0
30.5999999999722,0.145004072328792,-0.203249816112345,-6.10201924070466,-0,-0,-0
30.6399999999721,0.145024862249552,-0.203254040438051,-6.10154573287859,-0,-0,-0
30.6799999999721,0.145015106530281,-0.20327547558383,-6.10146330097802,-0,-0,-0
30.7199999999721,0.145010970931271,-0.203252544383693,-6.10249901426274,-0,-0,-0
30.759999999972,0.144987769315096,-0.20329990444674,-6.10205639876443,-0,-0,-0
30.799999999972,0.144972921579417,-0.203223330380479,-6.10226651895308,-0,-0,-0
30.839999999972,0.145013811573776,-0.203235048184589,-6.10224334098061,-0,-0,-0
30.8799999999719,0.145031505004481,-0.203236263328225,-6.10154653573005,-0,-0,-0
