0,0,0,0,-5,-3,5
0.0399999999999636,-8.18295179711608e-05,0.000838072125050945,-0.000938498445382407,-12,-12,43
0.0799999999999272,-5.98871446275129e-06,0.00134459213424119,-0.000385630498229261,-17,-12,26
0.119999999999891,2.60029003204615e-05,0.00151026069466058,0.00199576654636147,-21,-14,19
0.159999999999854,0.000117809508399871,0.00113053067794332,-0.00893934953591291,-31,-16,14
0.199999999999818,0.000411198182880013,0.00189612031998369,-0.00997673833671264,-20,-25,14
0.239999999999782,9.22151341039004e-05,0.00235975848910398,-0.0157936065743449,-17,-20,37
0.279999999999745,0.000183795139167306,0.00369472862222448,-0.0126308430769289,-22,-21,28
0.319999999999709,-0.000442416970880036,0.00469814732095119,0.00253320578292904,-30,-26,30
0.359999999999673,-0.00013807801992614,0.0061050036612335,0.00746910162732384,-31,-33,41
0.399999999999636,0.000282704073581155,0.00851951334395118,0.0111154958604676,-39,-39,57
0.4399999999996,0.00119150745028683,0.0101721891477004,0.00940016881831518,-48,-45,67
0.479999999999563,0.00129580914711734,0.0125597849608135,0.00978632291531945,-64,-54,88
0.519999999999527,0.00127995524558619,0.0163202094917967,0.00334014130929638,-65,-72,112
0.559999999999491,0.00128267057748875,0.0197998339925155,0.0041295013700946,-67,-69,153
0.599999999999454,0.00142574565671837,0.0240588821459265,0.00507039091655237,-79,-78,170
0.639999999999418,0.00161743899815363,0.0290732367787683,0.00540275396600975,-99,-89,192
0.679999999999382,0.00122988900157764,0.0342683053169902,0.00720199643859942,-103,-98,215
0.719999999999345,0.000241844747140687,0.0401580867890492,-0.000139818326378105,-103,-99,263
0.759999999999309,0.00054891009326102,0.0483287592346901,0.00227807355287268,-97,-107,258
0.799999999999272,0.000616733973809179,0.0548678675768664,0.00118670171830715,-119,-124,261
0.839999999999236,0.000922046314706665,0.061836754824275,-0.000776566797382472,-121,-179,264
0.8799999999992,0.00142986794740538,0.0688477286091163,0.00164050477711886,-99,-127,274
0.919999999999163,0.000771430811653771,0.0757430458597265,0.0037145842470192,-164,-167,278
0.959999999999127,0.000424321706963027,0.0839312818610689,0.00180163357366325,-194,-149,303
0.999999999999091,0.00148010722805075,0.0920945248147811,0.00301071041298151,-196,-151,314
1.03999999999905,0.00172667498850885,0.0995240912899752,0.00291162807134704,-158,-194,349
1.07999999999902,0.00221421879185454,0.107645652423335,0.00183598165334153,-159,-158,390
1.11999999999898,0.00190089536131044,0.115377726094409,0.00658680278385582,-189,-154,319
1.15999999999894,0.00267515276081539,0.124223224686733,0.00285731342502427,-174,-160,322
1.19999999999891,0.00342500297365126,0.133075749927987,0.00476172943833753,-153,-164,337
1.23999999999887,0.00382327480844653,0.144150869733318,0.00488849270191061,-159,-175,311
1.27999999999884,0.00402393833647093,0.152372887513997,0.00735830812640792,-185,-185,305
1.3199999999988,0.00353139361612364,0.160562650542734,0.0108646396870782,-195,-187,325
1.35999999999876,0.00424955700636075,0.169112724428979,0.00622220350311409,-222,-199,414
1.39999999999873,0.00491063666981574,0.176887671707552,0.0113826185024859,-119,-118,259
1.43999999999869,0.00543296054501078,0.185905930771728,0.00965263069461741,-217,-162,324
1.47999999999865,0.00548368944518661,0.194212372908906,0.011060901961466,-179,-207,315
1.51999999999862,0.00463583582466278,0.203391893268411,0.00777989240722654,-164,-160,407
1.55999999999858,0.0053340301973063,0.211894290086419,0.00741583417855374,-131,-171,348
1.59999999999854,0.00530282927161842,0.220004326247158,0.00783155415308556,-139,-160,306
1.63999999999851,0.00618811021209281,0.228002366848945,0.00642515038853642,-151,-170,305
1.67999999999847,0.00614017251726663,0.235299133182336,0.0108321416564063,-171,-163,290
1.71999999999844,0.00579365437479436,0.243487818330378,0.0087005535876532,-179,-135,313
1.7599999999984,0.00699479048442497,0.253075313439493,0.00966088610197868,-152,-147,307
1.79999999999836,0.00766440107228007,0.260606906047883,0.0138492399744514,-162,-157,307
1.83999999999833,0.00845601691042101,0.268077009813333,0.0118247104020162,-168,-168,293
1.87999999999829,0.00738248367872061,0.276527570350594,0.0113842242053979,-173,-146,317
1.91999999999825,0.0053716826179234,0.285685678834984,0.00976049204238905,-152,-137,320
1.95999999999822,0.00573033738246989,0.293846067014125,0.00656629516514506,-126,-128,336
1.99999999999818,0.00457988169774037,0.302819072554625,0.00405919950782518,-105,-166,334
2.03999999999814,0.00456519169196328,0.310492575245694,0.00309059413284629,-134,-154,335
2.07999999999811,0.00313279508370545,0.318787396456813,-0.00227885895103697,-195,-147,336
2.11999999999807,0.00356653146097558,0.327068016882482,-0.000263911236194403,-156,-174,336
2.15999999999804,0.00399355179481471,0.334864676290516,-0.000263387637419399,-145,-163,394
2.199999999998,0.00418919487348254,0.342547289882313,-0.00347009852540126,-150,-150,315
2.23999999999796,0.00474723940757859,0.350922897541097,0.00477371985029862,-154,-162,292
2.27999999999793,0.00433045760111114,0.358418745256673,-0.00340484066466828,-179,-152,209
2.31999999999789,0.00369134434031773,0.367037556161408,0.00113690747474848,-157,-153,370
2.35999999999785,0.00408352646939962,0.374858718285015,-0.00100560635512181,-131,-150,314
2.39999999999782,0.00351094989854086,0.382895198600403,5.45938990015316e-05,-118,-161,289
2.43999999999778,0.00340946248076637,0.390419131333112,-3.5953782591136e-05,-140,-163,282
2.47999999999774,0.00253954753384847,0.397847650173691,0.00148710778916072,-150,-163,284
2.51999999999771,0.00216252447098957,0.405621541516248,-0.00324372932141692,-158,-136,315
2.55999999999767,0.00303135953706459,0.412965441831507,-0.000276163447543887,-145,-140,304
2.59999999999764,0.00281142294010248,0.420236396373071,-0.0011379721255933,-150,-143,293
2.6399999999976,0.00366280563779341,0.427921688458619,0.00104423049146796,-207,-191,368
2.67999999999756,0.00414296061905453,0.435104273724267,0.00517744941287024,-188,-171,288
2.71999999999753,0.00349380050531879,0.445421879374877,0.00260376944458685,-178,-116,222
2.75999999999749,0.00369113250393255,0.45400926807746,0.00402696327654084,-156,-196,385
2.79999999999745,0.00346667506817146,0.462082960096898,0.00773275106413074,-148,-177,314
2.83999999999742,0.00360577753394059,0.469953569266317,0.00736258418307489,-200,-223,384
2.87999999999738,0.0030469909131303,0.477854249461588,0.00934477206785722,-172,-176,330
2.91999999999734,0.00247102519332905,0.485976604066683,0.00696096646889899,-127,-111,264
2.95999999999731,0.00373365041125372,0.494122808508004,0.00306582791075982,-201,-154,332
2.99999999999727,0.00362272058071576,0.501935543991601,0.00610503955042763,-174,-200,327
3.03999999999724,0.00397126322171841,0.509420619186354,0.00698786199267154,-162,-163,401
3.0799999999972,0.00302995202738098,0.517855551812314,0.004513002566636,-164,-142,339
3.11999999999716,0.00274562070710762,0.526226282077345,0.00290152261497667,-153,-145,328
3.15999999999713,0.00326678754339869,0.534157849539108,0.00342643038751511,-148,-168,323
3.19999999999709,0.00337002025899964,0.544743252968318,0.00239818711199469,-152,-187,306
3.23999999999705,0.00341988572203098,0.552263263370228,0.00703500333576823,-165,-175,329
3.27999999999702,0.00284548860548245,0.559883067341018,0.00579744272305582,-180,-146,321
3.31999999999698,0.00350745438804057,0.567847098017734,0.00444961220820339,-171,-130,331
3.35999999999694,0.00394774559444892,0.575722788143776,0.00125515353157102,-144,-152,335
3.39999999999691,0.00423960312488602,0.583613449880171,-0.00169616332696609,-152,-139,340
3.43999999999687,0.00405437473627597,0.591343999894961,-0.000843953959802413,-153,-146,326
3.47999999999683,0.00400886102415009,0.599288943355912,-0.000676699057583718,-173,-138,324
3.5199999999968,0.00392352974570184,0.607558698197926,-0.00359579713812952,-137,-147,324
3.55999999999676,0.00447676903915415,0.616344134509569,-0.0043124467822917,-139,-142,329
3.59999999999673,0.00545079244812487,0.623774951972285,-0.00525707133334752,-193,-161,307
3.63999999999669,0.00551248438282785,0.631628128636489,0.00151800011692149,-194,-216,307
3.67999999999665,0.00577844043783485,0.639799669908927,-0.00335185246857783,-201,-159,394
3.71999999999662,0.00764641383228777,0.64844251593555,0.00277076254741804,-173,-146,331
3.75999999999658,0.00837632725977765,0.656099925539559,-0.000106796696930367,-179,-137,316
3.79999999999654,0.00940946581213897,0.66375419928855,-0.00100160955113537,-170,-139,298
3.83999999999651,0.0089059203162975,0.671585754061845,-0.00312096286183206,-165,-148,299
3.87999999999647,0.00866012290807391,0.679164482596154,-0.000868981981275496,-155,-130,328
3.91999999999643,0.00929527629863472,0.686333613123865,-0.00104875089423118,-129,-138,311
3.9599999999964,0.0104819984336576,0.694191500226775,-0.00481712618879726,-145,-136,289
3.99999999999636,0.0119908698555101,0.701579858222627,-0.00222800005663437,-152,-158,271
4.03999999999633,0.0115765928456823,0.709162708269726,0.00125222137842762,-218,-162,285
4.07999999999629,0.0111697425998994,0.717158235188045,0.00325652258483267,-172,-183,281
4.11999999999625,0.0125100572815313,0.723805848329924,0.0032107076919683,-155,-131,380
4.15999999999622,0.013226923173479,0.731322345043918,0.000406940968394665,-172,-121,310
4.19999999999618,0.0147061183848088,0.740928709114152,-0.00018668041679426,-161,-137,296
4.23999999999614,0.0137741086623103,0.748185154476215,-0.000762464537027441,-158,-132,303
4.27999999999611,0.013473919011902,0.755679012081227,-0.00112359061255685,-143,-129,292
4.31999999999607,0.0143532655301544,0.763401879641735,-0.00208711707941234,-168,-126,311
4.35999999999603,0.0142446329629417,0.770374652603412,-0.00642593578670159,-130,-168,299
4.399999999996,0.0149686461913025,0.777901876601692,-0.00192253253094954,-143,-129,379
4.43999999999596,0.0151325533361969,0.785318975038195,-0.006337517406795,-154,-143,287
4.47999999999593,0.0153403827062494,0.792989971532571,-0.00271801869742383,-173,-151,293
4.51999999999589,0.0158377875386189,0.80038626953365,-0.00343095079027833,-158,-156,293
4.55999999999585,0.0162350927851722,0.807590894807566,0.000840236408494732,-161,-154,309
4.59999999999582,0.0172686268895336,0.814663292122911,-0.00483522525314051,-158,-143,289
4.63999999999578,0.0168144851532777,0.822320743172258,0.00143277568954669,-151,-155,288
4.67999999999574,0.016633622596427,0.832319654987324,-0.000679107611951224,-151,-166,282
4.71999999999571,0.0161867927204077,0.83930803757428,-9.74766387251691e-05,-137,-150,306
4.75999999999567,0.0169275963517475,0.84662157168103,-0.00147059697443819,-128,-153,304
4.79999999999563,0.0172947455821533,0.853753010270379,0.0013914986527368,-145,-145,283
4.8399999999956,0.017631232988639,0.860963515993194,-0.00120640648556414,-142,-159,276
4.87999999999556,0.0171490853524041,0.868012517260161,0.000827984197146137,-149,-151,290
4.91999999999553,0.0172310013896361,0.875740475292831,-0.000666593601215126,-154,-145,290
4.95999999999549,0.0184225444519188,0.882958475213162,0.00116512944875335,-189,-150,294
4.99999999999545,0.0194944434678264,0.890136054198189,-0.00159496913693502,-181,-193,292
5.03999999999542,0.0194518630569301,0.897501656721483,0.00456253501080717,-164,-167,360
5.07999999999538,0.0190034696092287,0.905269662955212,0.00442058738274298,-157,-151,303
5.11999999999534,0.0179438695951864,0.912980725812214,0.000917467227894875,-138,-142,312
5.15999999999531,0.0185247525279542,0.92129235856868,-0.00157472331761177,-133,-137,315
5.19999999999527,0.0189646060296626,0.929773203334015,-0.00326156658637267,-176,-149,309
5.23999999999523,0.019518840950884,0.93775859687845,0.00121787329874845,-147,-176,324
5.2799999999952,0.019153468151695,0.944942298273151,-0.00324372932141692,-121,-105,307
5.31999999999516,0.0188986011243258,0.95320147100747,-0.0001083849465493,-162,-140,312
5.35999999999513,0.0203275089826749,0.959918687713318,-0.00304025883721959,-149,-162,315
5.39999999999509,0.0215919263500286,0.967302662729065,-0.00237287983784285,-214,-147,324
5.43999999999505,0.0212690986717013,0.974704403443613,-0.00389726785982614,-161,-189,296
5.47999999999502,0.020501051946138,0.982567187499862,-0.0011323696186949,-157,-154,378
5.51999999999498,0.0194370642082129,0.9903513478506,-0.00211933585740454,-147,-156,312
5.55999999999494,0.0193945500061872,0.997686929137302,-0.00559929549307903,-121,-167,310
5.59999999999491,0.0191105622784135,1.00533592211301,-0.00354626469395747,-125,-150,317
5.63999999999487,0.0198375903098777,1.01267966943716,-0.00777057234902223,-139,-150,292
5.67999999999483,0.0194211132077669,1.0219798533709,-0.00600436895917422,-154,-150,300
5.7199999999948,0.0198222938454728,1.02961459749447,-0.00759825599197228,-149,-133,294
5.75999999999476,0.0202659929025945,1.03639439530903,-0.00977140035021584,-136,-126,330
5.79999999999472,0.0207601391949314,1.04317478300367,-0.0148021199328721,-138,-119,309
5.83999999999469,0.0214726507659045,1.05012351923985,-0.0117866098644459,-191,-136,307
5.87999999999465,0.0213721848482382,1.05773085736873,-0.0150601668627797,-148,-176,313
5.91999999999462,0.0210344446782689,1.06546724372549,-0.00965769214944867,-140,-143,371
5.95999999999458,0.0222054126372062,1.07228710334154,-0.0158007973308631,-140,-151,311
5.99999999999454,0.0213494573570624,1.08006539901675,-0.0131999600394188,-161,-149,299
6.03999999999451,0.0223876966024668,1.08828651618573,-0.0114167047827785,-169,-161,298
6.07999999999447,0.0225858662713006,1.09681501468243,-0.00493669869585212,-169,-170,245
6.11999999999443,0.022829214250813,1.10539251571451,-0.00894769220973757,-167,-181,384
6.1599999999944,0.0229961074653893,1.11597029202499,-0.00774100647149378,-171,-189,313
6.19999999999436,0.0233232585297662,1.12391759664786,-0.0118816954020957,-171,-168,332
6.23999999999432,0.0238248404704663,1.13224653394834,-0.0101501018913135,-167,-151,344
6.27999999999429,0.0231362103711176,1.14032872785285,-0.0126617354046887,-154,-156,330
6.31999999999425,0.0233260662077235,1.14805913960609,-0.012587960337207,-154,-144,319
6.35999999999422,0.0232812777033281,1.15532023343255,-0.018559569466321,-127,-168,312
6.39999999999418,0.0236313376814562,1.16384601554787,-0.00538037884500131,-142,-156,308
6.43999999999414,0.0246974042243509,1.17182641402365,-0.0111051111514202,-160,-156,292
6.47999999999411,0.0247849613556876,1.18013146181813,-0.00868563102255049,-214,-211,372
6.51999999999407,0.0244904353544075,1.1891270451316,-0.00885421237500061,-166,-177,295
6.55999999999403,0.0250281645587356,1.19726249677196,-0.00456998756671467,-155,-186,329
6.599999999994,0.0252740877345668,1.20472062842674,-0.00245862786399265,-160,-148,334
6.63999999999396,0.0249264187507068,1.21379118850455,-0.0120494739030894,-143,-143,323
6.67999999999392,0.0237285256895305,1.22247138251625,-0.0152015908920689,-142,-142,340
6.71999999999389,0.024054120883695,1.23122777872531,-0.0165986745984128,-122,-147,352
6.75999999999385,0.0240512080252007,1.23977778449466,-0.0171773908717885,-141,-158,323
6.79999999999382,0.024419805108192,1.24717982540635,-0.0215060866694152,-104,-161,319
6.83999999999378,0.0243403454217932,1.25515865145179,-0.0240515446636937,-149,-177,300
6.87999999999374,0.0247458525434668,1.26445315553328,-0.0234653758344106,-180,-177,321
6.91999999999371,0.0255847840819282,1.27229074162629,-0.0222549725448609,-208,-194,303
6.95999999999367,0.0263757850411726,1.2806231710318,-0.0213660065436496,-173,-219,309
6.99999999999363,0.0267608152225385,1.28802090188947,-0.0229407298612614,-192,-146,387
7.0399999999936,0.0267509836584394,1.29620527086238,-0.0087397013227779,-170,-163,308
7.07999999999356,0.0264896100279195,1.30437026953765,-0.0262896501766967,-155,-140,329
7.11999999999352,0.0266637502474353,1.31209989999175,-0.0273027265410164,-123,-142,315
7.15999999999349,0.0258283092762015,1.32217194128586,-0.0340320005517132,-117,-140,309
7.19999999999345,0.0264631132069133,1.330109202303,-0.0284161942439107,-124,-146,296
7.23999999999342,0.0256793798960524,1.33796633966505,-0.0138614921858018,-141,-144,301
7.27999999999338,0.0260847273720079,1.34581808926784,-0.0268140343504584,-159,-146,286
7.31999999999334,0.0270274510137049,1.35377969807148,-0.0260060341732462,-160,-146,288
7.35999999999331,0.0263237477023033,1.36160124776659,-0.0116955385840773,-147,-161,304
7.39999999999327,0.0278387848486116,1.36803988377711,-0.0260816592897353,-206,-136,310
7.43999999999323,0.0286536852698956,1.37532882979142,-0.0276958095951505,-182,-187,348
7.4799999999932,0.029618161198242,1.38374987373291,-0.0251160035211928,-179,-152,272
7.51999999999316,0.0280288353022566,1.39131393839751,-0.0219503078706325,-114,-113,210
7.55999999999312,0.029061058259183,1.39882831335546,-0.0282553447000478,-155,-145,313
7.59999999999309,0.0280069119297311,1.40651139232916,-0.027984225254043,-128,-178,291
7.63999999999305,0.0281408067130861,1.41505513053363,-0.0273714401536669,-129,-147,363
7.67999999999302,0.0273545844857689,1.42206909574226,-0.0246771230274856,-146,-150,280
7.71999999999298,0.0282247256628787,1.4288820855713,-0.0252228002181223,-138,-152,263
7.75999999999294,0.0292689637719286,1.43569370509833,-0.0259620867826822,-137,-146,267
7.79999999999291,0.028815518774345,1.44161039357783,-0.0233644434437679,-137,-133,248
7.83999999999287,0.0282957944731593,1.44820897667285,-0.012574905274402,-190,-117,246
7.87999999999283,0.0297711667529803,1.45382481934228,-0.021302092586442,-133,-172,238
7.9199999999928,0.0301691214857095,1.46043407467408,-0.0211897108359063,-128,-127,291
7.95999999999276,0.0289270807588937,1.46582586547855,-0.00607732372190739,-115,-121,227
7.99999999999272,0.0280831690085521,1.47169532440373,-0.0174309173989338,-102,-117,221
8.03999999999269,0.0280203593698872,1.47747663424529,-0.00625656903608807,-84,-125,220
8.07999999999265,0.0282700899912154,1.48243547621911,-0.0184924615565816,-84,-112,222
8.11999999999261,0.0284018356546476,1.48908980688046,-0.0189976645618639,-100,-114,202
8.15999999999258,0.0287268898627205,1.49438096022562,-0.0193811483051114,-120,-113,202
8.19999999999254,0.0287312776183065,1.49952811862283,-0.0139357908520594,-125,-108,197
8.23999999999251,0.0290787093606562,1.50518758157449,-0.000930504837408641,-121,-101,219
8.27999999999247,0.0297351618920236,1.51097445877592,-0.0197052559472066,-110,-95,217
8.31999999999243,0.0313624904545216,1.51537182815538,-0.0115836804323166,-53,-50,221
8.3599999999924,0.0305135091395489,1.5190812733265,-0.0286308522886136,-30,-19,208
8.39999999999236,0.0300856175501082,1.52213838651793,-0.036936437866542,-27,-3,181
8.43999999999232,0.0307918908016202,1.52457809280318,-0.0328314409191437,-26,-19,140
8.47999999999229,0.0303806109506355,1.52775178208804,-0.0383132932068548,-71,-36,104
8.51999999999225,0.0314927233445432,1.52788574335003,-0.0358123236552093,-95,-76,49
8.55999999999221,0.0332710180084412,1.5292555671037,-0.0157936065743449,-85,-59,1
8.59999999999218,0.0326266972783439,1.53032799281825,-0.0132601389920275,-120,-97,-24
8.63999999999214,0.033956253609904,1.53061000999505,0.00521020924293047,-110,-102,-43
8.67999999999211,0.0331934839017984,1.53102836572024,0.00870854719562786,-109,-126,-50
8.71999999999207,0.0331240492368398,1.53110358802934,0.0175856582904137,-77,-87,-67
8.75999999999203,0.0331566311435143,1.53123394240239,0.027909123736328,-78,-82,-50
8.799999999992,0.0339500741729055,1.53140193526473,0.0382022553598418,-87,-76,-48
8.83999999999196,0.0342305260867154,1.53174452424724,0.0480348993135102,-90,-86,-49
8.87999999999192,0.0343377162960163,1.53196139612641,0.0602106128813951,-95,-89,-52
8.91999999999189,0.0347122531547726,1.532960302364,0.0731921973248042,-102,-102,-58
8.95999999999185,0.0353148532520136,1.53286657060829,0.0834376465531532,-113,-118,-65
8.99999999999181,0.0365012538517759,1.53338865078017,0.101797463086582,-114,-141,-72
9.03999999999178,0.0366560810949298,1.53379504257499,0.115079453600844,-123,-132,-78
9.07999999999174,0.0362404275595117,1.53470840540936,0.130375588978493,-132,-128,-73
9.11999999999171,0.0370161450872973,1.53496244029951,0.149640899781149,-181,-122,-77
9.15999999999167,0.0372885471176166,1.53502088881182,0.166541045101257,-159,-142,-78
9.19999999999163,0.0386993345444878,1.5350907768255,0.174748368642298,-146,-120,-106
9.2399999999916,0.0400167570776617,1.53542514889991,0.194190516204767,-141,-116,-95
9.27999999999156,0.0404140896040382,1.53577379281786,0.222843464361711,-132,-118,-89
9.31999999999152,0.041380543384534,1.53644964763506,0.228366593686232,-131,-118,-82
9.35999999999149,0.0401892765906954,1.53648642103754,0.241846452177791,-123,-124,-77
9.39999999999145,0.0410529618670235,1.53637688339252,0.250968048994197,-123,-127,-85
9.43999999999141,0.0424005198743936,1.53749046923375,0.271828328933788,-129,-139,-86
9.47999999999138,0.0417910460164494,1.53823844214201,0.29083609895202,-147,-157,-94
9.51999999999134,0.0432681909742831,1.53831359471537,0.303791311470432,-155,-166,-89
9.55999999999131,0.0439938051181708,1.53867957211638,0.338096822569224,-177,-154,-88
9.59999999999127,0.0450910173737892,1.53906231482821,0.345886296834044,-183,-147,-79
9.63999999999123,0.0441207080259862,1.54032468379607,0.360636755021057,-170,-142,-84
9.6799999999912,0.0454088693983185,1.53977362303413,0.384546352056686,-144,-151,-91
9.71999999999116,0.0459941525043311,1.54018283879956,0.397086647452019,-140,-136,-100
9.75999999999112,0.0460901720268842,1.54130552525828,0.403133881697622,-176,-133,-104
9.79999999999109,0.0475476763113156,1.54100438921679,0.43747773768008,-157,-175,-153
9.83999999999105,0.0473636587239478,1.54057529784167,0.455998421210666,-158,-156,-133
9.87999999999101,0.0483050146257993,1.54132864190947,0.462975636694901,-165,-164,-145
9.91999999999098,0.049863190617911,1.54290361372118,0.496881153235721,-172,-177,-118
9.95999999999094,0.0501628709463856,1.54251904608154,0.520505511111695,-193,-168,-97
9.99999999999091,0.050638704833351,1.54326066477231,0.542175396931411,-166,-156,-91
10.0399999999909,0.0506898599382479,1.54396915160354,0.564375496324589,-144,-137,-104
10.0799999999908,0.0514180066105197,1.54326810882978,0.569851763558692,-128,-134,-110
10.1199999999908,0.0531797366851334,1.54296106218179,0.601788915222406,-137,-132,-122
10.1599999999908,0.0539560022932285,1.54265929950119,0.622464364794211,-137,-143,-125
10.1999999999907,0.0540326345279951,1.54324795066029,0.641120608047799,-183,-143,-136
10.2399999999907,0.0554073011658963,1.54359407714613,0.647540435182117,-108,-147,-133
10.2799999999907,0.054842936493419,1.54395991680417,0.680626484732541,-158,-156,-146
10.3199999999906,0.0556254050362081,1.54471239003882,0.70119993726286,-204,-219,-198
10.3599999999906,0.0571194943773577,1.54475572525153,0.721673522053379,-178,-181,-146
10.3999999999905,0.0589704475311474,1.54494076590336,0.730835313802458,-166,-140,-130
10.4399999999905,0.0590602082620184,1.54523577916615,0.753924920248914,-176,-118,-103
10.4799999999905,0.059076733831675,1.54564075186823,0.772210996621447,-118,-137,-92
10.5199999999904,0.0593766505801835,1.54589836571266,0.786317759927031,-97,-94,-93
10.5599999999904,0.0605378192464037,1.54681008554452,0.79319962807423,-133,-130,-100
10.5999999999904,0.0604680720933859,1.54864109432461,0.801644246580371,-148,-139,-95
10.6399999999903,0.060831788720111,1.54910383870512,0.844264418969202,-198,-146,-104
10.6799999999903,0.0619217344581297,1.54977768572693,0.857342921545974,-171,-196,-113
10.7199999999903,0.0616888649455421,1.5509258491031,0.875518745469658,-165,-188,-155
10.7599999999902,0.0630058792311223,1.55096931861342,0.902710416710369,-192,-195,-151
10.7999999999902,0.0638538017900701,1.55130238297355,0.920110179982153,-197,-184,-165
10.8399999999901,0.0643012560423712,1.55126234166037,0.943218426545021,-187,-158,-175
10.8799999999901,0.063999953306838,1.55204428522658,0.972303064439152,-152,-157,-165
10.9199999999901,0.0660897222179613,1.55164243607001,0.997761292120075,-146,-144,-146
10.95999999999,0.0667270572051229,1.5529451282817,1.01047442747123,-148,-142,-125
10.99999999999,0.0674295397774686,1.55318924369175,1.03100286796014,-163,-140,-124
11.03999999999,0.0678113484717517,1.55412908699943,1.0367795412651,-157,-153,-129
11.0799999999899,0.0674667391790457,1.55445661904949,1.07042032626498,-202,-153,-141
11.1199999999899,0.0685949255971459,1.5565097391141,1.09134504376056,-161,-195,-129
11.1599999999899,0.0688737165476529,1.55730523053317,1.10406669631846,-157,-141,-155
11.1999999999898,0.0700805397292038,1.55653831124688,1.12650037312544,-126,-126,-116
11.2399999999898,0.0698456481547735,1.55616360619655,1.13274947215232,-98,-96,-110
11.2799999999897,0.069604176478528,1.55630552090701,1.14552465395839,-77,-58,-64
11.3199999999897,0.0697090326059748,1.55638748384111,1.15230293681448,-71,-85,-71
11.3599999999897,0.0692739953452741,1.55891542245822,1.15888600459374,-64,-66,-79
11.3999999999896,0.0709929075936024,1.55693511194509,1.17538481145235,-59,-60,-67
11.4399999999896,0.0704100124336854,1.55745365972413,1.18228772827033,-62,-66,-66
11.4799999999896,0.0708106895338018,1.55726949672864,1.19159628475621,-73,-69,-65
11.5199999999895,0.0699976377792778,1.55993125807667,1.19672339887346,-74,-74,-64
11.5599999999895,0.0717173472417215,1.55982041747239,1.20148751941287,-78,-72,-67
11.5999999999894,0.0720039223214769,1.55948041748057,1.23050639330079,-103,-93,-78
11.6399999999894,0.0724714748628917,1.5600230425893,1.24086982678657,-79,-71,-63
11.6799999999894,0.0726070156148692,1.56060751966005,1.24282138414298,-88,-75,-68
11.7199999999893,0.0720004863832677,1.56197965525723,1.25407643653044,-89,-85,-72
11.7599999999893,0.0740963981518491,1.56157831449202,1.26197110178928,-95,-94,-85
11.7999999999893,0.0733225693027349,1.56313282448437,1.28565380602215,-108,-107,-88
11.8399999999892,0.0748161253709636,1.56254314893998,1.30296302161234,-119,-116,-93
11.8799999999892,0.0739540617702314,1.56291732156734,1.30871410839046,-111,-121,-92
11.9199999999892,0.0745616620763654,1.56267520053809,1.32376256409396,-101,-105,-92
11.9599999999891,0.0745786810754029,1.56302367033304,1.33450602557107,-89,-91,-80
11.9999999999891,0.0746562900138459,1.56307797249682,1.34402363759476,-79,-79,-72
12.039999999989,0.0735950510356546,1.56448778630592,1.34394666857474,-66,-69,-67
12.079999999989,0.0737214060470964,1.5643140264437,1.35476868732149,-64,-62,-70
12.119999999989,0.0751528880502904,1.56302981936242,1.37662792391175,-73,-67,-77
12.1599999999889,0.0754310536673615,1.56323738547389,1.38568799787202,-115,-77,-90
12.1999999999889,0.0760391423513011,1.56373118914899,1.39859793654964,-99,-121,-100
12.2399999999889,0.0750136873919516,1.56487256356323,1.40902873974455,-107,-101,-135
12.2799999999888,0.0762007932960837,1.56601672968294,1.40931689360405,-105,-102,-95
12.3199999999888,0.075698313503371,1.56599482649026,1.43734319874636,-97,-91,-80
12.3599999999888,0.0765616065032227,1.56650159206195,1.43833575003868,-80,-87,-70
12.3999999999887,0.0763321641148483,1.5661253865049,1.45552139631783,-75,-77,-72
12.4399999999887,0.0765124650565561,1.56686585744723,1.46937143914374,-83,-81,-69
12.4799999999886,0.0774720456913568,1.56721407561023,1.48827255209138,-91,-90,-73
12.5199999999886,0.0779596892542615,1.56721629803505,1.49754981482377,-83,-88,-64
12.5599999999886,0.0769145179379302,1.56742462875204,1.50398601314647,-80,-99,-4
12.5999999999885,0.075088778850452,1.56878743922783,1.50927198713223,-86,-98,8
12.6399999999885,0.0707723210331739,1.56944101066313,1.51563680148853,-97,-105,12
12.6799999999885,0.0709923559440674,1.56847594965619,1.51937561090556,-122,-140,25
12.7199999999884,0.0688781972874848,1.56839807792381,1.53301818644329,-97,-115,35
12.7599999999884,0.0659429732164531,1.56784946364206,1.54526606937574,-74,-84,32
12.7999999999884,0.0632555814007484,1.56760453719887,1.55013831306232,-132,-121,44
12.8399999999883,0.0597792673664274,1.56855051960765,1.54694013683438,-114,-154,51
12.8799999999883,0.0560128638769112,1.56926759077776,1.55227044218314,-142,-127,92
12.9199999999882,0.0527689843850048,1.56810572971088,1.56524736659745,-103,-155,107
12.9599999999882,0.0478052291888237,1.56786451640474,1.56132133571155,-100,-133,165
12.9999999999882,0.0441709663163883,1.56703344971248,1.57449253272489,-99,-156,145
13.0399999999881,0.035653394959318,1.56831222263917,1.58042991594737,-83,-135,109
13.0799999999881,0.0309425811151648,1.56805874419686,1.58515769873176,-155,-181,167
13.1199999999881,0.0263925723473644,1.56707424190566,1.58655797639064,-145,-223,185
13.159999999988,0.0216110734370638,1.56680117576386,1.60464630695892,-154,-170,230
13.199999999988,0.0147475771833997,1.56619445849999,1.60746459482187,-130,-181,189
13.239999999988,0.00803411332903555,1.56463975574026,1.60912494399258,-106,-170,223
13.2799999999879,0.00201100059730662,1.56310385948928,1.60821733787496,-102,-170,228
13.3199999999879,-0.00514589721912961,1.56103738277234,1.61090193351721,-107,-173,251
13.3599999999878,-0.0122435717897747,1.56080249549297,1.60647708753109,-93,-193,262
13.3999999999878,-0.0194871036208716,1.5578162381739,1.61576660247483,-102,-170,289
13.4399999999878,-0.0267610033448239,1.55806027097728,1.60089829965672,-110,-163,282
13.4799999999877,-0.0344046982107993,1.55689968454035,1.61158624221033,-128,-160,280
13.5199999999877,-0.0420077492746964,1.55586823977906,1.60944704450604,-120,-167,289
13.5599999999877,-0.0511599605830583,1.55432029044434,1.61208997913904,-114,-161,308
13.5999999999876,-0.059106203835306,1.55443219287895,1.60635857967488,-121,-178,297
13.6399999999876,-0.0666734701507454,1.55348575823727,1.60344534590062,-147,-172,304
13.6799999999876,-0.0743965672981504,1.55188853415572,1.60624993292894,-136,-183,324
13.7199999999875,-0.0831248822245686,1.54916726184373,1.60767951466596,-155,-179,341
13.7599999999875,-0.0922770982050377,1.54817120940786,1.612477861112,-120,-232,408
13.7999999999874,-0.101737495842759,1.54678521225967,1.6089578287167,-124,-178,340
13.8399999999874,-0.110059115462231,1.54511256798975,1.6085952365646,-142,-172,346
13.8799999999874,-0.117369787668805,1.54423390911024,1.61015585762186,-147,-184,342
13.9199999999873,-0.126614588136614,1.54347824307951,1.59292971970406,-153,-163,349
13.9599999999873,-0.134843105829101,1.54256035867924,1.59816350834519,-149,-161,341
13.9999999999873,-0.14336566713901,1.54178729723613,1.59415637200895,-205,-190,334
14.0399999999872,-0.153848851403456,1.54243887465082,1.59508356072078,-159,-171,419
14.0799999999872,-0.162191475779388,1.54143040195382,1.59979015520805,-129,-122,248
14.1199999999872,-0.171466963281099,1.54126419422635,1.59998524811183,-172,-174,328
14.1599999999871,-0.178711885650728,1.54053914979448,1.60265293151363,-222,-172,337
14.1999999999871,-0.188243532783446,1.54177932392728,1.61037863144758,-181,-200,339
14.239999999987,-0.195846242499921,1.5412483002262,1.59746961779447,-179,-152,452
14.279999999987,-0.204052495034605,1.54110662752885,1.59974994282208,-183,-151,339
14.319999999987,-0.213135614058967,1.54178789811412,1.599486694811,-131,-116,248
14.3599999999869,-0.22176180473633,1.54193514309538,1.59648504265684,-218,-151,337
14.3999999999869,-0.229498409838105,1.54146906364297,1.5980888082532,-161,-182,452
14.4399999999869,-0.23869503063869,1.54264837751125,1.60146076691476,-168,-145,342
14.4799999999868,-0.246885646989598,1.54213626253727,1.59798653195904,-164,-164,322
14.5199999999868,-0.257709232501392,1.54248542419656,1.59558157296954,-158,-180,318
14.5599999999868,-0.266077276203628,1.54362855140613,1.60148605673562,-167,-156,342
14.5999999999867,-0.273362769426645,1.54236679488554,1.59715071123355,-177,-146,313
14.6399999999867,-0.280812524594645,1.54310920286316,1.59675562105077,-197,-143,319
14.6799999999866,-0.288676387224688,1.54365713860487,1.59933102889502,-175,-144,313
14.7199999999866,-0.295971014902122,1.54427234378643,1.59498275050318,-172,-131,336
14.7599999999866,-0.303531885555647,1.54603935979171,1.59274583181407,-164,-120,312
14.7999999999865,-0.310883387014628,1.54551371274811,1.59357514246145,-203,-118,315
14.8399999999865,-0.319249032384832,1.54571401423872,1.58715039349864,-162,-128,307
14.8799999999865,-0.327173741119722,1.54722667834562,1.58771406503386,-106,-87,330
14.9199999999864,-0.333930871242483,1.54637271898572,1.58360014945399,-150,-115,305
14.9599999999864,-0.340928744478733,1.54605782129795,1.58145297559502,-188,-124,303
14.9999999999864,-0.350318745889627,1.54689486710197,1.59125193469412,-165,-179,275
15.0399999999863,-0.357672149961656,1.54762006530944,1.58841474491537,-175,-144,356
15.0799999999863,-0.364662172819245,1.54831362209131,1.59046444213562,-168,-113,300
15.1199999999862,-0.37209504698854,1.54824431385172,1.58816612276342,-171,-122,300
15.1599999999862,-0.379652461759926,1.5500357976697,1.59451283805538,-181,-126,287
15.1999999999862,-0.387039299270139,1.54914394032265,1.58783829757002,-177,-146,226
15.2399999999861,-0.394384043666178,1.54936651999372,1.59215315290668,-170,-131,365
15.2799999999861,-0.40215817373719,1.55005427503326,1.58567394967121,-152,-114,298
15.3199999999861,-0.408219687814601,1.54920685201959,1.58518059745155,-154,-106,303
15.359999999986,-0.415711372681416,1.54922061279454,1.57987345262196,-152,-101,313
15.399999999986,-0.422492105692412,1.54994021636693,1.58075109143633,-143,-114,327
15.439999999986,-0.429823985928442,1.55079594243663,1.58578952537428,-195,-161,376
15.4799999999859,-0.437228251883932,1.55076504303041,1.57612064566432,-143,-127,309
15.5199999999859,-0.445505549184235,1.54985066751717,1.57732640637806,-152,-117,314
15.5599999999858,-0.453621909310061,1.55088513235005,1.58004814262679,-148,-122,304
15.5999999999858,-0.460547784962479,1.55082090227638,1.57423366549024,-143,-135,314
15.6399999999858,-0.468142183136873,1.55187845826749,1.58176270172407,-149,-143,288
15.6799999999857,-0.475821144554046,1.55142294177945,1.57487163569172,-199,-149,292
15.7199999999857,-0.482708940434649,1.55160289830086,1.57423979159591,-156,-195,296
15.7599999999857,-0.489549140519448,1.55220916977019,1.57186558530784,-168,-146,387
15.7999999999856,-0.496270254055506,1.55225836095503,1.57690962175269,-169,-136,292
15.8399999999856,-0.50346558302196,1.55240754082524,1.57732347422492,-174,-119,293
15.8799999999856,-0.510587966473845,1.55313834922099,1.57368212399331,-157,-125,300
15.9199999999855,-0.517814995226415,1.55381888330758,1.57099752835107,-157,-123,321
15.9599999999855,-0.525362839709709,1.55410474855689,1.57281075091096,-197,-117,297
15.9999999999854,-0.534404853940048,1.55415777195676,1.57290129859256,-156,-156,307
16.0399999999854,-0.542359773525135,1.5542128007917,1.56997953015826,-123,-95,311
16.0799999999854,-0.549843759088716,1.55538293448357,1.57122216967909,-146,-137,320
16.1199999999853,-0.556814329554364,1.5561698483561,1.57657326189924,-202,-182,356
16.1599999999853,-0.564034838160751,1.55696810336928,1.57680308685514,-171,-152,284
16.1999999999853,-0.571203881316108,1.55778299895316,1.57699004652462,-177,-148,288
16.2399999999852,-0.578897575283278,1.55743341772023,1.57427694965569,-166,-137,293
16.2799999999852,-0.586634761439397,1.55777968833426,1.57439093710913,-148,-130,327
16.3199999999852,-0.594868926945606,1.55915227458496,1.57421888255147,-156,-150,306
16.3599999999851,-0.603307313358878,1.56064193448921,1.5732028914873,-177,-166,295
16.3999999999851,-0.610787771960336,1.55977323119317,1.57523928929865,-221,-164,303
16.439999999985,-0.618285143947732,1.56013286949509,1.57525525906131,-174,-172,335
16.479999999985,-0.627628722414921,1.56035942470124,1.57397493788192,-169,-135,397
16.519999999985,-0.63588598389884,1.5620610253838,1.57956824689566,-179,-130,310
16.5599999999849,-0.643662717413334,1.56272941583191,1.58018543022575,-158,-135,298
16.5999999999849,-0.651173533054393,1.56235862351328,1.57391528252809,-155,-130,309
16.6399999999849,-0.658218068257252,1.563366095108,1.57316068942599,-170,-132,270
16.6799999999848,-0.665992838629348,1.56391040170244,1.57543782050106,-178,-129,276
16.7199999999848,-0.673602752903161,1.56494683389008,1.57457002534368,-153,-145,297
16.7599999999848,-0.682280998394598,1.56483888885374,1.57529360394497,-155,-148,298
16.7999999999847,-0.690525470725001,1.56497202151623,1.57586125483089,-200,-223,369
16.8399999999847,-0.699238409629638,1.56481222310213,1.58040314259665,-175,-172,322
16.8799999999846,-0.707406795263184,1.56409634172831,1.58095482371991,-176,-157,325
16.9199999999846,-0.715460494922824,1.56409938147268,1.57895305324092,-165,-143,335
16.9599999999846,-0.724212522597123,1.56359249208129,1.57441929870948,-152,-135,353
16.9999999999845,-0.734522364682713,1.56351696247123,1.57366707925516,-181,-189,429
17.0399999999845,-0.742940217184571,1.56290391797443,1.57326493794221,-161,-141,339
17.0799999999845,-0.751692917025433,1.56373820404951,1.57029353234398,-162,-148,335
17.1199999999844,-0.760760774631895,1.56368143543792,1.57080205147484,-153,-148,326
17.1599999999844,-0.769446098968135,1.56329818519871,1.56528890543364,-144,-164,342
17.1999999999844,-0.779040133552141,1.56306576386185,1.56926993164427,-154,-170,326
17.2399999999843,-0.788175403142011,1.56190819675692,1.57010444337282,-171,-154,324
17.2799999999843,-0.796377015055625,1.56248081968026,1.56845287320824,-156,-153,339
17.3199999999842,-0.804884792914508,1.56215751995457,1.56517160185462,-155,-122,340
17.3599999999842,-0.812514429593839,1.56186409184281,1.56391391759563,-133,-139,312
17.3999999999842,-0.82025602788941,1.56093581302754,1.5635791634451,-182,-132,313
17.4399999999841,-0.828150654342039,1.56116646928002,1.5609765808244,-102,-141,314
17.4799999999841,-0.837284634127121,1.56134482377022,1.55892475430246,-147,-133,320
17.5199999999841,-0.844691767305897,1.56111913608634,1.5623772773623,-147,-130,300
17.559999999984,-0.853914674184677,1.56132888717613,1.5590870699229,-164,-140,307
17.599999999984,-0.861834409312012,1.55975459869481,1.5551790159283,-122,-192,306
17.639999999984,-0.86998013287973,1.55946486997662,1.55615933246256,-118,-163,392
17.6799999999839,-0.877569028322679,1.55972000178941,1.55041702469057,-145,-154,299
17.7199999999839,-0.8851707012009,1.5596064481,1.55043034155276,-163,-140,313
17.7599999999838,-0.893231211084286,1.56019474088483,1.5554200284447,-155,-152,310
17.7999999999838,-0.90025708195501,1.55914220314406,1.55133115833959,-169,-149,327
17.8399999999838,-0.908522014588546,1.55981885912593,1.55076349000038,-167,-153,309
17.8799999999837,-0.91571795386779,1.56067033614425,1.55252758154184,-197,-153,314
17.9199999999837,-0.923793703515077,1.56070552367486,1.55379284052978,-180,-149,313
17.9599999999837,-0.934337202322803,1.56177653355174,1.55190626178142,-175,-150,320
17.9999999999836,-0.942568289240746,1.56136119155286,1.55564960905451,-213,-158,303
18.0399999999836,-0.951220492715374,1.5621039864415,1.55275114076572,-167,-209,309
18.0799999999836,-0.959254921968817,1.56267764587039,1.55676040640365,-195,-148,389
18.1199999999835,-0.966827127279223,1.56257643137492,1.55590287378227,-170,-154,319
18.1599999999835,-0.974138746688385,1.56237600670797,1.55748398500494,-169,-161,324
18.1999999999834,-0.982374222756237,1.56359315857647,1.5602569990271,-177,-159,284
18.2399999999834,-0.989163338904594,1.56423910265868,1.56733261617456,-188,-164,293
18.2799999999834,-0.996732385352264,1.56462634656905,1.56187394185931,-207,-156,296
18.3199999999833,-1.00397723462426,1.56372299656104,1.56769454510154,-139,-180,316
18.3599999999833,-1.01174418438872,1.56403082597449,1.56123358055676,-134,-154,378
18.3999999999833,-1.01935921340975,1.56349245725831,1.56216155466675,-150,-152,286
18.4399999999832,-1.02664547832653,1.56394173089044,1.56528171467712,-128,-124,211
18.4799999999832,-1.03548610891672,1.56525058982682,1.56314639160377,-223,-154,312
18.5199999999832,-1.04339991684893,1.56437686004926,1.56764181870484,-174,-176,375
18.5599999999831,-1.05047866933134,1.56562796107649,1.5694142878267,-160,-151,304
18.5999999999831,-1.05774058256721,1.56548444008095,1.56898511136364,-175,-159,293
18.639999999983,-1.06525977974966,1.56642909043698,1.5747984016763,-168,-159,307
18.679999999983,-1.07271918419235,1.56669361770231,1.57421050497106,-158,-143,303
18.719999999983,-1.08029696613938,1.56623420714145,1.57030829782945,-154,-134,314
18.7599999999829,-1.0885739528195,1.56632871149089,1.56914955628576,-134,-156,306
18.7999999999829,-1.09575720659923,1.56648673043951,1.57023839739291,-161,-156,308
18.8399999999829,-1.10332837722138,1.56738520350065,1.57201817944434,-172,-157,290
18.8799999999828,-1.11114444093057,1.56810923752239,1.57437575274464,-173,-150,295
18.9199999999828,-1.11871438631172,1.56831248217255,1.57289436963543,-200,-148,305
18.9599999999828,-1.1274548526959,1.56890516728801,1.57192497886228,-117,-141,318
18.9999999999827,-1.13444700309278,1.5693614191551,1.56828457110847,-202,-187,372
19.0399999999827,-1.14217433805957,1.56886818852531,1.57659043593908,-120,-114,218
19.0799999999826,-1.15023010143926,1.56936083538679,1.57297280473201,-140,-162,297
19.1199999999826,-1.15754959248427,1.56923032045147,1.5676351515471,-177,-143,315
19.1599999999826,-1.16518489539786,1.56921020370863,1.57045464368723,-133,-177,376
19.1999999999825,-1.17210990679513,1.56992071616105,1.56928911281275,-144,-139,299
19.2399999999825,-1.17981653174843,1.56962975548022,1.5671085158986,-153,-146,281
19.2799999999825,-1.18724676033361,1.57068344147193,1.57233603880771,-144,-157,285
19.3199999999824,-1.19452973474823,1.57089726797495,1.57253444783708,-150,-132,299
19.3599999999824,-1.20099697179152,1.5707978408833,1.56806019157984,-180,-134,289
19.3999999999824,-1.20883028407642,1.5714633185189,1.56653194638021,-153,-169,289
19.4399999999823,-1.21772443081847,1.57174162668868,1.56889801943396,-154,-142,361
19.4799999999823,-1.22569195993186,1.57215412909672,1.56966128682245,-129,-149,297
19.5199999999822,-1.23227586873261,1.57212781417427,1.57151058533798,-119,-136,315
19.5599999999822,-1.24045117452619,1.57225195418915,1.56990870469721,-122,-93,219
19.5999999999822,-1.24730353845563,1.57283502504876,1.56285317628944,-134,-165,294
19.6399999999821,-1.25553814450234,1.5723768666289,1.56141308767032,-139,-128,391
19.6799999999821,-1.26352318113646,1.57296197297377,1.56531873311056,-136,-140,303
19.7199999999821,-1.27154664364483,1.57350859800554,1.55935672329233,-157,-139,303
19.759999999982,-1.27932923806826,1.57367035654023,1.55883061124261,-144,-139,314
19.799999999982,-1.28644662366744,1.57454857936009,1.55344476951705,-148,-127,332
19.839999999982,-1.29444544862256,1.57493977140782,1.55789783747717,-154,-121,299
19.8799999999819,-1.30124619906941,1.5757626241135,1.55091104013535,-162,-133,297
19.9199999999819,-1.31139800323946,1.5760278006632,1.55129173135179,-147,-146,305
19.9599999999818,-1.32002323877027,1.57602312864804,1.55275833152224,-138,-147,315
19.9999999999818,-1.32716291758017,1.57590017498014,1.54650883106963,-177,-149,308
20.0399999999818,-1.33573564988014,1.57566838102645,1.55259828482983,-150,-179,291
20.0799999999817,-1.34331315232411,1.57653871705733,1.55299841901415,-149,-154,349
20.1199999999817,-1.35088576591102,1.57651741243395,1.54890474925359,-106,-126,208
20.1599999999817,-1.35857929477572,1.57584075799775,1.55645666675393,-140,-150,270
20.1999999999816,-1.36513649323947,1.57569842556351,1.55121477978507,-179,-139,268
20.2399999999816,-1.37130473432493,1.57690935950304,1.55457075123068,-165,-158,257
20.2799999999816,-1.37802621976955,1.57725855668275,1.55722551919601,-150,-129,304
20.3199999999815,-1.38436005052886,1.57791593252677,1.55973062517799,-130,-122,239
20.3599999999815,-1.39017414422091,1.57808797480689,1.55933008956795,-117,-118,223
20.3999999999814,-1.39609509844662,1.577326254207,1.56314639160377,-102,-118,225
20.4399999999814,-1.40344824656612,1.57705136486051,1.55761394222105,-95,-110,242
20.4799999999814,-1.40839632942055,1.57758241696469,1.55668050523049,-108,-104,220
20.5199999999813,-1.41493567476961,1.57778046257298,1.55758957742469,-126,-98,212
20.5599999999813,-1.42010219268302,1.57782747990961,1.56087458378291,-99,-74,208
20.5999999999813,-1.42545331898307,1.57775546336376,1.55430443144012,-59,-50,232
20.6399999999812,-1.43019985904425,1.5777603247059,1.54585489110549,-32,-39,259
20.6799999999812,-1.43384827383998,1.57726535403455,1.53961471071108,-8,-27,166
20.7199999999812,-1.4364081688785,1.57687205334077,1.53753291688588,-15,-32,133
20.7599999999811,-1.43898156626357,1.57644763466373,1.53296879362546,-41,-67,110
20.7999999999811,-1.44236336027945,1.57641208911115,1.53355056422502,-77,-89,49
20.839999999981,-1.44390717309282,1.57676705667097,1.54471999075938,-102,-114,20
20.879999999981,-1.44550071388144,1.57672721478492,1.55265554908259,-130,-123,-16
20.919999999981,-1.44641584495228,1.57790493802508,1.5708527881962,-177,-126,-35
20.9599999999809,-1.44675952764596,1.57866733971126,1.57964788626943,-112,-121,-58
20.9999999999809,-1.44797718405864,1.57873538444534,1.60221483641809,-184,-169,-92
21.0399999999809,-1.44827230227864,1.57869054259019,1.61695250134168,-118,-134,-83
21.0799999999808,-1.4485134340341,1.57882362150572,1.62776188390464,-81,-106,-59
21.1199999999808,-1.44915687047336,1.57866260232849,1.64649788870505,-138,-156,-79
21.1599999999808,-1.4489002162279,1.57888401549531,1.65380652476094,-109,-117,-89
21.1999999999807,-1.44911474972669,1.57994999797243,1.67200697528037,-119,-121,-71
21.2399999999807,-1.45007924166719,1.58006260454289,1.69005015418091,-134,-134,-78
21.2799999999806,-1.4509215394933,1.58050155554312,1.70258765704944,-132,-156,-84
21.3199999999806,-1.45157342589333,1.58106555825019,1.71894771023252,-141,-151,-68
21.3599999999806,-1.45258750290669,1.58127622594091,1.73426182250146,-150,-145,-104
21.3999999999805,-1.45263660417653,1.58185510179061,1.75659203619037,-168,-137,-80
21.4399999999805,-1.45326449909568,1.58317027336671,1.7745883355472,-156,-135,-85
21.4799999999805,-1.45329565387834,1.58322791387072,1.78462513066347,-151,-128,-92
21.5199999999804,-1.45470542278039,1.58328114070493,1.80526422502696,-139,-128,-83
21.5599999999804,-1.45558947788316,1.5834722863141,1.82116290042227,-132,-120,-72
21.5999999999804,-1.45587084389031,1.58349796414184,1.83205921783527,-123,-125,-74
21.6399999999803,-1.45598849400836,1.58414536608436,1.85264586505474,-129,-128,-87
21.6799999999803,-1.45605332171093,1.58434145130531,1.86688204452436,-134,-144,-98
21.7199999999802,-1.45607708830757,1.58451848335764,1.88375517214765,-146,-160,-114
21.7599999999802,-1.45640490890848,1.58517827611867,1.90395351851513,-149,-172,-122
21.7999999999802,-1.45632951414877,1.58567409608633,1.92226114970392,-154,-160,-123
21.8399999999801,-1.45569437643079,1.58700547538209,1.94064988634306,-179,-153,-112
21.8799999999801,-1.45608343607757,1.58831038240841,1.96230844497592,-179,-153,-116
21.9199999999801,-1.45682719410523,1.58864773042767,1.98110330227871,-197,-139,-145
21.95999999998,-1.45691672435089,1.58873412831243,2.00184039687969,-131,-182,-134
21.99999999998,-1.45654462196911,1.58893153971661,2.0251162997705,-129,-139,-154
22.03999999998,-1.45695383939242,1.58895743221972,2.03923264493368,-142,-140,-120
22.0799999999799,-1.45685172388438,1.58964735607231,2.05527606048386,-142,-163,-126
22.1199999999799,-1.45702351748572,1.59043311817223,2.07873452481444,-150,-167,-135
22.1599999999798,-1.45680071999488,1.59139046668143,2.09522881127029,-156,-170,-129
22.1999999999798,-1.45669251870226,1.59143900161273,2.11985039792097,-206,-218,-128
22.2399999999798,-1.45662180081107,1.59224739156937,2.1393376796979,-134,-135,-129
22.2799999999797,-1.45676790145986,1.59316628885631,2.16141728155952,-168,-170,-136
22.3199999999797,-1.45768390253663,1.59349247002416,2.17706202900196,-155,-158,-129
22.3599999999797,-1.45823814738031,1.59340890300971,2.19452795770569,-178,-144,-125
22.3999999999796,-1.45721317740893,1.59457251311634,2.22405522855142,-134,-159,-126
22.4399999999796,-1.45690334548265,1.59483952256829,2.23959398214839,-128,-134,-159
22.4799999999796,-1.45747694066926,1.59553412014821,2.2547572107035,-135,-136,-137
22.5199999999795,-1.45789348423915,1.59651503050107,2.27705852174,-146,-152,-140
22.5599999999795,-1.45791652149864,1.59722849301492,2.29238396119578,-164,-162,-141
22.5999999999794,-1.45873922780012,1.59759973517646,2.31410575310745,-170,-185,-111
22.6399999999794,-1.45875037002068,1.59807217344263,2.33333018829903,-191,-178,-173
22.6799999999794,-1.45872078419586,1.60019094635504,2.35733445199328,-198,-169,-140
22.7199999999793,-1.45945350470266,1.60056115786769,2.38018278412394,-185,-160,-147
22.7599999999793,-1.46038341970196,1.60053900809945,2.39821091828632,-145,-162,-137
22.7999999999793,-1.4605064144601,1.6009643174934,2.42313184635702,-129,-136,-130
22.8399999999792,-1.45990731232586,1.60162690970605,2.43816726445101,-126,-134,-127
22.8799999999792,-1.46020499323808,1.60255869973361,2.4659395020141,-140,-143,-140
22.9199999999792,-1.45995790826488,1.60361119289024,2.482802105302,-141,-160,-149
22.9599999999791,-1.46020058980372,1.60429918922115,2.50525747655157,-148,-159,-165
22.9999999999791,-1.46052939631221,1.60521545755108,2.52694120283226,-161,-163,-147
23.039999999979,-1.46097050422942,1.60630065630794,2.54559330965552,-167,-168,-138
23.079999999979,-1.46095523706407,1.6075201722016,2.5667042014224,-178,-159,-148
23.119999999979,-1.46156752102862,1.6083176893365,2.59084175591163,-176,-156,-149
23.1599999999789,-1.46162816135738,1.60879473356359,2.60947668869505,-177,-155,-141
23.1999999999789,-1.46193318326151,1.60953858591598,2.62831483016328,-177,-143,-125
23.2399999999789,-1.46229182457056,1.61077831756027,2.64174175281863,-117,-138,-128
23.2799999999788,-1.46245711447614,1.61116433630988,2.662140567704,-100,-94,-97
23.3199999999788,-1.46270398334143,1.61140265092099,2.67064044333426,-91,-94,-91
23.3599999999788,-1.46261569090528,1.61216977846318,2.68279458463259,-91,-95,-90
23.3999999999787,-1.46375703551209,1.61276282006683,2.69807693190914,-86,-97,-89
23.4399999999787,-1.46360420093737,1.61241252267757,2.70789833594243,-84,-88,-84
23.4799999999786,-1.46413397960034,1.61292607857541,2.71236379574024,-83,-81,-72
23.5199999999786,-1.46444935643316,1.613524587529,2.72006551485027,-82,-69,-61
23.5599999999786,-1.46522629986327,1.61363894713569,2.73268923698385,-77,-65,-49
23.5999999999785,-1.46520754781294,1.61396772751114,2.74396872398084,-96,-72,-56
23.6399999999785,-1.46524918256346,1.61419953455117,2.7475779776075,-74,-45,-36
23.6799999999785,-1.46551118218469,1.61448879990822,2.75386362382892,-72,-84,-49
23.7199999999784,-1.46619791238009,1.61481561618963,2.7637459573064,-82,-74,-77
23.7599999999784,-1.46670725747958,1.61493669243167,2.77792469799033,-83,-86,-74
23.7999999999784,-1.46644288132287,1.61544677932153,2.78522760936628,-89,-86,-85
23.8399999999783,-1.46653273987658,1.61583935823406,2.79609577461845,-89,-84,-84
23.8799999999783,-1.46717258244015,1.6160025316255,2.81368921707733,-94,-84,-82
23.9199999999782,-1.46758706297205,1.61612306882248,2.81871773754513,-93,-92,-82
23.9599999999782,-1.467931613577,1.61738897431998,2.83683753639982,-94,-89,-84
23.9999999999782,-1.4677934089857,1.61775589445156,2.85399942874785,-92,-91,-79
24.0399999999781,-1.46836824896407,1.61802098011371,2.86169135656078,-92,-93,-78
24.0799999999781,-1.46881060799461,1.61782985391562,2.86959202575225,-110,-108,-83
24.1199999999781,-1.46905287494382,1.61782144543763,2.8824974440271,-64,-101,-92
24.159999999978,-1.46908233728424,1.61817568728688,2.89458079477097,-86,-94,-90
24.199999999978,-1.46890776799502,1.6183448374415,2.90584871023501,-94,-88,-89
24.239999999978,-1.46955650746417,1.61903530867664,2.91707978179855,-90,-88,-82
24.2799999999779,-1.46985729325776,1.61946171474365,2.92637947201183,-117,-83,-82
24.3199999999779,-1.47013161018466,1.61948164488512,2.93779785231069,-95,-102,-94
24.3599999999778,-1.47082256684075,1.61982771953316,2.95301269025178,-94,-87,-70
24.3999999999778,-1.47083546123429,1.6200169988775,2.96267863780859,-84,-90,-68
24.4399999999778,-1.47161954783899,1.6195606043825,2.96858080028677,-81,-64,-47
24.4799999999777,-1.47146028812345,1.61951539910954,2.97999443329006,-79,-103,-62
24.5199999999777,-1.47158575889966,1.61971900398198,2.99075513862018,-79,-69,-78
24.5599999999777,-1.47193303314553,1.62008655188445,3.00873168084987,-72,-71,-65
24.5999999999776,-1.4726989978575,1.62006618753961,3.01236688752251,-73,-69,-71
24.6399999999776,-1.47306416423173,1.62041708858823,3.01965070499645,-73,-74,-68
24.6799999999776,-1.47330898513091,1.62082474594513,3.02909035316244,-73,-72,-67
24.7199999999775,-1.47289538405237,1.62145659064363,3.03999918458618,-59,-73,-48
24.7599999999775,-1.47351892318851,1.62098878570724,3.04950274670939,-56,-76,7
24.7999999999774,-1.47331086818098,1.62003319062558,3.05616018296807,-66,-94,2
24.8399999999774,-1.4735381504476,1.61762113316897,3.06617985640438,-79,-107,10
24.8799999999774,-1.47306014186368,1.61532479419976,3.06925866956478,-110,-129,19
24.9199999999773,-1.47337262241655,1.61333657236327,3.07937262568728,-101,-162,37
24.9599999999773,-1.47312754435101,1.61072388948746,3.08592579597645,-74,-90,58
24.9999999999773,-1.47396814552965,1.60762354830837,3.0988130279205,-118,-116,81
25.0399999999772,-1.47381208599237,1.60446983219547,3.09816928067919,-114,-127,93
25.0799999999772,-1.47347912680693,1.6012900489643,3.11050690844179,-143,-134,113
25.1199999999772,-1.47324916812588,1.59682018319163,3.10722476442353,-94,-173,138
25.1599999999771,-1.47199986963003,1.59216400022465,3.11170785204679,-82,-130,216
25.1999999999771,-1.47087273076287,1.58741021353174,3.10937752333611,-76,-139,183
25.239999999977,-1.47004030437333,1.58240430357051,3.11165079723354,-71,-165,188
25.279999999977,-1.46983799168433,1.57682924176392,3.11999235404736,-90,-166,201
25.319999999977,-1.46900771771055,1.57147602725497,3.12160057023331,-108,-186,190
25.3599999999769,-1.46873000659964,1.56438751282251,3.12813810237239,-149,-188,192
25.3999999999769,-1.46891834704793,1.55897854552234,3.13773805903018,-152,-192,205
25.4399999999769,-1.46828253666707,1.55279741822646,3.13839871851193,-154,-177,234
25.4799999999768,-1.46707506731912,1.54523873899754,3.14136888492639,-189,-216,307
25.5199999999768,-1.46757938074607,1.53858941732784,3.14661710744043,-151,-175,268
25.5599999999768,-1.46686158028739,1.5316562172988,3.14962781785342,-172,-164,276
25.5999999999767,-1.46637521269125,1.52404072004057,3.15053701222066,-154,-182,275
25.6399999999767,-1.4666816736401,1.51661951273537,3.1527591654243,-155,-197,283
25.6799999999766,-1.46548128727232,1.50809990100373,3.15399192638157,-163,-196,273
25.7199999999766,-1.46565953715947,1.50016924659005,3.1554870277787,-151,-191,297
25.7599999999766,-1.46523051369323,1.49263061101161,3.15988421029618,-163,-168,317
25.7999999999765,-1.46564248600936,1.48475273130012,3.16114262759345,-162,-162,283
25.8399999999765,-1.46539910401809,1.47509468907844,3.16435366689798,-168,-168,290
25.8799999999765,-1.4651136775837,1.4676857340343,3.16569006550623,-168,-168,294
25.9199999999764,-1.46497254744621,1.45994930734619,3.16786437923507,-169,-156,317
25.9599999999764,-1.46526334412517,1.45286205339107,3.16496812751443,-166,-160,295
25.9999999999764,-1.46497952940854,1.44424973227106,3.16730287190812,-193,-193,294
26.0399999999763,-1.4645863228574,1.43655491581472,3.17259727583417,-155,-157,388
26.0799999999763,-1.46402304839469,1.42849152574664,3.16613215740576,-110,-109,248
26.1199999999762,-1.46444914752361,1.42044341877867,3.16703698844987,-148,-142,314
26.1599999999762,-1.46446468762417,1.413352767312,3.16373070652806,-201,-151,315
26.1999999999762,-1.46402488639384,1.40537673561924,3.16204803459621,-172,-197,290
26.2399999999761,-1.46410461334017,1.39793285091931,3.17037976520634,-162,-165,379
26.2799999999761,-1.46364697770286,1.39079675263429,3.16516393600321,-163,-143,331
26.3199999999761,-1.46375668621975,1.38113860166283,3.16473852945133,-150,-135,317
26.359999999976,-1.46371628573541,1.37336548209608,3.16181843653311,-154,-141,322
26.399999999976,-1.46354123406542,1.36516766882259,3.16608737225715,-144,-154,306
26.439999999976,-1.46381398254239,1.35746159694449,3.16269640696004,-142,-149,319
26.4799999999759,-1.46171070236076,1.34966847419257,3.1546671070027,-147,-136,312
26.5199999999759,-1.46250017202777,1.34202166123815,3.15758892779688,-149,-135,322
26.5599999999758,-1.46277220097219,1.33422565316953,3.15787968219697,-146,-140,306
26.5999999999758,-1.46285117826006,1.32621943465649,3.15413647455022,-150,-129,320
26.6399999999758,-1.46266218808367,1.31930231882156,3.1575832729301,-151,-145,302
26.6799999999757,-1.46213835381217,1.31089300205628,3.15003187902855,-163,-137,309
26.7199999999757,-1.46283984422563,1.30341323281004,3.15556205948324,-159,-152,313
26.7599999999757,-1.46381308782485,1.29611697895858,3.15337880966863,-157,-143,316
26.7999999999756,-1.46437425358952,1.28605924890267,3.15508649216866,-191,-139,291
26.8399999999756,-1.46347395138954,1.27848915943996,3.16023366011901,-148,-179,298
26.8799999999756,-1.4619171373501,1.26994690915569,3.14443844784175,-142,-123,392
26.9199999999755,-1.46255258821661,1.26242369121283,3.14669060325524,-137,-125,329
26.9599999999755,-1.46397295854346,1.25511490513576,3.14967628564674,-150,-132,307
26.9999999999754,-1.46517469060664,1.24668068288139,3.14837966309215,-168,-127,293
27.0399999999754,-1.46469421927109,1.2394584307925,3.15116779166562,-166,-133,294
27.0799999999754,-1.46549728755852,1.23190692762569,3.13761349488146,-168,-121,313
27.1199999999753,-1.46584650868896,1.22410238088224,3.14667363865491,-169,-126,308
27.1599999999753,-1.46746620710648,1.21635001198734,3.14458105869493,-227,-161,395
27.1999999999753,-1.4675603575708,1.20800953963365,3.15121446176982,-186,-111,310
27.2399999999752,-1.46888693360646,1.19977053255087,3.14254207779629,-155,-120,313
27.2799999999752,-1.46864203895205,1.19217528836345,3.13838608232815,-157,-112,336
27.3199999999752,-1.46972020265218,1.18152960905903,3.13487835450408,-149,-128,314
27.3599999999751,-1.4696999617958,1.17460446590807,3.13670016408389,-156,-140,308
27.3999999999751,-1.47052458070683,1.16649809863359,3.1366091451634,-152,-140,308
27.439999999975,-1.47064608329698,1.15860956889102,3.1304186368395,-156,-125,334
27.479999999975,-1.46996392600453,1.15048710108608,3.13512044912462,-161,-113,330
27.519999999975,-1.47184903165781,1.14341724033174,3.13154374588851,-192,-111,316
27.5599999999749,-1.47286979598452,1.13579091051404,3.13556199997208,-163,-151,305
27.5999999999749,-1.4740657128301,1.12792542716897,3.12960084536519,-151,-149,372
27.6399999999749,-1.47322635917381,1.12036708954558,3.1267306165037,-162,-145,316
27.6799999999748,-1.47268696889974,1.11224412421578,3.12823995978753,-172,-147,306
27.7199999999748,-1.47354073959447,1.10411815535886,3.1307593076562,-171,-166,219
27.7599999999748,-1.47515954056178,1.09604051938272,3.13058168549823,-171,-164,383
27.7999999999747,-1.47563039249628,1.0852624851313,3.13588556656211,-171,-176,288
27.8399999999747,-1.4753536947744,1.07779440334294,3.13843355528381,-191,-165,307
27.8799999999746,-1.47534282845213,1.06921291650825,3.13530227752609,-183,-149,325
27.9199999999746,-1.47624057882026,1.06101183291004,3.13741482405271,-161,-148,343
27.9599999999746,-1.47725511353386,1.05254294348529,3.13172011140942,-164,-139,318
27.9999999999745,-1.47774480320846,1.04458653398149,3.1339967886989,-155,-148,311
28.0399999999745,-1.47691112068513,1.0366516966649,3.13315482441444,-211,-164,398
28.0799999999745,-1.47635756817644,1.02803114736754,3.13679111319122,-165,-136,324
28.1199999999744,-1.47740473921648,1.0202271026326,3.13383639294064,-114,-106,253
28.1599999999744,-1.4782837051778,1.01201899314311,3.12431546479138,-213,-135,303
28.1999999999744,-1.47879515374004,1.00366709242704,3.13243330530167,-175,-203,383
28.2399999999743,-1.47904238645176,0.995055679731457,3.13743419720741,-192,-170,319
28.2799999999743,-1.47946891110687,0.984847050137411,3.13260103144278,-180,-143,346
28.3199999999742,-1.48017586567303,0.977176522547515,3.12998825609925,-155,-142,320
28.3599999999742,-1.48046886593585,0.968239148630855,3.13016156729398,-163,-122,308
28.3999999999742,-1.48060762321351,0.960764756404028,3.1324749837642,-188,-149,305
28.4399999999741,-1.48026570015881,0.954302974235346,3.13812149041355,-166,-175,328
28.4799999999741,-1.47940872452413,0.946440194830163,3.12970010223975,-154,-138,389
28.5199999999741,-1.48151754794566,0.938621298146881,3.12798742809806,-145,-138,309
28.559999999974,-1.48129420491641,0.93074342960179,3.12325479329835,-156,-133,291
28.599999999974,-1.48184320998522,0.92338393851377,3.12999179911764,-158,-119,237
28.639999999974,-1.48115016302392,0.91599515030346,3.13141712225128,-174,-191,297
28.6799999999739,-1.48160795569194,0.906892597887706,3.13010117890186,-160,-152,393
28.7199999999739,-1.48192556661829,0.899491241066957,3.1282043376175,-157,-151,330
28.7599999999738,-1.48113950522172,0.891651042445612,3.12188659479113,-152,-130,316
28.7999999999738,-1.48192878376673,0.882121860496406,3.1170333751934,-148,-139,334
28.8399999999738,-1.48175087069808,0.873819703267838,3.12136062236775,-174,-135,308
28.8799999999737,-1.48217181527478,0.866384837730883,3.12109603045315,-170,-143,310
28.9199999999737,-1.4831701012733,0.858754976872532,3.12139963047653,-161,-145,312
28.9599999999737,-1.48280925357952,0.850986101182092,3.12772983495376,-170,-128,331
28.9999999999736,-1.48338779595686,0.843130786949822,3.12298061952616,-174,-135,320
29.0399999999736,-1.48394142453634,0.835007607125396,3.12750320395039,-235,-142,316
29.0799999999736,-1.48385691118848,0.826438436827534,3.12466514150701,-161,-204,305
29.1199999999735,-1.48571316087862,0.818716626602761,3.11782713348392,-158,-148,411
29.1599999999735,-1.48426732618399,0.810736824220433,3.11675761317159,-163,-139,311
29.1999999999734,-1.48440476794452,0.802939506763756,3.12606636164368,-173,-150,310
29.2399999999734,-1.48503036686965,0.795085368554,3.11879100901662,-172,-154,299
29.2799999999734,-1.48534326714164,0.786173385690152,3.11875058719115,-160,-156,313
29.3199999999733,-1.48558818008922,0.778544225222014,3.12685839205824,-162,-147,297
29.3599999999733,-1.48566840629326,0.770690719381459,3.12277622401746,-169,-145,297
29.3999999999733,-1.48706574055052,0.763228541689947,3.12285705021512,-155,-160,292
29.4399999999732,-1.48569587380918,0.755712699962422,3.13122817290646,-146,-144,307
29.4799999999732,-1.48603837887992,0.748094574075209,3.1278590067717,-136,-152,295
29.5199999999732,-1.48644213148048,0.740469028857248,3.12480302251792,-176,-194,299
29.5599999999731,-1.486135773688,0.733732832693501,3.13079892663022,-165,-142,373
29.5999999999731,-1.48673412983996,0.726642016756148,3.13022675534154,-166,-152,296
29.639999999973,-1.48713271733914,0.719657204871966,3.12325479329835,-170,-131,317
29.679999999973,-1.48746843528155,0.71106956138548,3.12995204051728,-155,-151,303
29.719999999973,-1.48890906624362,0.703677066695899,3.12785553356649,-169,-140,289
29.7599999999729,-1.48899947238086,0.694886026547628,3.12794747751148,-168,-147,307
29.7999999999729,-1.49004624338304,0.686979688543496,3.12383303833283,-162,-137,328
29.8399999999729,-1.48885837169923,0.68014150180718,3.12399788468068,-152,-124,319
29.8799999999728,-1.48909271486336,0.672215393275403,3.12294580020758,-136,-134,299
29.9199999999728,-1.49001906594505,0.665119360637384,3.12347423354521,-136,-150,291
29.9599999999728,-1.49010321688225,0.65801652397636,3.12358169346725,-187,-136,299
29.9999999999727,-1.49047232243288,0.651090724464868,3.12405886648475,-162,-179,364
30.0399999999727,-1.49076078136652,0.644047657608746,3.12599265638937,-128,-100,207
30.0799999999726,-1.49179700677304,0.637181069569971,3.11315096008551,-151,-140,292
30.1199999999726,-1.49226991495395,0.629810432126352,3.12699540040452,-184,-150,281
30.1599999999726,-1.49240335252784,0.623119325506385,3.12386078906794,-161,-188,261
30.1999999999725,-1.49430690575073,0.616891472184679,3.12477652841987,-170,-147,331
30.2399999999725,-1.4939125869863,0.610593085784071,3.12461241511031,-149,-132,277
30.2799999999725,-1.49382234277841,0.60116875136501,3.12242687891438,-129,-110,294
30.3199999999724,-1.49427759360327,0.595081452635561,3.1178481821547,-124,-124,278
30.3599999999724,-1.4945676734364,0.588146336703674,3.13027042347942,-146,-126,271
30.3999999999724,-1.49554633154028,0.581965439681676,3.12328216006102,-153,-134,275
30.4399999999723,-1.49624620132622,0.57660188751259,3.12118078364162,-155,-132,281
30.4799999999723,-1.49595591163741,0.568962452668021,3.13004393210239,-153,-118,258
30.5199999999722,-1.49731802817028,0.561500933419077,3.12058011112626,-139,-119,279
30.5599999999722,-1.49720114407853,0.554760389675695,3.13094673856457,-126,-139,278
30.5999999999722,-1.49757263821642,0.548795803066115,3.12019095506294,-173,-177,344
30.6399999999721,-1.49793670935868,0.54089041080793,3.11322412428775,-140,-152,305
30.6799999999721,-1.49835661624089,0.534478460816033,3.12059295674955,-146,-136,298
30.7199999999721,-1.49698898389093,0.527782985843536,3.1191462009727,-155,-123,311
30.759999999972,-1.49776820449122,0.517775091295998,3.12263354335111,-149,-147,319
30.799999999972,-1.49832903597765,0.511312310734577,3.11523547662434,-162,-140,335
30.839999999972,-1.49916055715008,0.503848772658354,3.12039390194836,-210,-148,317
30.8799999999719,-1.49947440073179,0.496736938350663,3.11338331576883,-166,-174,321
30.9199999999719,-1.49923653624039,0.488381538040431,3.11956218274662,-120,-109,319
30.9599999999718,-1.50016183426041,0.481583684597057,3.11771761407335,-141,-143,330
30.9999999999718,-1.50053702561326,0.47372327374577,3.11855430746347,-153,-148,301
31.0399999999718,-1.50128029188814,0.465649925489799,3.11599089003119,-188,-154,291
31.0799999999717,-1.50158265649684,0.458562196567134,3.12016332650088,-161,-193,373
31.1199999999717,-1.50181732554164,0.451536656902195,3.11128595360671,-147,-155,292
31.1599999999717,-1.50267101308665,0.443771360067451,3.11145153299284,-158,-152,311
31.1999999999716,-1.50358369036982,0.43624533989472,3.11878414987266,-187,-166,297
31.2399999999716,-1.50591338158647,0.427039698173272,3.11491936259022,-179,-187,278
31.2799999999716,-1.50530265043513,0.419442588917376,3.12198965648346,-203,-158,316
31.3199999999715,-1.50443235971871,0.41079452875848,3.12940416421178,-134,-168,321
31.3599999999715,-1.5054990215586,0.402813103252858,3.12519736220912,-126,-127,410
31.3999999999714,-1.50583180690719,0.395636582271877,3.12387471679537,-102,-99,234
31.4399999999714,-1.50638971289405,0.387861933528174,3.11771215119279,-131,-135,328
31.4799999999714,-1.50671005324619,0.380986535813586,3.11058972431479,-182,-171,403
31.5199999999713,-1.50608505056989,0.371953469608056,3.10699745274175,-139,-143,317
31.5599999999713,-1.50758061410186,0.363752701235373,3.11202277925702,-192,-144,311
31.5999999999713,-1.50797933112444,0.356350494787218,3.10569058510445,-132,-159,298
31.6399999999712,-1.51001075729249,0.347180054280709,3.12180723467004,-226,-220,380
31.6799999999712,-1.50932607878201,0.339482726878044,3.1202106598302,-138,-128,245
31.7199999999712,-1.50915843858358,0.329137471749124,3.1258658931258,-196,-151,326
31.7599999999711,-1.51106837826357,0.321077502411616,3.11490738963155,-213,-179,337
31.7999999999711,-1.511505993468,0.312901605188899,3.11776355113927,-154,-144,402
31.839999999971,-1.51144741911978,0.305572194460966,3.11945053403437,-143,-139,324
31.879999999971,-1.51060318394534,0.297238727858579,3.10791804410901,-131,-131,314
31.919999999971,-1.51057771067469,0.288829096472253,3.11194841077759,-124,-135,308
31.9599999999709,-1.51054627396486,0.281317955999848,3.11307966338557,-131,-138,310
31.9999999999709,-1.51062042733561,0.273699018963815,3.11072222971161,-148,-134,308
32.0399999999709,-1.51210541589728,0.266277723512796,3.1105584480146,-156,-156,290
32.0799999999708,-1.51255037288715,0.258253397094506,3.11017986864655,-170,-151,273
32.1199999999708,-1.51217369622761,0.249824774850398,3.11671759277184,-156,-164,302
32.1599999999708,-1.5135039581443,0.24283606428166,3.10034474632534,-217,-174,413
32.1999999999707,-1.51380639548934,0.235529078720157,3.11506211306974,-170,-118,302
32.2399999999707,-1.51481004793628,0.224924036826846,3.11444819350535,-155,-123,222
32.2799999999706,-1.51455641252293,0.216613590626788,3.11446243539204,-125,-121,362
32.3199999999706,-1.51417106034797,0.209910033682404,3.10782782803998,-107,-123,290
32.3599999999706,-1.51496116047997,0.202771215620167,3.10957460591525,-141,-138,321
32.3999999999705,-1.51433101780138,0.196776290549381,3.10249911094083,-119,-108,245
32.4399999999705,-1.51430136055497,0.190662607707824,3.10463490525308,-136,-114,230
32.4799999999705,-1.51531374437995,0.184474754458321,3.10534363110244,-133,-128,225
32.5199999999704,-1.51547076667546,0.178380217382257,3.10784568275822,-128,-126,227
32.5599999999704,-1.51634539459617,0.171978940075519,3.10768869039201,-123,-133,211
32.5999999999704,-1.51552585154986,0.165851113759989,3.11053940647246,-146,-131,211
32.6399999999703,-1.5167504665012,0.160516468042335,3.11662186146237,-147,-124,217
32.6799999999703,-1.51728720312945,0.155007069599494,3.11542610148524,-143,-107,231
32.7199999999702,-1.51776629491326,0.146941878349203,3.12073411897945,-120,-102,210
32.7599999999702,-1.51745215051175,0.140568707866665,3.1215051705364,-88,-101,210
32.7999999999702,-1.51702549522187,0.135323036021643,3.11416216894753,-39,-53,214
32.8399999999701,-1.51674641308841,0.130935740635109,3.11025702965278,-18,-40,232
32.8799999999701,-1.51627689816673,0.126734293198255,3.10080114992474,8,-19,174
32.9199999999701,-1.51627583438017,0.12391323773509,3.09230972168806,12,-15,137
32.95999999997,-1.51543472742809,0.122339227611629,3.08794234939421,-2,-35,120
32.99999999997,-1.51627435848397,0.119969002674475,3.0841794369802,-20,-39,49
33.03999999997,-1.51477447547355,0.118735962712135,3.08439208789626,-37,-66,33
33.0799999999699,-1.51461366549146,0.117321516872948,3.09293276932444,-68,-74,-3
33.1199999999699,-1.51462008192668,0.116786600489157,3.10435593182545,-71,-99,-22
33.1599999999698,-1.51441076055879,0.116388449519459,3.11084019651575,-77,-89,-41
33.1999999999698,-1.51474492520082,0.115497332705466,3.12022718809821,-82,-93,-44
33.2399999999698,-1.51484990856247,0.115201179540271,3.12700093309825,-82,-105,-49
33.2799999999697,-1.51508869201896,0.11461549421715,3.14105497000713,-90,-117,-59
33.3199999999697,-1.51545125458654,0.114255325630815,3.14528585755347,-95,-145,-69
33.3599999999697,-1.5153070214914,0.112625894939049,3.16782634851067,-111,-141,-82
33.3999999999696,-1.51528666920268,0.112382558874544,3.17995916188554,-126,-138,-80
33.4399999999696,-1.5154907506191,0.111706256474977,3.19833496563492,-186,-161,-104
33.4799999999696,-1.51663339336948,0.11100316632611,3.21315089112217,-151,-141,-86
33.5199999999695,-1.51713539197972,0.11045139274963,3.22748945160571,-143,-145,-95
33.5599999999695,-1.51714779044983,0.11007577893004,3.24605008572288,-138,-144,-88
33.5999999999694,-1.51710333095916,0.10874030704753,3.25783241953066,-129,-137,-69
33.6399999999694,-1.51681462220629,0.108009391558674,3.276170035476,-105,-123,-61
33.6799999999694,-1.51680455930248,0.10772719611779,3.29032484769589,-102,-119,-69
33.7199999999693,-1.51745456995931,0.107974491961009,3.3002283345639,-108,-126,-81
33.7599999999693,-1.51747264036503,0.107707968518682,3.31856996476652,-120,-138,-93
33.7999999999693,-1.51801821446529,0.107983106422742,3.33604280497409,-162,-155,-101
33.8399999999692,-1.51801854408474,0.107602409115567,3.35678728231781,-98,-156,-115
33.8799999999692,-1.51841538639288,0.107517572552042,3.37017470817218,-175,-195,-128
33.9199999999691,-1.51839759475501,0.106684306377033,3.39028802209851,-116,-111,-71
33.9599999999691,-1.51902050551747,0.106249099028496,3.40804292496649,-150,-157,-95
33.9999999999691,-1.5191711176795,0.106183040244382,3.42818781189898,-185,-152,-104
34.039999999969,-1.51907495240694,0.106157109531202,3.44258367154186,-134,-182,-132
34.079999999969,-1.51923272058881,0.10579451571074,3.45606040589406,-115,-135,-104
34.119999999969,-1.51910434010528,0.106289882387829,3.46679158025324,-109,-140,-110
34.1599999999689,-1.51938380577769,0.106517830343537,3.48359487725316,-113,-158,-118
34.1999999999689,-1.51956603510758,0.106327093851142,3.50848969519824,-123,-161,-129
34.2399999999689,-1.52031212510214,0.106311274547923,3.5299385176149,-138,-161,-130
34.2799999999688,-1.52051194493867,0.10716460763301,3.54156963609628,-133,-162,-129
34.3199999999688,-1.52074093885273,0.10638800994329,3.56725372683571,-141,-150,-138
34.3599999999687,-1.52112964295571,0.10656972726304,3.58818490204952,-154,-151,-129
34.3999999999687,-1.52131021546331,0.1064637781091,3.60735294565296,-179,-161,-121
34.4399999999687,-1.52257927236873,0.106898346222462,3.62867797186577,-171,-166,-112
34.4799999999686,-1.52275558280551,0.107326106220163,3.64548191463751,-158,-154,-124
34.5199999999686,-1.52357532010495,0.107441793598226,3.6661014089535,-181,-199,-163
34.5599999999686,-1.52358848689486,0.106537067018847,3.68522714577587,-146,-176,-143
34.5999999999685,-1.52371867622506,0.106843372807428,3.69145425365418,-156,-172,-149
34.6399999999685,-1.52441571868072,0.107729236453117,3.72261225543322,-147,-171,-143
34.6799999999685,-1.52554687828531,0.107801725111349,3.7461932069707,-142,-154,-106
34.7199999999684,-1.52556202208449,0.107406197482789,3.7598178754303,-142,-148,-152
34.7599999999684,-1.52580181888515,0.106936962387378,3.78961055849538,-158,-145,-110
34.7999999999683,-1.5265164185086,0.106894598543823,3.80458885196295,-162,-159,-117
34.8399999999683,-1.52676726609886,0.107911000487062,3.82111970306662,-162,-159,-130
34.8799999999683,-1.52741416994988,0.107005512012906,3.84303376044869,-159,-168,-126
34.9199999999682,-1.52846702711874,0.107802700932272,3.85224880219325,-185,-229,-126
34.9599999999682,-1.52805863731711,0.106720028088647,3.88151484960983,-142,-176,-159
34.9999999999682,-1.52830131018733,0.106373866919538,3.90868243530687,-134,-174,-135
35.0399999999681,-1.52874437184289,0.106708748314386,3.92799502707896,-137,-150,-154
35.0799999999681,-1.52889968869205,0.1070861525333,3.95054958538993,-136,-148,-142
35.1199999999681,-1.52939545736339,0.107036541135013,3.97027397014573,-144,-150,-146
35.159999999968,-1.53016993621802,0.106642835662292,3.99178614801424,-145,-160,-137
35.199999999968,-1.53039916883424,0.106238109867069,4.00651451033292,-156,-152,-128
35.2399999999679,-1.53144662635731,0.107308988915965,4.02009163602369,-157,-154,-118
35.2799999999679,-1.53172824625268,0.107527249517003,4.03778637739236,-163,-163,-128
35.3199999999679,-1.5317579182475,0.107318847279629,4.05694155791921,-148,-188,-135
35.3599999999678,-1.53269896940581,0.107290885382011,4.10320313289953,-143,-172,-136
35.3999999999678,-1.53250073932906,0.108527088332168,4.124627660333,-133,-150,-118
35.4399999999678,-1.53365230120401,0.107199208431305,4.14460803253019,-135,-136,-123
35.4799999999677,-1.53519603169811,0.107957495958755,4.14290534167183,-128,-141,-133
35.5199999999677,-1.5353475810845,0.10660932490767,4.17476880553452,-163,-133,-152
35.5599999999677,-1.53584002212056,0.106501501049818,4.19042571792185,-121,-156,-134
35.5999999999676,-1.53635411140068,0.106535270521053,4.20882606100051,-114,-106,-139
35.6399999999676,-1.53697924357583,0.106540637518962,4.22253103205899,-72,-78,-66
35.6799999999675,-1.53717034116489,0.107272303581494,4.24650168071186,-95,-90,-79
35.7199999999675,-1.53736209377718,0.106742226679418,4.24831282632994,-111,-88,-69
35.7599999999675,-1.53807668294411,0.106316131224881,4.25069521821221,-93,-123,-91
35.7999999999674,-1.53819901026763,0.105980569660261,4.26933734175215,-90,-113,-77
35.8399999999674,-1.53855079041904,0.105814049648456,4.27873388028562,-90,-111,-86
35.8799999999674,-1.53840939654861,0.106592222318895,4.28944224319147,-88,-101,-79
35.9199999999673,-1.53833593390434,0.105984856941342,4.30358942832254,-88,-94,-77
35.9599999999673,-1.53870483117669,0.105853633854966,4.31295123480389,-82,-84,-67
35.9999999999673,-1.53890167889373,0.105659400166378,4.32496302704843,-73,-70,-64
36.0399999999672,-1.53946092254016,0.105377542220742,4.33260969847385,-68,-64,-55
36.0799999999672,-1.53979192112429,0.105070225208304,4.34141057358691,-68,-63,-58
36.1199999999671,-1.54031360008057,0.105388775048028,4.33939730138815,-63,-71,-65
36.1599999999671,-1.54046958317036,0.104608936226158,4.36436376509903,-88,-74,-78
36.1999999999671,-1.54083861676111,0.104624738632832,4.37364493736895,-81,-103,-107
36.239999999967,-1.54144584103161,0.106277346657717,4.37567487746206,-103,-83,-92
36.279999999967,-1.54119068308985,0.104466965377407,4.39611896618823,-81,-109,-89
36.319999999967,-1.54170919421704,0.104892241150516,4.40260136337623,-86,-82,-106
36.3599999999669,-1.54177237917078,0.104443202402507,4.41848385956938,-63,-66,-65
36.3999999999669,-1.54168670814309,0.104409446102092,4.43472334540773,-88,-85,-82
36.4399999999669,-1.54213248344617,0.104391813188282,4.44187539052313,-117,-113,-80
36.4799999999668,-1.54265633703095,0.103799713374086,4.44777802424021,-101,-101,-102
36.5199999999668,-1.54277811587585,0.10340467129812,4.45955225972026,-98,-114,-83
36.5599999999667,-1.54326894762562,0.104471735822678,4.4685272488795,-100,-112,-93
36.5999999999667,-1.54327519629294,0.103647707033346,4.48596176165669,-100,-100,-87
36.6399999999667,-1.54337011871712,0.102747991927855,4.502234478564,-81,-96,-58
36.6799999999666,-1.54381268511503,0.102730968085755,4.51355604544925,-72,-83,-86
36.7199999999666,-1.54381034728842,0.102662751640765,4.52334674914099,-65,-74,-54
36.7599999999666,-1.54431065727015,0.10371337945795,4.52200371828158,-64,-70,-48
36.7999999999665,-1.5425642866846,0.103349652902049,4.51003048036022,-64,-73,-54
36.8399999999665,-1.54419563387948,0.103254421116639,4.55739892569886,-68,-74,-59
36.8799999999665,-1.54394715010283,0.101321115347427,4.55833443963122,-78,-81,-64
36.9199999999664,-1.54456535711917,0.100935988506311,4.56741154800499,-88,-83,-79
36.9599999999664,-1.54493157268511,0.100601597747893,4.57926648750965,-85,-90,-90
36.9999999999663,-1.54532778764737,0.100387952677853,4.59081601184851,-77,-82,-99
37.0399999999663,-1.54585375270623,0.101053955028078,4.602639378347,-69,-69,-69
37.0799999999663,-1.54625192226384,0.100648348177055,4.61244933302039,-65,-82,-7
37.1199999999662,-1.54534905554049,0.101716705804394,4.60536273775193,-56,-68,17
37.1599999999662,-1.54346657382543,0.100718915447321,4.62176014098101,-68,-81,12
37.1999999999662,-1.54227751128584,0.100691681571484,4.62606288373265,-83,-92,18
37.2399999999661,-1.54064139235486,0.100091465027729,4.63595851661903,-107,-81,18
37.2799999999661,-1.53847283252314,0.101036335486354,4.65239761576393,-125,-157,52
37.3199999999661,-1.53666566630487,0.100107654085408,4.64199131699172,-152,-135,66
37.359999999966,-1.53333185616671,0.0989700119921561,4.65601491535844,-120,-158,94
37.399999999966,-1.5301154031635,0.0984216119449962,4.66464855302257,-87,-93,117
37.4399999999659,-1.52583230661263,0.0990471254814773,4.66005481152474,-140,-134,144
37.4799999999659,-1.52206599869835,0.0995672830523796,4.68397872026024,-147,-162,142
37.5199999999659,-1.51740875808649,0.0980185981855674,4.6795758479694,-202,-165,155
37.5599999999658,-1.51201938561417,0.0969174720227659,4.68968160104442,-160,-195,209
37.5999999999658,-1.50777339633053,0.0984173616066186,4.70505849280656,-148,-142,185
37.6399999999658,-1.50007088096403,0.0967703510418343,4.70056913945129,-158,-151,216
37.6799999999657,-1.49478858993766,0.0965699170051487,4.70281471497349,-154,-174,220
37.7199999999657,-1.48710627599781,0.0953390105949406,4.71129448441076,-159,-168,249
37.7599999999657,-1.48159258719576,0.0957169712448434,4.71370431286887,-145,-155,237
37.7999999999656,-1.47494466445471,0.0962690815221202,4.72172656169603,-144,-158,247
37.8399999999656,-1.4682805356742,0.0958645421706893,4.71839261630558,-140,-165,248
37.8799999999655,-1.4617563716794,0.0958368354142008,4.72099877685124,-154,-163,272
37.9199999999655,-1.45340368947742,0.0953459325136762,4.71931746627621,-161,-175,270
37.9599999999655,-1.44774634745584,0.0959724904776155,4.71659623617296,-190,-172,277
37.9999999999654,-1.44039029334985,0.097829525524616,4.72276426465609,-133,-190,309
38.0399999999654,-1.43212520135736,0.0968995917190253,4.72000502128174,-131,-155,372
38.0799999999654,-1.42512058869069,0.0977815434571147,4.7303519439528,-137,-153,279
38.1199999999653,-1.41565381817783,0.0976220121419139,4.73064887681844,-164,-149,291
38.1599999999653,-1.40943851596889,0.0991595730760945,4.7265960128558,-155,-154,299
38.1999999999653,-1.40137037031176,0.0973097401374741,4.72623169282774,-157,-131,315
38.2399999999652,-1.39393515177235,0.0996044497715239,4.72591458395594,-187,-196,316
38.2799999999652,-1.3856974317276,0.0980053258805832,4.72385895261624,-164,-150,384
38.3199999999651,-1.37786855316258,0.100224431168143,4.74219016320323,-170,-144,315
38.3599999999651,-1.36968782736558,0.0980953344700273,4.72498379986586,-153,-140,322
38.3999999999651,-1.36201680925982,0.0983679095526812,4.72800316711193,-143,-119,341
38.439999999965,-1.35422572448587,0.099120340345215,4.72204946506094,-124,-137,338
38.479999999965,-1.34637695128423,0.0994795001761425,4.71108310758505,-162,-137,315
38.519999999965,-1.33854674792243,0.0997617015139436,4.73130773861107,-158,-158,310
38.5599999999649,-1.33048862449724,0.0984272310870212,4.71488429506956,-161,-138,344
38.5999999999649,-1.32214894236994,0.0976911783090144,4.71702560462224,-150,-142,327
38.6399999999649,-1.31324727463862,0.0996135186467101,4.70791767373388,-155,-144,309
38.6799999999648,-1.30466942567218,0.0975859881543149,4.71153837672044,-160,-154,301
38.7199999999648,-1.29830479027953,0.09896113511424,4.69831145134408,-171,-147,313
38.7599999999647,-1.290156565347,0.097571535334491,4.72537695273316,-170,-139,313
38.7999999999647,-1.28200906540326,0.0973785378268131,4.71136958592848,-176,-136,310
38.8399999999647,-1.27413365828526,0.0964726134501874,4.71363334778148,-205,-150,300
38.8799999999646,-1.26558595476156,0.0953400850248967,4.71742079079813,-164,-187,320
38.9199999999646,-1.2577576755207,0.096986034115565,4.72869299104549,-159,-166,387
38.9599999999646,-1.24928778123735,0.0957086225211481,4.71727588483698,-166,-150,315
38.9999999999645,-1.24079306162594,0.0950072368742923,4.72160938029005,-125,-115,236
39.0399999999645,-1.2330886812064,0.0953074583893031,4.72196164009298,-206,-142,343
39.0799999999645,-1.22472821857722,0.0956573896405292,4.72399330806206,-169,-168,311
39.1199999999644,-1.21556736836066,0.0945206206798191,4.71765092118665,-170,-138,378
39.1599999999644,-1.20748358648619,0.0941703175749694,4.72472821385019,-164,-129,303
39.1999999999643,-1.20024540826856,0.0941863808544551,4.70997522493577,-153,-123,325
39.2399999999643,-1.19232210626843,0.0927195036132221,4.71273671978486,-159,-119,315
39.2799999999643,-1.18571954488737,0.0930399861159437,4.71063782173299,-160,-123,311
39.3199999999642,-1.17667746533557,0.092454263959555,4.72282744557502,-180,-162,313
39.3599999999642,-1.16826463648673,0.0902278033590899,4.70866648979616,-100,-105,321
39.3999999999642,-1.16054522645513,0.0921703319423613,4.71929762188261,-134,-149,310
39.4399999999641,-1.15171344576372,0.0901700822432698,4.70907760210147,-215,-167,391
39.4799999999641,-1.14523160469819,0.0914920755402191,4.70283415794135,-187,-122,311
39.5199999999641,-1.13748031620842,0.0900809447492786,4.70174419982348,-175,-128,310
39.559999999964,-1.13005530822637,0.0886596840091639,4.70250778137123,-179,-111,324
39.599999999964,-1.1200513389876,0.0878151356433571,4.70070808511304,-163,-133,302
39.6399999999639,-1.11255007951406,0.086272704909081,4.69930740602843,-187,-125,292
39.6799999999639,-1.10494909155797,0.0856731098292466,4.71172399248639,-167,-125,291
39.7199999999639,-1.09671325267072,0.0849381045845965,4.70606416897485,-155,-127,314
39.7599999999638,-1.09034007583138,0.0853684902772408,4.69644237824811,-150,-118,292
39.7999999999638,-1.08134342150312,0.0846491382381703,4.70045862520305,-158,-136,292
39.8399999999638,-1.0736368130494,0.0815659330566937,4.68841061737653,-214,-196,358
39.8799999999637,-1.06506171550926,0.082369316238142,4.70144005874803,-175,-175,298
39.9199999999637,-1.05811047404768,0.0839611615966305,4.70371193638206,-177,-151,316
39.9599999999637,-1.04978800036952,0.0817082526338355,4.70754701816064,-189,-125,310
39.9999999999636,-1.042143927583,0.0815651010948114,4.70555756970617,-189,-138,311
40.0399999999636,-1.03487895393407,0.0800460009633932,4.70508832048347,-184,-146,306
40.0799999999635,-1.02407367045437,0.0792340123353326,4.72144985719642,-166,-135,319
40.1199999999635,-1.01608360048289,0.0794796203529687,4.72073699491673,-152,-134,309
40.1599999999635,-1.00816314503594,0.0783602851060311,4.69759625032319,-177,-124,311
40.1999999999634,-0.998871153269816,0.0763784504563779,4.70000574716874,-164,-148,300
40.2399999999634,-0.992275457599652,0.0768518839089311,4.69847856661995,-173,-157,314
40.2799999999634,-0.9833037963754,0.0760131101511134,4.71926533329145,-184,-163,306
40.3199999999633,-0.975908417650132,0.0757974741458165,4.70451049432802,-183,-169,313
40.3599999999633,-0.967638835407585,0.074591581449315,4.71658977845473,-193,-138,340
40.3999999999633,-0.959800664689649,0.0749331695108657,4.71015412118409,-174,-132,320
40.4399999999632,-0.951493101480971,0.0724383275444575,4.71336236796182,-186,-125,308
40.4799999999632,-0.942824290972199,0.0727065031118363,4.72566191264013,-159,-137,317
40.5199999999631,-0.934717286209245,0.0706769144059911,4.71377468454431,-163,-137,336
40.5599999999631,-0.927942522199294,0.0719591532685989,4.70768503879788,-204,-128,312
40.5999999999631,-0.917286753888161,0.0705417087231097,4.70746985715441,-147,-171,321
40.639999999963,-0.909037707517705,0.0700263645046597,4.71945108868374,-172,-131,405
40.679999999963,-0.901043370594081,0.069150885246313,4.70378263967006,-162,-154,313
40.719999999963,-0.892789688970849,0.0683271630344695,4.71604897073271,-180,-150,334
40.7599999999629,-0.884828971172805,0.067757294286169,4.69555007866803,-171,-101,238
40.7999999999629,-0.875654552124996,0.0669566219413791,4.70708235915388,-155,-178,332
40.8399999999629,-0.867709020348114,0.0673706398109174,4.69634929983911,-155,-134,410
40.8799999999628,-0.859166303438163,0.0674798810095879,4.70133373329,-147,-143,341
40.9199999999628,-0.851432763804925,0.0672636449393638,4.6921313800891,-157,-145,305
40.9599999999627,-0.842635897753343,0.0670288585351854,4.7080237897524,-159,-156,308
40.9999999999627,-0.83520963747743,0.0660965166704003,4.69565574090095,-164,-150,311
41.0399999999627,-0.827708167398945,0.0660074982833309,4.68977268977808,-154,-136,329
41.0799999999626,-0.817435369608492,0.0648129953549077,4.69944242469937,-157,-132,313
41.1199999999626,-0.809544624694503,0.0634727529471662,4.70762559288356,-167,-135,317
41.1599999999626,-0.801890435203366,0.063732376895431,4.69338173396523,-150,-140,314
41.1999999999625,-0.793486737050048,0.0628976269136902,4.69334831091006,-180,-141,327
41.2399999999625,-0.785818942376703,0.0625096799524043,4.69201301185923,-143,-167,305
41.2799999999625,-0.77808585153465,0.0625148777765346,4.70368504085829,-148,-131,391
41.3199999999624,-0.770313156297639,0.0620308302789041,4.70685707205403,-201,-174,294
41.3599999999624,-0.76275652395915,0.0614463484105707,4.68997389133425,-162,-156,362
41.3999999999623,-0.755035225511669,0.0599726193693563,4.69997092785016,-117,-117,217
41.4399999999623,-0.748344533160544,0.060421121203013,4.68657163375688,-158,-127,293
41.4799999999623,-0.740780757751704,0.0601403036024138,4.69287979472565,-179,-144,305
41.5199999999622,-0.733062262631328,0.0582079359590085,4.69531452903218,-146,-103,384
41.5599999999622,-0.724698600077924,0.0597010666496899,4.70178353954482,-120,-126,307
41.5999999999622,-0.717999963650508,0.0591396675785813,4.70005908443068,-128,-129,309
41.6399999999621,-0.710593958489719,0.0575679780206397,4.68729866811009,-147,-131,294
41.6799999999621,-0.704266733089429,0.0583960137797888,4.67264542476241,-162,-135,293
41.7199999999621,-0.697546131918539,0.0576910521744152,4.67658725087804,-172,-149,292
41.759999999962,-0.690305511399104,0.0562974524320436,4.68635711533851,-171,-148,308
41.799999999962,-0.682520671657611,0.0560278502530304,4.68722590533357,-167,-166,285
41.8399999999619,-0.674995411111716,0.0561865931911366,4.67957218277797,-172,-169,293
41.8799999999619,-0.666059635625771,0.054463030713157,4.6935971774081,-171,-154,312
41.9199999999619,-0.659788845786844,0.0552144363760789,4.67655189050739,-202,-123,346
41.9599999999618,-0.651671236487448,0.055447514109311,4.70405122838865,-142,-157,328
41.9999999999618,-0.643577971945733,0.0536352573398397,4.6857507181432,-150,-137,416
42.0399999999618,-0.635891716258153,0.0528747503882061,4.68558033910162,-158,-144,324
42.0799999999617,-0.626280593247837,0.0529456556180658,4.68343196096546,-162,-101,250
42.1199999999617,-0.620008053534736,0.0534670250294137,4.67094187869271,-174,-169,319
42.1599999999617,-0.611635888197131,0.0525143048923775,4.68474045175898,-171,-144,397
42.1999999999616,-0.604426697652769,0.0520992938849985,4.6705986596953,-162,-167,307
42.2399999999616,-0.596004912627794,0.0519026992683884,4.69701062254598,-145,-153,309
42.2799999999615,-0.589053160199862,0.0511260756947373,4.67027268455091,-147,-154,292
42.3199999999615,-0.581564770453459,0.0507354538305031,4.66956155014718,-155,-143,306
42.3599999999615,-0.573770524322523,0.0506197803634077,4.68053478422032,-129,-150,315
42.3999999999614,-0.567172517416218,0.0512590985063265,4.66826339170284,-126,-150,311
42.4399999999614,-0.558542168812222,0.0497676032537958,4.6819217624703,-129,-157,295
42.4799999999614,-0.551466750023573,0.0497023075573249,4.6730157487231,-163,-154,302
42.5199999999613,-0.544263873512819,0.0489234969830614,4.68315040445053,-179,-142,298
42.5599999999613,-0.536543603024197,0.0487974846215963,4.66760885832676,-214,-137,307
42.5999999999613,-0.528579543537324,0.0464906711483503,4.68293995264933,-158,-180,359
42.6399999999612,-0.522353954398431,0.0462652787189539,4.6691669486566,-147,-135,286
42.6799999999612,-0.514141570504632,0.0456760004332473,4.68353716941277,-152,-150,288
42.7199999999611,-0.507501107850924,0.0451375509218472,4.67931757414669,-153,-148,297
42.7599999999611,-0.50038382172964,0.0455230907648267,4.67371063411149,-135,-139,319
42.7999999999611,-0.492711210557808,0.045586268083747,4.66870848556869,-123,-159,296
42.839999999961,-0.484996011443568,0.0438157111911686,4.67792815243576,-153,-160,281
42.879999999961,-0.477721581464214,0.0437333649241783,4.68329488280601,-162,-176,279
42.919999999961,-0.470502204772628,0.0429439784156729,4.68344594105277,-177,-168,310
42.9599999999609,-0.46438901768113,0.0425366366320973,4.6788247629791,-180,-143,294
42.9999999999609,-0.457076479819717,0.0431602937920698,4.67446969525647,-198,-143,296
43.0399999999609,-0.447547959166565,0.0416548454708774,4.6835902972352,-142,-179,290
43.0799999999608,-0.4408198697849,0.0416913346367328,4.67436138012309,-137,-130,376
43.1199999999608,-0.433103683530746,0.0406135147544482,4.68821187673461,-139,-126,294
43.1599999999607,-0.426965234854977,0.0407536544197365,4.67703185605169,-132,-116,300
43.1999999999607,-0.41857301185443,0.0410079640235257,4.68261485016956,-114,-138,303
43.2399999999607,-0.412650147412372,0.0407686750791011,4.67312086990395,-126,-139,306
43.2799999999606,-0.404700908990389,0.0407262529878698,4.67473248948195,-132,-147,279
43.3199999999606,-0.396860330631422,0.03985565598964,4.6795193865681,-151,-161,279
43.3599999999606,-0.390225600603564,0.0405387293546873,4.66767889838964,-167,-154,292
43.3999999999605,-0.381642594239049,0.0393295182715427,4.67814019248659,-160,-148,319
43.4399999999605,-0.375474597309788,0.0398061311018642,4.67133368765649,-194,-138,293
43.4799999999605,-0.367903011486861,0.0394673014375315,4.67076170835402,-120,-143,293
43.5199999999604,-0.35751450114885,0.0380183131481159,4.68205517543832,-147,-154,307
43.5599999999604,-0.351068855592742,0.0371190958307031,4.67510286580251,-143,-135,325
43.5999999999603,-0.342932401602447,0.0382815255213759,4.68013604629941,-129,-148,310
43.6399999999603,-0.336249197862729,0.0381375000206342,4.66520342809837,-168,-148,303
43.6799999999603,-0.327114927048837,0.0373978178837194,4.67768106617356,-143,-203,381
43.7199999999602,-0.318810276814483,0.0376927604555851,4.67458068074361,-150,-194,297
43.7599999999602,-0.310453958894133,0.0368374436629361,4.67222605704974,-171,-182,327
43.7999999999602,-0.30239307205679,0.0368461730998506,4.66939823968907,-170,-159,313
43.8399999999601,-0.294442966759013,0.0368167129671733,4.66406200022086,-185,-151,236
43.8799999999601,-0.286621437589904,0.0361561174958454,4.66725019316548,-172,-166,392
43.9199999999601,-0.27853347742905,0.0345273474901762,4.67605401788497,-178,-157,319
43.95999999996,-0.270806068050892,0.033303500403607,4.67479167359688,-169,-147,312
43.99999999996,-0.262466244290785,0.033499408691357,4.67210220848602,-162,-156,319
44.0399999999599,-0.251912588191069,0.0322396973431697,4.67806243806841,-150,-169,315
44.0799999999599,-0.242305744604417,0.032717208862387,4.67654995319193,-194,-179,320
44.1199999999599,-0.23329422382013,0.0319739577740788,4.67326768700062,-172,-250,308
44.1599999999598,-0.224624694536924,0.0304490116818173,4.68140004865029,-184,-168,385
44.1999999999598,-0.215852572712751,0.0298903975599088,4.68801713289667,-186,-163,312
44.2399999999598,-0.208252924049563,0.0285720917401129,4.68517633028637,-189,-122,238
44.2799999999597,-0.200329125894703,0.0286115226832197,4.67995301362076,-191,-198,389
44.3199999999597,-0.191949666068863,0.0271663918489035,4.68148639008839,-200,-153,316
44.3599999999597,-0.183551700382493,0.0261910569433646,4.68202135095742,-167,-148,315
44.3999999999596,-0.174303556057834,0.0258555763075695,4.68148033379588,-149,-154,337
44.4399999999596,-0.164884886514811,0.0248422592499492,4.69461931203124,-153,-152,293
44.4799999999595,-0.157065828382123,0.0250165614791914,4.68316379112589,-164,-154,285
44.5199999999595,-0.147221113545971,0.0246065729525014,4.68266684352797,-179,-151,280
44.5599999999595,-0.140303601800616,0.0240961820331603,4.68572068102677,-122,-147,272
44.5999999999594,-0.133342562220974,0.0240436419324353,4.68269387867809,-109,-113,315
44.6399999999594,-0.127027169206696,0.023693239823112,4.68229739223191,-116,-112,226
44.6799999999594,-0.12132838787507,0.0236644030277479,4.68092978713663,-134,-114,212
44.7199999999593,-0.115544148273524,0.0227703350780366,4.68306737913801,-122,-122,209
44.7599999999593,-0.109691810551884,0.0222231377097328,4.68573087374961,-112,-113,217
44.7999999999593,-0.103712500058337,0.0213763342296473,4.6874542642129,-97,-100,214
44.8399999999592,-0.0980995080691382,0.0220555972040063,4.6822066525641,-80,-92,224
44.8799999999592,-0.0926528592871672,0.0225300762956415,4.68005174689654,-72,-91,220
44.9199999999591,-0.0870171532640634,0.0223997421132242,4.68025595041902,-77,-82,234
44.9599999999591,-0.0814225467218216,0.021995998747301,4.67732147598777,-85,-78,212
44.9999999999591,-0.0749366971895221,0.0219335200694039,4.67335662897931,-92,-83,208
45.039999999959,-0.0695245034576084,0.02210770886907,4.67161545361093,-88,-93,207
45.079999999959,-0.064145616575209,0.0216054159099259,4.67136339316036,-58,-49,221
45.119999999959,-0.0595938823364143,0.0220200534067496,4.67109047602522,-32,-26,206
45.1599999999589,-0.0551312508512215,0.0220709016548143,4.65700528498919,-25,-11,172
45.1999999999589,-0.0521498531001468,0.0217554130772911,4.65500937881649,-29,-26,134
45.2399999999589,-0.049545435755496,0.0219333533684633,4.64641509832699,-50,-44,112
