5669.75,0,0
5669.8,0,0
5669.85,0,0
5669.9,1,0
5669.95,1,0
5670,1,0
5670.05,1,0
5670.1,1,0
5670.15,2,0
5670.2,2,0
5670.25,1,0
5670.3,3,0
5670.35,2,0
5670.4,2,0
5670.45,3,0
5670.5,4,0
5670.55,3,0
5670.6,3,0
5670.65,3,0
5670.7,6,0
5670.75,3,0
5670.8,3,0
5670.85,4,0
5670.9,7,0
5670.95,4,0
5671,4,0
5671.05,4,0
5671.1,9,0
5671.15,5,0
5671.2,4,0
5671.25,5,0
5671.3,5,0
5671.35,11,0
5671.4,5,0
5671.45,5,0
5671.5,12,0
5671.55,6,0
5671.6,6,0
5671.65,6,0
5671.7,13,0
5671.75,6,0
5671.8,7,0
5671.85,7,0
5671.9,14,0
5671.95,7,0
5672,8,0
5672.05,7,0
5672.1,8,0
5672.15,15,0
5672.2,8,0
5672.25,9,0
5672.3,16,0
5672.35,9,0
5672.4,9,0
5672.45,8,0
5672.5,19,0
5672.55,9,0
5672.6,9,0
5672.65,10,0
5672.7,19,0
5672.75,10,0
5672.8,10,0
5672.85,21,0
5672.9,10,0
5672.95,11,0
5673,10,0
5673.05,11,0
5673.1,22,0
5673.15,11,0
5673.2,12,0
5673.25,11,0
5673.3,23,0
5673.35,12,0
5673.4,12,0
5673.45,25,0
5673.5,12,0
5673.55,13,0
5673.6,12,0
5673.65,26,0
5673.7,13,0
5673.75,13,0
5673.8,27,0
5673.85,13,0
5673.9,14,0
5673.95,14,0
5674,28,0
5674.05,14,0
5674.1,15,0
5674.15,14,0
5674.2,29,0
5674.25,15,0
5674.3,15,0
5674.35,31,0
5674.4,15,0
5674.45,15,0
5674.5,16,0
5674.55,16,0
5674.6,32,0
5674.65,16,0
5674.7,16,0
5674.75,33,0
5674.8,17,0
5674.85,17,0
5674.9,17,0
5674.95,34,0
5675,17,0
5675.05,18,0
5675.1,17,0
5675.15,36,0
5675.2,18,0
5675.25,18,0
5675.3,19,0
5675.35,37,0
5675.4,18,0
5675.45,19,0
5675.5,19,0
5675.55,38,0
5675.6,20,0
5675.65,19,0
5675.7,40,0
5675.75,19,0
5675.8,20,0
5675.85,21,0
5675.9,40,0
5675.95,21,0
5676,20,0
5676.05,21,0
5676.1,42,0
5676.15,21,0
5676.2,22,0
5676.25,21,0
5676.3,43,0
5676.35,22,0
5676.4,22,0
5676.45,22,0
5676.5,45,0
5676.55,22,0
5676.6,23,0
5676.65,23,0
5676.7,46,0
5676.75,23,0
5676.8,23,0
5676.85,24,0
5676.9,47,0
5676.95,0,0
5677,48,0
5677.05,48,0
5677.1,24,0
5677.15,25,0
5677.2,24,0
5677.25,50,0
5677.3,25,0
5677.35,25,0
5677.4,25,0
5677.45,52,0
5677.5,26,0
5677.55,26,0
5677.6,25,0
5677.65,53,0
5677.7,26,0
5677.75,27,0
5677.8,26,0
5677.85,54,0
5677.9,27,0
5677.95,27,0
5678,27,0
5678.05,55,0
5678.1,28,0
5678.15,28,0
5678.2,28,0
5678.25,56,0
5678.3,28,0
5678.35,28,0
5678.4,58,0
5678.45,29,0
5678.5,29,0
5678.55,29,0
5678.6,58,0
5678.65,30,0
5678.7,29,0
5678.75,30,0
5678.8,60,0
5678.85,30,0
5678.9,30,0
5678.95,31,0
5679,30,0
5679.05,62,0
5679.1,31,0
5679.15,31,0
5679.2,62,0
5679.25,32,0
5679.3,31,0
5679.35,32,0
5679.4,64,0
5679.45,32,0
5679.5,32,0
5679.55,33,0
5679.6,65,0
5679.65,33,0
5679.7,33,0
5679.75,66,0
5679.8,34,0
5679.85,33,0
5679.9,34,0
5679.95,67,0
5680,34,0
5680.05,34,0
5680.1,35,0
5680.15,68,0
5680.2,35,0
5680.25,35,0
5680.3,35,0
5680.35,70,0
5680.4,35,0
5680.45,36,0
5680.5,35,0
5680.55,72,0
5680.6,36,0
5680.65,36,0
5680.7,72,0
5680.75,37,0
5680.8,36,0
5680.85,37,0
5680.9,74,0
5680.95,37,0
5681,37,0
5681.05,37,0
5681.1,76,0
5681.15,37,0
5681.2,38,0
5681.25,38,0
5681.3,77,0
5681.35,38,0
5681.4,39,0
5681.45,39,0
5681.5,78,0
5681.55,39,0
5681.6,39,0
5681.65,39,0
5681.7,79,0
5681.75,40,0
5681.8,40,0
5681.85,40,0
5681.9,81,0
5681.95,40,0
5682,40,0
5682.05,41,0
5682.1,82,0
5682.15,41,0
5682.2,41,0
5682.25,41,0
5682.3,84,0
5682.35,41,0
5682.4,41,0
5682.45,81,0
5682.5,41,0
5682.55,41,0
5682.6,41,0
5682.65,82,0
5682.7,40,0
5682.75,41,0
5682.8,41,0
5682.85,82,0
5682.9,41,0
5682.95,41,0
5683,41,0
5683.05,40,0
5683.1,82,0
5683.15,41,0
5683.2,41,0
5683.25,82,0
5683.3,41,0
5683.35,41,0
5683.4,40,0
5683.45,41,0
5683.5,82,0
5683.55,41,0
5683.6,41,0
5683.65,82,0
5683.7,41,0
5683.75,40,0
5683.8,82,0
5683.85,41,0
5683.9,41,0
5683.95,41,0
5684,82,0
5684.05,40,0
5684.1,41,0
5684.15,41,0
5684.2,82,0
5684.25,41,0
5684.3,41,0
5684.35,41,0
5684.4,81,0
5684.45,41,0
5684.5,41,0
5684.55,41,0
5684.6,82,0
5684.65,41,0
5684.7,82,0
5684.75,40,0
5684.8,41,0
5684.85,41,0
5684.9,82,0
5684.95,41,0
5685,41,0
5685.05,41,0
5685.1,80,0
5685.15,41,0
5685.2,41,0
5685.25,41,0
5685.3,82,0
5685.35,41,0
5685.4,41,0
5685.45,41,0
5685.5,81,0
5685.55,41,0
5685.6,41,0
5685.65,41,0
5685.7,82,0
5685.75,41,0
5685.8,40,0
5685.85,41,0
5685.9,82,0
5685.95,41,0
5686,41,0
5686.05,41,0
5686.1,81,0
5686.15,41,0
5686.2,41,0
5686.25,82,0
5686.3,41,0
5686.35,41,0
5686.4,81,0
5686.45,41,0
5686.5,41,0
5686.55,82,0
5686.6,41,0
5686.65,40,0
5686.7,81,0
5686.75,41,0
5686.8,40,0
5686.85,40,0
5686.9,79,0
5686.95,39,0
5687,32,0
5687.05,27,0
5687.1,34,0
5687.15,8,-0.00785398
5687.2,1,-0.00785398
5687.25,0,-0.01570796
5687.3,0,-0.02356194
5687.35,0,-0.03141593
5687.4,0,-0.03141593
5687.45,0,-0.05497787
5687.5,0,-0.06283185
5687.55,0,-0.07068583
5687.6,0,-0.07853982
5687.65,0,-0.10210176
5687.7,0,-0.11780972
5687.75,0,-0.12566371
5687.8,0,-0.15707963
5687.85,0,-0.16493361
5687.9,0,-0.18064158
5687.95,0,-0.19634954
5688,0,-0.22776547
5688.05,0,-0.24347343
5688.1,0,-0.25918139
5688.15,0,-0.27488936
5688.2,0,-0.31415927
5688.25,0,-0.32986723
5688.3,0,-0.35342917
5688.35,0,-0.36913714
5688.4,0,-0.41626103
5688.45,0,-0.43196899
5688.5,0,-0.45553093
5688.55,0,-0.47909288
5688.6,0,-0.51836279
5688.65,0,-0.54192473
5688.7,0,-0.56548668
5688.75,0,-0.61261057
5688.8,0,-0.63617251
5688.85,0,-0.65973446
5688.9,0,-0.6832964
5688.95,0,-0.72256631
5689,0,-0.74612826
5689.05,0,-0.7696902
5689.1,0,-0.78539816
5689.15,0,-0.82466807
5689.2,0,-0.84037603
5689.25,0,-0.86393798
5689.3,0,-0.87964594
5689.35,0,-0.91106187
5689.4,0,-0.93462381
5689.45,0,-0.95033178
5689.5,0,-0.96603974
5689.55,0,-0.98960169
5689.6,0,-1.00530965
5689.65,0,-1.02101761
5689.7,0,-1.03672558
5689.75,0,-1.06028752
5689.8,0,-1.07599548
5689.85,0,-1.08384947
5689.9,0,-1.09955743
5689.95,0,-1.12311937
5690,0,-1.13097336
5690.05,0,-1.14668132
5690.1,0,-1.17024326
5690.15,0,-1.17809725
5690.2,0,-1.18595123
5690.25,0,-1.19380521
5690.3,0,-1.21736715
5690.35,0,-1.22522113
5690.4,0,-1.23307512
5690.45,0,-1.2409291
5690.5,0,-1.25663706
5690.55,0,-1.26449104
5690.6,0,-1.27234502
5690.65,0,-1.28019901
5690.7,0,-1.29590697
5690.75,0,-1.30376095
5690.8,0,-1.31161493
5690.85,0,-1.31161493
5690.9,0,-1.3273229
5690.95,0,-1.33517688
5691,0,-1.34303086
5691.05,0,-1.34303086
5691.1,0,-1.35873882
5691.15,0,-1.35873882
5691.2,0,-1.3665928
5691.25,0,-1.37444679
5691.3,0,-1.38230077
5691.35,0,-1.39015475
5691.4,0,-1.39015475
5691.45,0,-1.39800873
5691.5,0,-1.40586271
5691.55,0,-1.40586271
5691.6,0,-1.41371669
5691.65,0,-1.42157068
5691.7,0,-1.42157068
5691.75,0,-1.42942466
5691.8,0,-1.42942466
5691.85,0,-1.43727864
5691.9,0,-1.44513262
5691.95,0,-1.44513262
5692,0,-1.4529866
5692.05,0,-1.4529866
5692.1,0,-1.46084058
5692.15,0,-1.46084058
5692.2,0,-1.46084058
5692.25,0,-1.46869457
5692.3,0,-1.46869457
5692.35,0,-1.47654855
5692.4,0,-1.47654855
5692.45,0,-1.48440253
5692.5,0,-1.48440253
5692.55,0,-1.48440253
5692.6,0,-1.48440253
5692.65,0,-1.49225651
5692.7,0,-1.49225651
5692.75,0,-1.49225651
5692.8,0,-1.50011049
5692.85,0,-1.50011049
5692.9,0,-1.50011049
5692.95,0,-1.50796447
5693,0,-1.50796447
5693.05,0,-1.50796447
5693.1,0,-1.50796447
5693.15,0,-1.51581846
5693.2,0,-1.51581846
5693.25,0,-1.51581846
5693.3,0,-1.51581846
5693.35,0,-1.52367244
5693.4,0,-1.52367244
5693.45,0,-1.52367244
5693.5,0,-1.52367244
5693.55,0,-1.52367244
5693.6,0,-1.53152642
5693.65,0,-1.53152642
5693.7,0,-1.53152642
5693.75,0,-1.53152642
5693.8,0,-1.53152642
5693.85,0,-1.53152642
5693.9,0,-1.53152642
5693.95,0,-1.5393804
5694,0,-1.5393804
5694.05,1,-1.5393804
5694.1,0,-1.5393804
5694.15,1,-1.5393804
5694.2,1,-1.5393804
5694.25,1,-1.5393804
5694.3,1,-1.5393804
5694.35,2,-1.54723438
5694.4,2,-1.54723438
5694.45,1,-1.54723438
5694.5,2,-1.54723438
5694.55,4,-1.54723438
5694.6,2,-1.54723438
5694.65,2,-1.54723438
5694.7,2,-1.54723438
5694.75,5,-1.54723438
5694.8,3,-1.54723438
5694.85,3,-1.55508836
5694.9,3,-1.55508836
5694.95,6,-1.55508836
5695,4,-1.55508836
5695.05,3,-1.55508836
5695.1,4,-1.55508836
5695.15,8,-1.55508836
5695.2,4,-1.55508836
5695.25,4,-1.55508836
5695.3,5,-1.55508836
5695.35,9,-1.55508836
5695.4,4,-1.55508836
5695.45,5,-1.55508836
5695.5,5,-1.55508836
5695.55,11,-1.55508836
5695.6,5,-1.56294235
5695.65,6,-1.56294235
5695.7,5,-1.56294235
5695.75,12,-1.56294235
5695.8,6,-1.56294235
5695.85,6,-1.56294235
5695.9,7,-1.56294235
5695.95,13,-1.56294235
5696,7,-1.56294235
5696.05,6,-1.56294235
5696.1,7,-1.56294235
5696.15,15,-1.56294235
5696.2,8,-1.56294235
5696.25,7,-1.56294235
5696.3,15,-1.56294235
5696.35,8,-1.56294235
5696.4,8,-1.56294235
5696.45,17,-1.56294235
5696.5,8,-1.56294235
5696.55,9,-1.56294235
5696.6,8,-1.56294235
5696.65,18,-1.56294235
5696.7,9,-1.56294235
5696.75,9,-1.56294235
5696.8,10,-1.56294235
5696.85,19,-1.56294235
5696.9,9,-1.56294235
5696.95,10,-1.56294235
5697,10,-1.56294235
5697.05,21,-1.56294235
5697.1,10,-1.56294235
5697.15,10,-1.56294235
5697.2,11,-1.57079633
5697.25,22,-1.57079633
5697.3,11,-1.57079633
5697.35,11,-1.57079633
5697.4,11,-1.57079633
5697.45,23,-1.57079633
5697.5,12,-1.57079633
5697.55,12,-1.57079633
5697.6,12,-1.57079633
5697.65,24,-1.57079633
5697.7,13,-1.57079633
5697.75,12,-1.57079633
5697.8,13,-1.57079633
5697.85,26,-1.57079633
5697.9,13,-1.57079633
5697.95,13,-1.57079633
5698,13,-1.57079633
5698.05,27,-1.57079633
5698.1,14,-1.57079633
5698.15,14,-1.57079633
5698.2,14,-1.57079633
5698.25,28,-1.57079633
5698.3,14,-1.57079633
5698.35,15,-1.57079633
5698.4,15,-1.57079633
5698.45,29,-1.57079633
5698.5,15,-1.57079633
5698.55,15,-1.57079633
5698.6,31,-1.57079633
5698.65,16,-1.57079633
5698.7,15,-1.57079633
5698.75,16,-1.57079633
5698.8,32,-1.57079633
5698.85,16,-1.57079633
5698.9,17,-1.57079633
5698.95,16,-1.57079633
5699,34,-1.57079633
5699.05,16,-1.57079633
5699.1,17,-1.57079633
5699.15,17,-1.57079633
5699.2,35,-1.57079633
5699.25,18,-1.57079633
5699.3,17,-1.57079633
5699.35,18,-1.57079633
5699.4,36,-1.57079633
5699.45,18,-1.57079633
5699.5,19,-1.57079633
5699.55,37,-1.57079633
5699.6,18,-1.57079633
5699.65,19,-1.57079633
5699.7,19,-1.57079633
5699.75,38,-1.57079633
5699.8,20,-1.57079633
5699.85,19,-1.57079633
5699.9,20,-1.57079633
5699.95,40,-1.57079633
5700,20,-1.57079633
5700.05,20,-1.57079633
5700.1,20,-1.57079633
5700.15,41,-1.57079633
5700.2,21,-1.57079633
5700.25,21,-1.57079633
5700.3,21,-1.57079633
5700.35,42,-1.57079633
5700.4,22,-1.57079633
5700.45,21,-1.57079633
5700.5,39,-1.57079633
5700.55,12,-1.57079633
5700.6,5,-1.56294235
5700.65,0,-1.56294235
5700.7,0,-1.55508836
5700.75,0,-1.55508836
5700.8,0,-1.54723438
5700.85,0,-1.5393804
5700.9,0,-1.53152642
5700.95,0,-1.52367244
5701,0,-1.51581846
5701.05,0,-1.51581846
5701.1,0,-1.48440253
5701.15,0,-1.46869457
5701.2,0,-1.46084058
5701.25,0,-1.44513262
5701.3,0,-1.42157068
5701.35,0,-1.42157068
5701.4,0,-1.39015475
5701.45,0,-1.37444679
5701.5,0,-1.34303086
5701.55,0,-1.3273229
5701.6,0,-1.31161493
5701.65,0,-1.29590697
5701.7,0,-1.25663706
5701.75,0,-1.2409291
5701.8,0,-1.21736715
5701.85,0,-1.17809725
5701.9,0,-1.16238928
5701.95,0,-1.13882734
5702,0,-1.12311937
5702.05,0,-1.07599548
5702.1,0,-1.05243354
5702.15,0,-1.03672558
5702.2,0,-1.01316363
5702.25,0,-0.96603974
5702.3,0,-0.9424778
5702.35,0,-0.91891585
5702.4,0,-0.89535391
5702.45,0,-0.84823002
5702.5,0,-0.82466807
5702.55,0,-0.80896011
5702.6,0,-0.78539816
5702.65,0,-0.74612826
5702.7,0,-0.72256631
5702.75,0,-0.70685835
5702.8,0,-0.67544242
5702.85,0,-0.65188048
5702.9,0,-0.63617251
5702.95,0,-0.62046455
5703,0,-0.58904862
5703.05,0,-0.57334066
5703.1,0,-0.5576327
5703.15,0,-0.54192473
5703.2,0,-0.51836279
5703.25,0,-0.50265482
5703.3,0,-0.48694686
5703.35,0,-0.47909288
5703.4,0,-0.46338492
5703.45,0,-0.43982297
5703.5,0,-0.43196899
5703.55,0,-0.41626103
5703.6,0,-0.40055306
5703.65,0,-0.3848451
5703.7,0,-0.37699112
5703.75,0,-0.36913714
5703.8,0,-0.36128316
5703.85,0,-0.34557519
5703.9,0,-0.32986723
5703.95,0,-0.32201325
5704,0,-0.30630528
5704.05,0,-0.2984513
5704.1,0,-0.29059732
5704.15,0,-0.28274334
5704.2,0,-0.26703538
5704.25,0,-0.25918139
5704.3,0,-0.25132741
5704.35,0,-0.24347343
5704.4,0,-0.22776547
5704.45,0,-0.22776547
5704.5,0,-0.21991149
5704.55,0,-0.20420352
5704.6,0,-0.20420352
5704.65,0,-0.19634954
5704.7,0,-0.18849556
5704.75,0,-0.18064158
5704.8,0,-0.1727876
5704.85,0,-0.1727876
5704.9,0,-0.16493361
5704.95,0,-0.15707963
5705,0,-0.15707963
5705.05,0,-0.14922565
5705.1,0,-0.14137167
5705.15,0,-0.13351769
5705.2,0,-0.13351769
5705.25,0,-0.12566371
5705.3,0,-0.12566371
5705.35,0,-0.11780972
5705.4,0,-0.11780972
5705.45,0,-0.10995574
5705.5,0,-0.10210176
5705.55,0,-0.10210176
5705.6,0,-0.10210176
5705.65,0,-0.09424778
5705.7,0,-0.09424778
5705.75,0,-0.0863938
5705.8,0,-0.0863938
5705.85,0,-0.0863938
5705.9,0,-0.07853982
5705.95,0,-0.07853982
5706,0,-0.07068583
5706.05,0,-0.07068583
5706.1,0,-0.07068583
5706.15,0,-0.06283185
5706.2,0,-0.06283185
5706.25,0,-0.06283185
5706.3,0,-0.05497787
5706.35,0,-0.05497787
5706.4,0,-0.05497787
5706.45,0,-0.05497787
5706.5,0,-0.04712389
5706.55,0,-0.04712389
5706.6,0,-0.04712389
5706.65,0,-0.04712389
5706.7,0,-0.03926991
5706.75,0,-0.03926991
5706.8,0,-0.03926991
5706.85,0,-0.03926991
5706.9,0,-0.03141593
5706.95,0,-0.03141593
5707,0,-0.03141593
5707.05,0,-0.03141593
5707.1,0,-0.03141593
5707.15,0,-0.02356194
5707.2,0,-0.02356194
5707.25,0,-0.02356194
5707.3,0,-0.02356194
5707.35,0,-0.02356194
5707.4,0,-0.02356194
5707.45,0,-0.02356194
5707.5,0,-0.01570796
5707.55,0,-0.01570796
5707.6,1,-0.01570796
5707.65,0,-0.01570796
5707.7,1,-0.01570796
5707.75,1,-0.01570796
5707.8,1,-0.01570796
5707.85,1,-0.01570796
5707.9,2,-0.00785398
5707.95,1,-0.00785398
5708,2,-0.00785398
5708.05,3,-0.00785398
5708.1,2,-0.00785398
5708.15,2,-0.00785398
5708.2,2,-0.00785398
5708.25,5,-0.00785398
5708.3,0,-0.00785398
5708.35,5,0
5708.4,3,0
5708.45,6,0
5708.5,4,0
5708.55,3,0
5708.6,7,0
5708.65,4,0
5708.7,4,0
5708.75,4,0
5708.8,8,0
5708.85,4,0
5708.9,4,0
5708.95,5,0
5709,9,0
5709.05,6,0
5709.1,5,0
5709.15,5,0.00785398
5709.2,11,0.00785398
5709.25,6,0.00785398
5709.3,6,0.00785398
5709.35,6,0.00785398
5709.4,12,0.00785398
5709.45,7,0.00785398
5709.5,6,0.00785398
5709.55,7,0.00785398
5709.6,14,0.00785398
5709.65,7,0.00785398
5709.7,7,0.00785398
5709.75,7,0.00785398
5709.8,8,0.00785398
5709.85,15,0.00785398
5709.9,8,0.00785398
5709.95,8,0.00785398
5710,16,0.00785398
5710.05,9,0.00785398
5710.1,8,0.00785398
5710.15,9,0.00785398
5710.2,18,0.00785398
5710.25,9,0.00785398
5710.3,9,0.00785398
5710.35,19,0.00785398
5710.4,9,0.00785398
5710.45,10,0.00785398
5710.5,10,0.00785398
5710.55,20,0.00785398
5710.6,10,0.00785398
5710.65,10,0.00785398
5710.7,11,0.00785398
5710.75,21,0.01570796
5710.8,11,0.01570796
5710.85,11,0.01570796
5710.9,11,0.01570796
5710.95,23,0.01570796
5711,11,0.01570796
5711.05,12,0.01570796
5711.1,12,0.01570796
5711.15,24,0.01570796
5711.2,12,0.01570796
5711.25,13,0.01570796
5711.3,25,0.01570796
5711.35,13,0.01570796
5711.4,12,0.01570796
5711.45,13,0.01570796
5711.5,27,0.01570796
5711.55,13,0.01570796
5711.6,14,0.01570796
5711.65,13,0.01570796
5711.7,14,0.01570796
5711.75,28,0.01570796
5711.8,14,0.01570796
5711.85,15,0.00785398
5711.9,29,0.00785398
5711.95,14,0.00785398
5712,15,0.00785398
5712.05,15,0.00785398
5712.1,30,0.00785398
5712.15,16,0.00785398
5712.2,15,0.00785398
5712.25,16,0.00785398
5712.3,31,0.00785398
5712.35,17,0.00785398
5712.4,16,0.00785398
5712.45,16,0.00785398
5712.5,33,0.00785398
5712.55,17,0.00785398
5712.6,16,0.00785398
5712.65,34,0.00785398
5712.7,18,0.00785398
5712.75,17,0.00785398
5712.8,17,0.00785398
5712.85,36,0.00785398
5712.9,17,0.00785398
5712.95,18,0.00785398
5713,19,0.00785398
5713.05,37,0.00785398
5713.1,18,0.00785398
5713.15,19,0.00785398
5713.2,19,0.00785398
5713.25,38,0.00785398
5713.3,19,0.00785398
5713.35,19,0.00785398
5713.4,20,0.00785398
5713.45,39,0.00785398
5713.5,20,0.00785398
5713.55,20,0.00785398
5713.6,20,0.00785398
5713.65,41,0.00785398
5713.7,20,0.00785398
5713.75,21,0.00785398
5713.8,21,0.00785398
5713.85,42,0.00785398
5713.9,21,0.00785398
5713.95,21,0.00785398
5714,43,0.00785398
5714.05,22,0.00785398
5714.1,22,0.00785398
5714.15,22,0.00785398
5714.2,44,0.00785398
5714.25,22,0.00785398
5714.3,23,0.00785398
5714.35,23,0.00785398
5714.4,45,0.00785398
5714.45,23,0.00785398
5714.5,23,0.00785398
5714.55,24,0.00785398
5714.6,47,0.00785398
5714.65,23,0.00785398
5714.7,24,0.00785398
5714.75,24,0.00785398
5714.8,48,0.00785398
5714.85,25,0.00785398
5714.9,24,0.00785398
5714.95,25,0.00785398
5715,49,0.00785398
5715.05,25,0.00785398
5715.1,25,0.00785398
5715.15,26,0.00785398
5715.2,51,0.00785398
5715.25,25,0.00785398
5715.3,26,0.00785398
5715.35,26,0.00785398
5715.4,52,0.00785398
5715.45,27,0.00785398
5715.5,26,0.00785398
5715.55,27,0.00785398
5715.6,53,0.00785398
5715.65,27,0
5715.7,27,0
5715.75,55,0
5715.8,27,0
5715.85,28,0
5715.9,28,0
5715.95,56,0
5716,28,0
5716.05,28,0
5716.1,29,0
5716.15,57,0
5716.2,29,0
5716.25,58,0
5716.3,29,0
5716.35,29,0
5716.4,30,0
5716.45,59,0
5716.5,30,0
5716.55,30,0
5716.6,30,0
5716.65,61,0
5716.7,30,0
5716.75,30,0
5716.8,31,0
5716.85,62,0
5716.9,31,0
5716.95,31,0
5717,31,0
5717.05,63,0
5717.1,32,0
5717.15,32,0
5717.2,32,0
5717.25,64,-0.00785398
5717.3,33,-0.00785398
5717.35,32,-0.00785398
5717.4,33,-0.00785398
5717.45,33,-0.00785398
5717.5,66,-0.00785398
5717.55,34,-0.00785398
5717.6,33,-0.00785398
5717.65,68,-0.00785398
5717.7,34,-0.00785398
5717.75,33,-0.00785398
5717.8,34,-0.00785398
5717.85,69,-0.00785398
5717.9,35,-0.00785398
5717.95,34,-0.00785398
5718,35,-0.00785398
5718.05,70,-0.00785398
5718.1,35,-0.00785398
5718.15,35,-0.00785398
5718.2,36,-0.00785398
5718.25,71,-0.00785398
5718.3,36,-0.00785398
5718.35,35,-0.00785398
5718.4,37,-0.00785398
5718.45,72,-0.00785398
5718.5,37,-0.00785398
5718.55,36,-0.00785398
5718.6,37,-0.00785398
5718.65,38,-0.00785398
5718.7,74,-0.00785398
5718.75,37,-0.00785398
5718.8,38,-0.00785398
5718.85,75,-0.00785398
5718.9,38,-0.00785398
5718.95,38,-0.00785398
5719,76,-0.00785398
5719.05,38,-0.00785398
5719.1,39,-0.00785398
5719.15,38,-0.00785398
5719.2,78,-0.00785398
5719.25,39,-0.00785398
5719.3,39,-0.00785398
5719.35,39,-0.00785398
5719.4,79,-0.00785398
5719.45,39,-0.00785398
5719.5,40,-0.00785398
5719.55,40,-0.00785398
5719.6,40,-0.00785398
5719.65,81,-0.00785398
5719.7,40,-0.00785398
5719.75,41,-0.00785398
5719.8,81,-0.00785398
5719.85,41,-0.00785398
5719.9,41,-0.01570796
5719.95,41,-0.01570796
5720,81,-0.01570796
5720.05,41,-0.01570796
5720.1,41,-0.01570796
5720.15,41,-0.01570796
5720.2,83,-0.01570796
5720.25,41,-0.01570796
5720.3,40,-0.01570796
5720.35,82,-0.00785398
5720.4,41,-0.00785398
5720.45,41,-0.00785398
5720.5,41,-0.00785398
5720.55,41,-0.00785398
5720.6,81,-0.00785398
5720.65,41,-0.00785398
5720.7,41,-0.00785398
5720.75,82,-0.00785398
5720.8,41,-0.00785398
5720.85,41,-0.00785398
5720.9,40,-0.00785398
5720.95,82,-0.00785398
5721,41,-0.00785398
5721.05,41,-0.00785398
5721.1,41,-0.00785398
5721.15,82,-0.00785398
5721.2,41,-0.00785398
5721.25,41,-0.00785398
5721.3,40,-0.00785398
5721.35,82,-0.00785398
5721.4,41,-0.00785398
5721.45,41,-0.00785398
5721.5,41,-0.00785398
5721.55,82,-0.00785398
5721.6,40,-0.00785398
5721.65,41,-0.00785398
5721.7,41,-0.00785398
5721.75,82,-0.00785398
5721.8,41,-0.00785398
5721.85,41,-0.00785398
5721.9,41,-0.00785398
5721.95,81,-0.00785398
5722,41,-0.00785398
5722.05,41,-0.00785398
5722.1,82,-0.00785398
5722.15,41,-0.00785398
5722.2,41,-0.00785398
5722.25,40,-0.00785398
5722.3,82,-0.00785398
5722.35,41,-0.00785398
5722.4,41,-0.00785398
5722.45,41,-0.00785398
5722.5,82,-0.00785398
5722.55,40,-0.00785398
5722.6,41,-0.00785398
5722.65,41,-0.00785398
5722.7,82,-0.00785398
5722.75,41,-0.00785398
5722.8,41,-0.00785398
5722.85,41,-0.00785398
5722.9,42,-0.00785398
5722.95,82,-0.00785398
5723,40,-0.00785398
5723.05,82,-0.00785398
5723.1,41,-0.00785398
5723.15,41,-0.00785398
5723.2,41,-0.00785398
5723.25,82,-0.00785398
5723.3,40,-0.00785398
5723.35,41,-0.00785398
5723.4,41,-0.00785398
5723.45,82,-0.00785398
5723.5,41,-0.00785398
5723.55,40,-0.00785398
5723.6,41,-0.00785398
5723.65,82,-0.00785398
5723.7,41,-0.00785398
5723.75,41,-0.00785398
5723.8,41,-0.00785398
5723.85,81,-0.00785398
5723.9,41,-0.00785398
5723.95,41,-0.00785398
5724,41,-0.00785398
5724.05,82,-0.00785398
5724.1,41,-0.00785398
5724.15,41,-0.00785398
5724.2,41,-0.00785398
5724.25,81,-0.00785398
5724.3,41,-0.00785398
5724.35,41,-0.00785398
5724.4,82,-0.00785398
5724.45,40,-0.00785398
5724.5,41,-0.00785398
5724.55,40,-0.00785398
5724.6,81,-0.00785398
5724.65,40,-0.00785398
5724.7,39,-0.00785398
5724.75,40,-0.00785398
5724.8,76,-0.00785398
5724.85,30,-0.00785398
5724.9,24,-0.00785398
5724.95,18,-0.00785398
5725,11,-0.00785398
5725.05,6,0
5725.1,0,0
5725.15,0,-0.00785398
5725.2,0,-0.00785398
5725.25,0,-0.01570796
5725.3,0,-0.01570796
5725.35,0,-0.02356194
5725.4,0,-0.03141593
5725.45,0,-0.04712389
5725.5,0,-0.05497787
5725.55,0,-0.06283185
5725.6,0,-0.07853982
5725.65,0,-0.09424778
5725.7,0,-0.10210176
5725.75,0,-0.12566371
5725.8,0,-0.14137167
5725.85,0,-0.14922565
5725.9,0,-0.16493361
5725.95,0,-0.19634954
5726,0,-0.2120575
5726.05,0,-0.22776547
5726.1,0,-0.24347343
5726.15,0,-0.27488936
5726.2,0,-0.2984513
5726.25,0,-0.31415927
5726.3,0,-0.32986723
5726.35,0,-0.36913714
5726.4,0,-0.39269908
5726.45,0,-0.40840704
5726.5,0,-0.43196899
5726.55,0,-0.4712389
5726.6,0,-0.49480084
5726.65,0,-0.51836279
5726.7,0,-0.54192473
5726.75,0,-0.58904862
5726.8,0,-0.61261057
5726.85,0,-0.61261057
5726.9,0,-0.65973446
5726.95,0,-0.69900437
5727,0,-0.72256631
5727.05,0,-0.74612826
5727.1,0,-0.76183622
5727.15,0,-0.80896011
5727.2,0,-0.82466807
5727.25,0,-0.84037603
5727.3,0,-0.86393798
5727.35,0,-0.89535391
5727.4,0,-0.91106187
5727.45,0,-0.93462381
5727.5,0,-0.95033178
5727.55,0,-0.97389372
5727.6,0,-0.98960169
5727.65,0,-1.00530965
5727.7,0,-1.02101761
5727.75,0,-1.05243354
5727.8,0,-1.06028752
5727.85,0,-1.07599548
5727.9,0,-1.09955743
5727.95,0,-1.10741141
5728,0,-1.12311937
5728.05,0,-1.13097336
5728.1,0,-1.1545353
5728.15,0,-1.17024326
5728.2,0,-1.17809725
5728.25,0,-1.18595123
5728.3,0,-1.20951317
5728.35,0,-1.21736715
5728.4,0,-1.22522113
5728.45,0,-1.23307512
5728.5,0,-1.24878308
5728.55,0,-1.25663706
5728.6,0,-1.26449104
5728.65,0,-1.27234502
5728.7,0,-1.28805299
5728.75,0,-1.29590697
5728.8,0,-1.30376095
5728.85,0,-1.31946891
5728.9,0,-1.31946891
5728.95,0,-1.3273229
5729,0,-1.33517688
5729.05,0,-1.34303086
5729.1,0,-1.35088484
5729.15,0,-1.35873882
5729.2,0,-1.35873882
5729.25,0,-1.37444679
5729.3,0,-1.37444679
5729.35,0,-1.38230077
5729.4,0,-1.39015475
5729.45,0,-1.39800873
5729.5,0,-1.39800873
5729.55,0,-1.40586271
5729.6,0,-1.40586271
5729.65,0,-1.42157068
5729.7,0,-1.42157068
5729.75,0,-1.42157068
5729.8,0,-1.42942466
5729.85,0,-1.43727864
5729.9,0,-1.43727864
5729.95,0,-1.44513262
5730,0,-1.44513262
5730.05,0,-1.4529866
5730.1,0,-1.4529866
5730.15,0,-1.46084058
5730.2,0,-1.46084058
5730.25,0,-1.46869457
5730.3,0,-1.46869457
5730.35,0,-1.46869457
5730.4,0,-1.47654855
5730.45,0,-1.47654855
5730.5,0,-1.48440253
5730.55,0,-1.48440253
5730.6,0,-1.48440253
5730.65,0,-1.49225651
5730.7,0,-1.49225651
5730.75,0,-1.49225651
5730.8,0,-1.50011049
5730.85,0,-1.50011049
5730.9,0,-1.50011049
5730.95,0,-1.50011049
5731,0,-1.50796447
5731.05,0,-1.50796447
5731.1,0,-1.50796447
5731.15,0,-1.50796447
5731.2,0,-1.51581846
5731.25,0,-1.51581846
5731.3,0,-1.51581846
5731.35,0,-1.51581846
5731.4,0,-1.52367244
5731.45,0,-1.52367244
5731.5,0,-1.52367244
5731.55,0,-1.52367244
5731.6,0,-1.52367244
5731.65,0,-1.53152642
5731.7,0,-1.53152642
5731.75,0,-1.53152642
5731.8,0,-1.53152642
5731.85,0,-1.53152642
5731.9,0,-1.53152642
5731.95,0,-1.5393804
5732,0,-1.5393804
5732.05,0,-1.5393804
5732.1,0,-1.5393804
5732.15,2,-1.5393804
5732.2,0,-1.5393804
5732.25,1,-1.5393804
5732.3,1,-1.5393804
5732.35,3,-1.54723438
5732.4,1,-1.54723438
5732.45,2,-1.54723438
5732.5,3,-1.54723438
5732.55,2,-1.54723438
5732.6,2,-1.54723438
5732.65,2,-1.54723438
5732.7,5,-1.54723438
5732.75,3,-1.54723438
5732.8,2,-1.54723438
5732.85,3,-1.54723438
5732.9,6,-1.55508836
5732.95,4,-1.55508836
5733,3,-1.55508836
5733.05,3,-1.55508836
5733.1,8,-1.55508836
5733.15,4,-1.55508836
5733.2,4,-1.55508836
5733.25,4,-1.55508836
5733.3,9,-1.55508836
5733.35,4,-1.55508836
5733.4,5,-1.55508836
5733.45,5,-1.55508836
5733.5,10,-1.55508836
5733.55,5,-1.55508836
5733.6,6,-1.55508836
5733.65,5,-1.56294235
5733.7,12,-1.56294235
5733.75,6,-1.56294235
5733.8,6,-1.56294235
5733.85,6,-1.56294235
5733.9,12,-1.56294235
5733.95,7,-1.56294235
5734,7,-1.56294235
5734.05,7,-1.56294235
5734.1,14,-1.56294235
5734.15,7,-1.56294235
5734.2,7,-1.56294235
5734.25,15,-1.56294235
5734.3,8,-1.56294235
5734.35,8,-1.56294235
5734.4,8,-1.56294235
5734.45,16,-1.56294235
5734.5,8,-1.56294235
5734.55,9,-1.56294235
5734.6,9,-1.56294235
5734.65,17,-1.56294235
5734.7,9,-1.56294235
5734.75,10,-1.56294235
5734.8,18,-1.56294235
5734.85,10,-1.56294235
5734.9,10,-1.56294235
5734.95,9,-1.56294235
5735,20,-1.56294235
5735.05,11,-1.56294235
5735.1,10,-1.56294235
5735.15,11,-1.56294235
5735.2,21,-1.57079633
5735.25,11,-1.57079633
5735.3,11,-1.57079633
5735.35,11,-1.57079633
5735.4,23,-1.57079633
5735.45,11,-1.57079633
5735.5,12,-1.57079633
5735.55,24,-1.57079633
5735.6,12,-1.57079633
5735.65,12,-1.57079633
5735.7,12,-1.57079633
5735.75,25,-1.57079633
5735.8,13,-1.57079633
5735.85,13,-1.57079633
5735.9,13,-1.57079633
5735.95,26,-1.57079633
5736,13,-1.57079633
5736.05,14,-1.57079633
5736.1,13,-1.57079633
5736.15,14,-1.57079633
5736.2,28,-1.57079633
5736.25,14,-1.57079633
5736.3,15,-1.57079633
5736.35,29,-1.57079633
5736.4,14,-1.57079633
5736.45,15,-1.57079633
5736.5,15,-1.57079633
5736.55,30,-1.57079633
5736.6,16,-1.57079633
5736.65,15,-1.57079633
5736.7,16,-1.57079633
5736.75,32,-1.57079633
5736.8,16,-1.57079633
5736.85,16,-1.57079633
5736.9,16,-1.57079633
5736.95,33,-1.57079633
5737,17,-1.57079633
5737.05,17,-1.57079633
5737.1,17,-1.57079633
5737.15,34,-1.57079633
5737.2,17,-1.57079633
5737.25,18,-1.57079633
5737.3,17,-1.57079633
5737.35,36,-1.57079633
5737.4,18,-1.57079633
5737.45,18,-1.57079633
5737.5,19,-1.57079633
5737.55,36,-1.57079633
5737.6,19,-1.57079633
5737.65,19,-1.57079633
5737.7,19,-1.57079633
5737.75,39,-1.57079633
5737.8,19,-1.57079633
5737.85,20,-1.57079633
5737.9,39,-1.57079633
5737.95,20,-1.57079633
5738,20,-1.57079633
5738.05,20,-1.57079633
5738.1,20,-1.57079633
5738.15,41,-1.57079633
5738.2,21,-1.57079633
5738.25,20,-1.57079633
5738.3,42,-1.57079633
5738.35,22,-1.57079633
5738.4,21,-1.57079633
5738.45,21,-1.57079633
5738.5,25,-1.56294235
5738.55,3,-1.56294235
5738.6,0,-1.56294235
5738.65,0,-1.56294235
5738.7,0,-1.55508836
5738.75,0,-1.54723438
5738.8,0,-1.5393804
5738.85,0,-1.53152642
5738.9,0,-1.51581846
5738.95,0,-1.50796447
5739,0,-1.50011049
5739.05,0,-1.49225651
5739.1,0,-1.46869457
5739.15,0,-1.4529866
5739.2,0,-1.44513262
5739.25,0,-1.41371669
5739.3,0,-1.40586271
5739.35,0,-1.39015475
5739.4,0,-1.37444679
5739.45,0,-1.34303086
5739.5,0,-1.3273229
5739.55,0,-1.31161493
5739.6,0,-1.28805299
5739.65,0,-1.27234502
5739.7,0,-1.23307512
5739.75,0,-1.21736715
5739.8,0,-1.20165919
5739.85,0,-1.1545353
5739.9,0,-1.13882734
5739.95,0,-1.11526539
5740,0,-1.09170345
5740.05,0,-1.05243354
5740.1,0,-1.02887159
5740.15,0,-1.00530965
5740.2,0,-0.95818576
5740.25,0,-0.93462381
5740.3,0,-0.91106187
5740.35,0,-0.88749992
5740.4,0,-0.84823002
5740.45,0,-0.82466807
5740.5,0,-0.80110613
5740.55,0,-0.78539816
5740.6,0,-0.74612826
5740.65,0,-0.72256631
5740.7,0,-0.70685835
5740.75,0,-0.69115038
5740.8,0,-0.65188048
5740.85,0,-0.63617251
5740.9,0,-0.62046455
5740.95,0,-0.60475659
5741,0,-0.57334066
5741.05,0,-0.56548668
5741.1,0,-0.54977871
5741.15,0,-0.53407075
5741.2,0,-0.51050881
5741.25,0,-0.49480084
5741.3,0,-0.47909288
5741.35,0,-0.4712389
5741.4,0,-0.45553093
5741.45,0,-0.43196899
5741.5,0,-0.42411501
5741.55,0,-0.41626103
5741.6,0,-0.40055306
5741.65,0,-0.3848451
5741.7,0,-0.37699112
5741.75,0,-0.36128316
5741.8,0,-0.34557519
5741.85,0,-0.33772121
5741.9,0,-0.32986723
5741.95,0,-0.32201325
5742,0,-0.30630528
5742.05,0,-0.2984513
5742.1,0,-0.29059732
5742.15,0,-0.28274334
5742.2,0,-0.26703538
5742.25,0,-0.25918139
5742.3,0,-0.25132741
5742.35,0,-0.25132741
5742.4,0,-0.24347343
5742.45,0,-0.22776547
5742.5,0,-0.22776547
5742.55,0,-0.21991149
5742.6,0,-0.20420352
5742.65,0,-0.20420352
5742.7,0,-0.19634954
5742.75,0,-0.18849556
5742.8,0,-0.18064158
5742.85,0,-0.18064158
5742.9,0,-0.1727876
5742.95,0,-0.16493361
5743,0,-0.16493361
5743.05,0,-0.15707963
5743.1,0,-0.14922565
5743.15,0,-0.14922565
5743.2,0,-0.14137167
5743.25,0,-0.14137167
5743.3,0,-0.13351769
5743.35,0,-0.12566371
5743.4,0,-0.12566371
5743.45,0,-0.11780972
5743.5,0,-0.11780972
5743.55,0,-0.10995574
5743.6,0,-0.10995574
5743.65,0,-0.10995574
5743.7,0,-0.10210176
5743.75,0,-0.10210176
5743.8,0,-0.09424778
5743.85,0,-0.09424778
5743.9,0,-0.09424778
5743.95,0,-0.0863938
5744,0,-0.0863938
5744.05,0,-0.0863938
5744.1,0,-0.07853982
5744.15,0,-0.07853982
5744.2,0,-0.07853982
5744.25,0,-0.07068583
5744.3,0,-0.07068583
5744.35,0,-0.07068583
5744.4,0,-0.06283185
5744.45,0,-0.06283185
5744.5,0,-0.06283185
5744.55,0,-0.06283185
5744.6,0,-0.05497787
5744.65,0,-0.05497787
5744.7,0,-0.05497787
5744.75,0,-0.05497787
5744.8,0,-0.05497787
5744.85,0,-0.04712389
5744.9,0,-0.04712389
5744.95,0,-0.04712389
5745,0,-0.04712389
5745.05,0,-0.03926991
5745.1,0,-0.03926991
5745.15,0,-0.03926991
5745.2,0,-0.03926991
5745.25,0,-0.03926991
5745.3,0,-0.03926991
5745.35,0,-0.03926991
5745.4,0,-0.03141593
5745.45,0,-0.03141593
5745.5,1,-0.03141593
5745.55,0,-0.03141593
5745.6,1,-0.03141593
5745.65,1,-0.03141593
5745.7,1,-0.03141593
5745.75,1,-0.03141593
5745.8,2,-0.02356194
5745.85,2,-0.02356194
5745.9,1,-0.02356194
5745.95,2,-0.02356194
5746,4,-0.02356194
5746.05,2,-0.02356194
5746.1,2,-0.02356194
5746.15,2,-0.02356194
5746.2,5,-0.02356194
5746.25,3,-0.02356194
5746.3,3,-0.01570796
5746.35,3,-0.01570796
5746.4,6,-0.01570796
5746.45,4,-0.01570796
5746.5,3,-0.01570796
5746.55,4,-0.01570796
5746.6,8,-0.01570796
5746.65,4,-0.01570796
5746.7,4,-0.01570796
5746.75,4,-0.01570796
5746.8,10,-0.01570796
5746.85,0,-0.01570796
5746.9,10,-0.01570796
5746.95,5,-0.01570796
5747,10,-0.01570796
5747.05,5,-0.00785398
5747.1,6,-0.00785398
5747.15,6,-0.00785398
5747.2,11,-0.00785398
5747.25,7,-0.00785398
5747.3,6,-0.00785398
5747.35,12,-0.00785398
5747.4,7,-0.00785398
5747.45,7,-0.00785398
5747.5,7,-0.00785398
5747.55,14,-0.00785398
5747.6,7,-0.00785398
5747.65,7,-0.00785398
5747.7,8,-0.00785398
5747.75,7,-0.00785398
5747.8,16,-0.00785398
5747.85,8,-0.00785398
5747.9,8,-0.00785398
5747.95,17,-0.00785398
5748,9,-0.00785398
5748.05,8,-0.00785398
5748.1,9,-0.00785398
5748.15,18,-0.00785398
5748.2,9,-0.00785398
5748.25,10,-0.00785398
5748.3,19,-0.00785398
5748.35,9,-0.00785398
5748.4,10,-0.00785398
5748.45,10,-0.00785398
5748.5,10,-0.00785398
5748.55,21,-0.00785398
5748.6,11,-0.00785398
5748.65,10,0
5748.7,22,0
5748.75,11,0
5748.8,11,0
5748.85,12,0
5748.9,23,0
5748.95,11,0
5749,12,0
5749.05,12,0
5749.1,25,0
5749.15,12,0
5749.2,13,0
5749.25,12,0
5749.3,26,0
5749.35,13,0
5749.4,13,0
5749.45,13,0
5749.5,28,0
5749.55,13,0
5749.6,14,0
5749.65,28,0
5749.7,14,0
5749.75,15,0
5749.8,14,0
5749.85,29,0
5749.9,15,0
5749.95,15,0
5750,31,0
5750.05,15,0
5750.1,16,0
5750.15,15,0
5750.2,32,0
5750.25,16,0
5750.3,16,0
5750.35,16,0
5750.4,17,0
5750.45,33,0
5750.5,17,0
5750.55,17,0
5750.6,34,0
5750.65,18,0
5750.7,17,0
5750.75,18,0
5750.8,35,0
5750.85,18,0
5750.9,18,0
5750.95,19,0
5751,37,0
5751.05,18,0
5751.1,19,0
5751.15,19,0
5751.2,38,0
5751.25,20,-0.00785398
5751.3,19,-0.00785398
5751.35,20,-0.00785398
5751.4,40,-0.00785398
5751.45,20,-0.00785398
5751.5,20,-0.00785398
5751.55,20,-0.00785398
5751.6,41,-0.00785398
5751.65,21,-0.00785398
5751.7,20,-0.00785398
5751.75,21,-0.00785398
5751.8,43,-0.00785398
5751.85,21,-0.00785398
5751.9,22,-0.00785398
5751.95,43,-0.00785398
5752,22,-0.00785398
5752.05,22,-0.00785398
5752.1,22,-0.00785398
5752.15,45,-0.00785398
5752.2,22,-0.00785398
5752.25,23,-0.00785398
5752.3,23,-0.00785398
5752.35,46,-0.00785398
5752.4,23,-0.00785398
5752.45,23,-0.00785398
5752.5,23,-0.00785398
5752.55,47,-0.00785398
5752.6,24,-0.00785398
5752.65,24,-0.00785398
5752.7,24,-0.00785398
5752.75,48,-0.00785398
5752.8,25,-0.00785398
5752.85,24,-0.00785398
5752.9,25,-0.00785398
5752.95,50,-0.00785398
5753,25,-0.00785398
5753.05,26,-0.00785398
5753.1,25,-0.00785398
5753.15,51,-0.00785398
5753.2,26,-0.00785398
5753.25,26,-0.00785398
5753.3,52,-0.00785398
5753.35,27,-0.00785398
5753.4,26,-0.00785398
5753.45,27,-0.00785398
5753.5,53,-0.00785398
5753.55,27,-0.00785398
5753.6,27,-0.00785398
5753.65,28,-0.00785398
5753.7,55,-0.00785398
5753.75,27,-0.00785398
5753.8,28,-0.00785398
5753.85,28,-0.00785398
5753.9,56,-0.00785398
5753.95,28,-0.00785398
5754,29,-0.00785398
5754.05,28,-0.00785398
5754.1,58,-0.00785398
5754.15,29,-0.00785398
5754.2,29,-0.00785398
5754.25,29,-0.00785398
5754.3,59,-0.00785398
5754.35,30,-0.00785398
5754.4,30,-0.00785398
5754.45,30,-0.00785398
5754.5,60,-0.00785398
5754.55,30,-0.00785398
5754.6,30,-0.00785398
5754.65,62,-0.00785398
5754.7,31,-0.00785398
5754.75,31,-0.00785398
5754.8,31,-0.00785398
5754.85,62,-0.00785398
5754.9,32,-0.00785398
5754.95,31,-0.00785398
5755,32,-0.00785398
5755.05,33,-0.00785398
5755.1,64,-0.00785398
5755.15,33,-0.00785398
5755.2,32,-0.00785398
5755.25,65,-0.00785398
5755.3,33,-0.00785398
5755.35,33,-0.00785398
5755.4,33,-0.00785398
5755.45,67,-0.00785398
5755.5,33,-0.00785398
5755.55,34,-0.00785398
5755.6,33,-0.00785398
5755.65,68,-0.00785398
5755.7,34,-0.00785398
5755.75,35,-0.00785398
5755.8,34,-0.00785398
5755.85,69,-0.00785398
5755.9,35,-0.00785398
5755.95,35,-0.00785398
5756,70,-0.00785398
5756.05,35,-0.00785398
5756.1,36,-0.00785398
5756.15,35,-0.00785398
5756.2,72,-0.00785398
5756.25,36,-0.00785398
5756.3,36,-0.00785398
5756.35,36,-0.00785398
5756.4,73,-0.00785398
5756.45,37,-0.00785398
5756.5,37,-0.00785398
5756.55,37,-0.00785398
5756.6,74,-0.00785398
5756.65,0,-0.00785398
5756.7,74,-0.00785398
5756.75,38,-0.00785398
5756.8,76,-0.00785398
5756.85,37,-0.00785398
5756.9,39,-0.00785398
5756.95,77,-0.00785398
5757,39,-0.00785398
5757.05,38,-0.00785398
5757.1,39,-0.00785398
5757.15,78,-0.00785398
5757.2,39,-0.00785398
5757.25,39,-0.00785398
5757.3,40,-0.00785398
5757.35,79,-0.00785398
5757.4,40,-0.00785398
5757.45,40,-0.00785398
5757.5,80,-0.00785398
5757.55,40,0
5757.6,41,0
5757.65,40,0
5757.7,83,0
5757.75,41,0
5757.8,41,0
5757.85,40,-0.00785398
5757.9,82,-0.00785398
5757.95,41,-0.00785398
5758,41,-0.00785398
5758.05,41,0
5758.1,82,0
5758.15,41,0
5758.2,40,0
5758.25,41,0
5758.3,82,0
5758.35,41,0
5758.4,41,-0.00785398
5758.45,41,-0.00785398
5758.5,81,0
5758.55,41,0
5758.6,41,0
5758.65,41,0
5758.7,82,-0.00785398
5758.75,40,-0.00785398
5758.8,41,-0.00785398
5758.85,82,0
5758.9,41,0
5758.95,41,0
5759,41,0
5759.05,82,0
5759.1,40,0
5759.15,41,0
5759.2,41,0
5759.25,83,-0.00785398
5759.3,41,-0.00785398
5759.35,41,0
5759.4,41,0
5759.45,81,0
5759.5,41,0
5759.55,41,0
5759.6,41,0
5759.65,84,0
5759.7,41,0
5759.75,41,-0.00785398
5759.8,82,0
5759.85,41,0
5759.9,41,0
5759.95,40,-0.00785398
5760,41,-0.00785398
5760.05,82,0
5760.1,41,0
5760.15,41,0
5760.2,82,0
5760.25,41,0
5760.3,40,0
5760.35,41,-0.00785398
5760.4,82,0
5760.45,41,0
5760.5,41,0
5760.55,41,-0.00785398
5760.6,81,0
5760.65,41,0
5760.7,41,0
5760.75,41,0
5760.8,82,-0.00785398
5760.85,41,-0.00785398
5760.9,40,0
5760.95,41,0
5761,82,0
5761.05,41,0
5761.1,41,0
5761.15,81,0
5761.2,41,0
5761.25,41,0
5761.3,41,0
5761.35,82,0
5761.4,41,0
5761.45,41,0
5761.5,40,0
5761.55,82,0
5761.6,41,0
5761.65,41,-0.00785398
5761.7,41,-0.00785398
5761.75,82,0
5761.8,41,0
5761.85,40,0
5761.9,41,0
5761.95,84,0
5762,41,0
5762.05,41,0
5762.1,82,0
5762.15,41,0
5762.2,40,0
5762.25,41,-0.00785398
5762.3,41,-0.00785398
5762.35,82,-0.00785398
5762.4,40,-0.00785398
5762.45,40,-0.00785398
5762.5,81,-0.00785398
5762.55,40,-0.00785398
5762.6,40,-0.00785398
5762.65,39,-0.00785398
5762.7,75,-0.00785398
5762.75,28,-0.00785398
5762.8,23,-0.00785398
5762.85,16,-0.00785398
5762.9,14,-0.00785398
5762.95,0,-0.00785398
5763,0,-0.00785398
5763.05,0,-0.01570796
5763.1,0,-0.02356194
5763.15,0,-0.02356194
5763.2,0,-0.03141593
5763.25,0,-0.04712389
5763.3,0,-0.05497787
5763.35,0,-0.06283185
5763.4,0,-0.07068583
5763.45,0,-0.09424778
5763.5,0,-0.10210176
5763.55,0,-0.11780972
5763.6,0,-0.13351769
5763.65,0,-0.15707963
5763.7,0,-0.1727876
5763.75,0,-0.18849556
5763.8,0,-0.19634954
5763.85,0,-0.23561945
5763.9,0,-0.25132741
5763.95,0,-0.26703538
5764,0,-0.28274334
5764.05,0,-0.32201325
5764.1,0,-0.33772121
5764.15,0,-0.35342917
5764.2,0,-0.37699112
5764.25,0,-0.41626103
5764.3,0,-0.43982297
5764.35,0,-0.45553093
5764.4,0,-0.50265482
5764.45,0,-0.52621677
5764.5,0,-0.54977871
5764.55,0,-0.56548668
5764.6,0,-0.61261057
5764.65,0,-0.63617251
5764.7,0,-0.65973446
5764.75,0,-0.6832964
5764.8,0,-0.73042029
5764.85,0,-0.75398224
5764.9,0,-0.7696902
5764.95,0,-0.79325215
5765,0,-0.80896011
5765.05,0,-0.84823002
5765.1,0,-0.86393798
5765.15,0,-0.88749992
5765.2,0,-0.91891585
5765.25,0,-0.93462381
5765.3,0,-0.95033178
5765.35,0,-0.96603974
5765.4,0,-0.99745567
5765.45,0,-1.01316363
5765.5,0,-1.02887159
5765.55,0,-1.03672558
5765.6,0,-1.05243354
5765.65,0,-1.07599548
5765.7,0,-1.09170345
5765.75,0,-1.09955743
5765.8,0,-1.11526539
5765.85,0,-1.13882734
5765.9,0,-1.14668132
5765.95,0,-1.16238928
5766,0,-1.17809725
5766.05,0,-1.18595123
5766.1,0,-1.20165919
5766.15,0,-1.21736715
5766.2,0,-1.22522113
5766.25,0,-1.23307512
5766.3,0,-1.2409291
5766.35,0,-1.25663706
5766.4,0,-1.26449104
5766.45,0,-1.27234502
5766.5,0,-1.28019901
5766.55,0,-1.29590697
5766.6,0,-1.30376095
5766.65,0,-1.31161493
5766.7,0,-1.3273229
5766.75,0,-1.3273229
5766.8,0,-1.33517688
5766.85,0,-1.34303086
5766.9,0,-1.35088484
5766.95,0,-1.35873882
5767,0,-1.3665928
5767.05,0,-1.3665928
5767.1,0,-1.38230077
5767.15,0,-1.38230077
5767.2,0,-1.39015475
5767.25,0,-1.39015475
5767.3,0,-1.40586271
5767.35,0,-1.40586271
5767.4,0,-1.41371669
5767.45,0,-1.41371669
5767.5,0,-1.42157068
5767.55,0,-1.42942466
5767.6,0,-1.42942466
5767.65,0,-1.43727864
5767.7,0,-1.43727864
5767.75,0,-1.44513262
5767.8,0,-1.44513262
5767.85,0,-1.4529866
5767.9,0,-1.4529866
5767.95,0,-1.46084058
5768,0,-1.46084058
5768.05,0,-1.46869457
5768.1,0,-1.46869457
5768.15,0,-1.46869457
5768.2,0,-1.47654855
5768.25,0,-1.47654855
5768.3,0,-1.48440253
5768.35,0,-1.48440253
5768.4,0,-1.49225651
5768.45,0,-1.49225651
5768.5,0,-1.49225651
5768.55,0,-1.49225651
5768.6,0,-1.50011049
5768.65,0,-1.50011049
5768.7,0,-1.50011049
5768.75,0,-1.50011049
5768.8,0,-1.50796447
5768.85,0,-1.50796447
5768.9,0,-1.50796447
5768.95,0,-1.50796447
5769,0,-1.51581846
5769.05,0,-1.51581846
5769.1,0,-1.51581846
5769.15,0,-1.52367244
5769.2,0,-1.52367244
5769.25,0,-1.52367244
5769.3,0,-1.52367244
5769.35,0,-1.52367244
5769.4,0,-1.52367244
5769.45,0,-1.53152642
5769.5,0,-1.53152642
5769.55,0,-1.53152642
5769.6,0,-1.53152642
5769.65,0,-1.53152642
5769.7,0,-1.53152642
5769.75,0,-1.5393804
5769.8,0,-1.5393804
5769.85,0,-1.5393804
5769.9,1,-1.5393804
5769.95,1,-1.5393804
5770,1,-1.5393804
5770.05,0,-1.5393804
5770.1,1,-1.5393804
5770.15,3,-1.54723438
5770.2,1,-1.54723438
5770.25,2,-1.54723438
5770.3,2,-1.54723438
5770.35,3,-1.54723438
5770.4,2,-1.54723438
5770.45,3,-1.54723438
5770.5,4,-1.54723438
5770.55,3,-1.54723438
5770.6,3,-1.54723438
5770.65,3,-1.55508836
5770.7,6,-1.55508836
5770.75,3,-1.55508836
5770.8,3,-1.55508836
5770.85,4,-1.55508836
5770.9,7,-1.55508836
5770.95,4,-1.55508836
5771,4,-1.55508836
5771.05,9,-1.55508836
5771.1,4,-1.55508836
5771.15,4,-1.55508836
5771.2,5,-1.55508836
5771.25,10,-1.55508836
5771.3,5,-1.55508836
5771.35,5,-1.55508836
5771.4,6,-1.55508836
5771.45,11,-1.56294235
5771.5,5,-1.56294235
5771.55,6,-1.56294235
5771.6,6,-1.56294235
5771.65,13,-1.56294235
5771.7,6,-1.56294235
5771.75,7,-1.56294235
5771.8,6,-1.56294235
5771.85,14,-1.56294235
5771.9,7,-1.56294235
5771.95,7,-1.56294235
5772,8,-1.56294235
5772.05,15,-1.56294235
5772.1,7,-1.56294235
5772.15,8,-1.56294235
5772.2,8,-1.56294235
5772.25,17,-1.56294235
5772.3,8,-1.56294235
5772.35,9,-1.56294235
5772.4,8,-1.56294235
5772.45,18,-1.56294235
5772.5,9,-1.56294235
5772.55,9,-1.56294235
5772.6,9,-1.56294235
5772.65,20,-1.56294235
5772.7,9,-1.56294235
5772.75,10,-1.56294235
5772.8,20,-1.56294235
5772.85,11,-1.56294235
5772.9,10,-1.56294235
5772.95,10,-1.56294235
5773,22,-1.57079633
5773.05,11,-1.57079633
5773.1,11,-1.57079633
5773.15,11,-1.57079633
5773.2,23,-1.57079633
5773.25,12,-1.57079633
5773.3,11,-1.57079633
5773.35,24,-1.57079633
5773.4,12,-1.57079633
5773.45,12,-1.57079633
5773.5,13,-1.57079633
5773.55,25,-1.57079633
5773.6,12,-1.57079633
5773.65,13,-1.57079633
5773.7,13,-1.57079633
5773.75,27,-1.57079633
5773.8,13,-1.57079633
5773.85,14,-1.57079633
5773.9,13,-1.57079633
5773.95,28,-1.57079633
5774,14,-1.57079633
5774.05,14,-1.57079633
5774.1,14,-1.57079633
5774.15,29,-1.57079633
5774.2,15,-1.57079633
5774.25,15,-1.57079633
5774.3,15,-1.57079633
5774.35,30,-1.57079633
5774.4,16,-1.57079633
5774.45,15,-1.57079633
5774.5,16,-1.57079633
5774.55,16,-1.57079633
5774.6,31,-1.57079633
5774.65,17,-1.57079633
5774.7,32,-1.57079633
5774.75,17,-1.57079633
5774.8,16,-1.57079633
5774.85,17,-1.57079633
5774.9,34,-1.57079633
5774.95,17,-1.57079633
5775,18,-1.57079633
5775.05,17,-1.57079633
5775.1,36,-1.57079633
5775.15,17,-1.57079633
5775.2,18,-1.57079633
5775.25,37,-1.57079633
5775.3,18,-1.57079633
5775.35,19,-1.57079633
5775.4,18,-1.57079633
5775.45,38,-1.57079633
5775.5,19,-1.57079633
5775.55,19,-1.57079633
5775.6,19,-1.57079633
5775.65,40,-1.57079633
5775.7,19,-1.57079633
5775.75,20,-1.57079633
5775.8,20,-1.57079633
5775.85,41,-1.57079633
5775.9,20,-1.57079633
5775.95,20,-1.57079633
5776,21,-1.57079633
5776.05,42,-1.57079633
5776.1,21,-1.57079633
5776.15,21,-1.57079633
5776.2,21,-1.57079633
5776.25,43,-1.57079633
5776.3,21,-1.57079633
5776.35,16,-1.57079633
5776.4,9,-1.56294235
5776.45,4,-1.56294235
5776.5,0,-1.56294235
5776.55,0,-1.55508836
5776.6,0,-1.54723438
5776.65,0,-1.5393804
5776.7,0,-1.53152642
5776.75,0,-1.52367244
5776.8,0,-1.50796447
5776.85,0,-1.50011049
5776.9,0,-1.48440253
5776.95,0,-1.47654855
5777,0,-1.4529866
5777.05,0,-1.43727864
5777.1,0,-1.42942466
5777.15,0,-1.41371669
5777.2,0,-1.38230077
5777.25,0,-1.3665928
5777.3,0,-1.35088484
5777.35,0,-1.33517688
5777.4,0,-1.30376095
5777.45,0,-1.28805299
5777.5,0,-1.26449104
5777.55,0,-1.23307512
5777.6,0,-1.20951317
5777.65,0,-1.19380521
5777.7,0,-1.17024326
5777.75,0,-1.13097336
5777.8,0,-1.10741141
5777.85,0,-1.08384947
5777.9,0,-1.0681415
5777.95,0,-1.02101761
5778,0,-0.99745567
5778.05,0,-0.97389372
5778.1,0,-0.92676983
5778.15,0,-0.90320789
5778.2,0,-0.87964594
5778.25,0,-0.856084
5778.3,0,-0.81681409
5778.35,0,-0.79325215
5778.4,0,-0.77754418
5778.45,0,-0.75398224
5778.5,0,-0.71471233
5778.55,0,-0.69900437
5778.6,0,-0.6832964
5778.65,0,-0.65973446
5778.7,0,-0.62831853
5778.75,0,-0.61261057
5778.8,0,-0.5969026
5778.85,0,-0.58119464
5778.9,0,-0.54977871
5778.95,0,-0.53407075
5779,0,-0.52621677
5779.05,0,-0.51050881
5779.1,0,-0.48694686
5779.15,0,-0.4712389
5779.2,0,-0.45553093
5779.25,0,-0.44767695
5779.3,0,-0.42411501
5779.35,0,-0.41626103
5779.4,0,-0.40055306
5779.45,0,-0.39269908
5779.5,0,-0.36913714
5779.55,0,-0.36128316
5779.6,0,-0.35342917
5779.65,0,-0.34557519
5779.7,0,-0.32201325
5779.75,0,-0.31415927
5779.8,0,-0.30630528
5779.85,0,-0.2984513
5779.9,0,-0.28274334
5779.95,0,-0.27488936
5780,0,-0.26703538
5780.05,0,-0.25918139
5780.1,0,-0.25132741
5780.15,0,-0.24347343
5780.2,0,-0.23561945
5780.25,0,-0.21991149
5780.3,0,-0.21991149
5780.35,0,-0.2120575
5780.4,0,-0.19634954
5780.45,0,-0.19634954
5780.5,0,-0.18849556
5780.55,0,-0.18064158
5780.6,0,-0.1727876
5780.65,0,-0.1727876
5780.7,0,-0.16493361
5780.75,0,-0.15707963
5780.8,0,-0.14922565
5780.85,0,-0.14922565
5780.9,0,-0.14137167
5780.95,0,-0.14137167
5781,0,-0.13351769
5781.05,0,-0.12566371
5781.1,0,-0.12566371
5781.15,0,-0.11780972
5781.2,0,-0.10995574
5781.25,0,-0.10995574
5781.3,0,-0.10995574
5781.35,0,-0.10210176
5781.4,0,-0.10210176
5781.45,0,-0.09424778
5781.5,0,-0.09424778
5781.55,0,-0.0863938
5781.6,0,-0.0863938
5781.65,0,-0.07853982
5781.7,0,-0.07853982
5781.75,0,-0.07853982
5781.8,0,-0.07853982
5781.85,0,-0.07068583
5781.9,0,-0.07068583
5781.95,0,-0.06283185
5782,0,-0.06283185
5782.05,0,-0.06283185
5782.1,0,-0.05497787
5782.15,0,-0.05497787
5782.2,0,-0.05497787
5782.25,0,-0.05497787
5782.3,0,-0.04712389
5782.35,0,-0.04712389
5782.4,0,-0.04712389
5782.45,0,-0.03926991
5782.5,0,-0.03926991
5782.55,0,-0.03926991
5782.6,0,-0.03926991
5782.65,0,-0.03926991
5782.7,0,-0.03141593
5782.75,0,-0.03141593
5782.8,0,-0.03141593
5782.85,0,-0.03141593
5782.9,0,-0.03141593
5782.95,0,-0.03141593
5783,0,-0.02356194
5783.05,0,-0.02356194
5783.1,0,-0.02356194
5783.15,0,-0.02356194
5783.2,0,-0.02356194
5783.25,0,-0.01570796
5783.3,0,-0.01570796
5783.35,0,-0.01570796
5783.4,1,-0.01570796
5783.45,0,-0.01570796
5783.5,1,-0.01570796
5783.55,1,-0.01570796
5783.6,2,-0.01570796
5783.65,1,-0.00785398
5783.7,2,-0.00785398
5783.75,3,-0.00785398
5783.8,1,-0.00785398
5783.85,2,-0.00785398
5783.9,4,-0.00785398
5783.95,3,-0.00785398
5784,2,-0.00785398
5784.05,3,-0.00785398
5784.1,2,-0.00785398
5784.15,6,0
5784.2,3,0
5784.25,3,0
5784.3,4,0
5784.35,7,0
5784.4,3,0
5784.45,4,0
5784.5,4,0
5784.55,9,0
5784.6,4,0
5784.65,5,0
5784.7,9,0
5784.75,5,0
5784.8,5,0
5784.85,5,0
5784.9,5,0
5784.95,11,0.00785398
5785,6,0.00785398
5785.05,6,0.00785398
5785.1,12,0.00785398
5785.15,6,0.00785398
5785.2,7,0.00785398
5785.25,6,0.00785398
5785.3,7,0.00785398
5785.35,14,0.00785398
5785.4,7,0.00785398
5785.45,7,0.00785398
5785.5,15,0.00785398
5785.55,7,0.00785398
5785.6,8,0.00785398
5785.65,16,0.00785398
5785.7,8,0.00785398
5785.75,8,0.00785398
5785.8,8,0.00785398
5785.85,9,0.00785398
5785.9,17,0.00785398
5785.95,9,0.00785398
5786,9,0.00785398
5786.05,18,0.00785398
5786.1,10,0.00785398
5786.15,9,0.00785398
5786.2,20,0.00785398
5786.25,10,0.00785398
5786.3,10,0.00785398
5786.35,10,0.00785398
5786.4,20,0.00785398
5786.45,11,0.00785398
5786.5,11,0.00785398
5786.55,10,0.01570796
5786.6,23,0.01570796
5786.65,11,0.01570796
5786.7,11,0.01570796
5786.75,23,0.01570796
5786.8,12,0.01570796
5786.85,12,0.01570796
5786.9,12,0.01570796
5786.95,24,0.01570796
5787,12,0.01570796
5787.05,13,0.01570796
5787.1,12,0.01570796
5787.15,26,0.01570796
5787.2,13,0.01570796
5787.25,13,0.01570796
5787.3,14,0.01570796
5787.35,27,0.01570796
5787.4,13,0.01570796
5787.45,14,0.01570796
5787.5,14,0.01570796
5787.55,28,0.01570796
5787.6,15,0.01570796
5787.65,14,0.01570796
5787.7,30,0.01570796
5787.75,14,0.01570796
5787.8,15,0.01570796
5787.85,16,0.01570796
5787.9,30,0.01570796
5787.95,16,0.01570796
5788,16,0.00785398
5788.05,15,0.00785398
5788.1,32,0.00785398
5788.15,16,0.00785398
5788.2,17,0.00785398
5788.25,16,0.00785398
5788.3,17,0.00785398
5788.35,33,0.00785398
5788.4,17,0.00785398
5788.45,18,0.00785398
5788.5,34,0.00785398
5788.55,18,0.00785398
5788.6,17,0.00785398
5788.65,18,0.00785398
5788.7,36,0.00785398
5788.75,18,0.00785398
5788.8,19,0.00785398
5788.85,18,0.00785398
5788.9,37,0.00785398
5788.95,19,0.00785398
5789,19,0.00785398
5789.05,19,0.00785398
5789.1,39,0.00785398
5789.15,19,0.00785398
5789.2,20,0.00785398
5789.25,20,0.00785398
5789.3,40,0.00785398
5789.35,20,0.00785398
5789.4,20,0.00785398
5789.45,21,0.00785398
5789.5,41,0.00785398
5789.55,21,0.00785398
5789.6,21,0.00785398
5789.65,21,0.00785398
5789.7,43,0.00785398
5789.75,21,0.00785398
5789.8,22,0.00785398
5789.85,22,0.00785398
5789.9,44,0.00785398
5789.95,22,0.00785398
5790,22,0.00785398
5790.05,23,0.00785398
5790.1,45,0.00785398
5790.15,23,0.00785398
5790.2,23,0.00785398
5790.25,47,0.00785398
5790.3,23,0.00785398
5790.35,23,0.00785398
5790.4,24,0.00785398
5790.45,48,0.00785398
5790.5,24,0.00785398
5790.55,24,0.00785398
5790.6,24,0.00785398
5790.65,49,0.00785398
5790.7,25,0.00785398
5790.75,24,0.00785398
5790.8,25,0.00785398
5790.85,51,0.00785398
5790.9,25,0.00785398
5790.95,25,0.00785398
5791,26,0.00785398
5791.05,51,0.00785398
5791.1,27,0.00785398
5791.15,26,0.00785398
5791.2,26,0.00785398
5791.25,53,0.00785398
5791.3,27,0.00785398
5791.35,26,0.00785398
5791.4,27,0.00785398
5791.45,54,0.00785398
5791.5,28,0.00785398
5791.55,27,0.00785398
5791.6,28,0.00785398
5791.65,55,0.00785398
5791.7,28,0.00785398
5791.75,29,0.00785398
5791.8,28,0.00785398
5791.85,57,0.00785398
5791.9,28,0.00785398
5791.95,29,0
5792,58,0
5792.05,29,0
5792.1,29,0
5792.15,30,0
5792.2,59,0
5792.25,30,0
5792.3,30,0
5792.35,30,0
5792.4,60,0
5792.45,31,0
5792.5,30,0
5792.55,62,0
5792.6,31,0
5792.65,31,0
5792.7,31,0
5792.75,63,0
5792.8,32,0
5792.85,32,0
5792.9,32,0
5792.95,64,0
5793,32,0
5793.05,33,0
5793.1,32,0
5793.15,66,0
5793.2,0,0
5793.25,66,0
5793.3,33,0
5793.35,67,0
5793.4,33,0
5793.45,34,0
5793.5,34,0
5793.55,68,-0.00785398
5793.6,35,-0.00785398
5793.65,34,-0.00785398
5793.7,35,-0.00785398
5793.75,69,-0.00785398
5793.8,35,-0.00785398
5793.85,35,-0.00785398
5793.9,71,-0.00785398
5793.95,35,-0.00785398
5794,36,-0.00785398
5794.05,36,-0.00785398
5794.1,72,-0.00785398
5794.15,36,-0.00785398
5794.2,36,-0.00785398
5794.25,36,-0.00785398
5794.3,74,-0.00785398
5794.35,0,-0.00785398
5794.4,74,-0.00785398
5794.45,37,-0.00785398
5794.5,75,-0.00785398
5794.55,37,-0.00785398
5794.6,38,-0.00785398
5794.65,37,-0.00785398
5794.7,78,-0.00785398
5794.75,38,-0.00785398
5794.8,39,-0.00785398
5794.85,38,-0.00785398
5794.9,77,-0.00785398
5794.95,39,-0.00785398
5795,39,-0.00785398
5795.05,39,-0.00785398
5795.1,78,-0.00785398
5795.15,40,-0.00785398
5795.2,39,-0.00785398
5795.25,80,-0.00785398
5795.3,40,-0.00785398
5795.35,40,-0.00785398
5795.4,40,-0.00785398
5795.45,81,-0.00785398
5795.5,40,-0.00785398
5795.55,41,-0.00785398
5795.6,41,-0.00785398
5795.65,82,-0.00785398
5795.7,41,-0.00785398
5795.75,41,-0.00785398
5795.8,41,-0.00785398
5795.85,81,-0.00785398
5795.9,41,-0.00785398
5795.95,41,-0.00785398
5796,41,-0.00785398
5796.05,82,-0.00785398
5796.1,40,-0.00785398
5796.15,41,-0.00785398
5796.2,41,-0.00785398
5796.25,82,-0.00785398
5796.3,41,-0.00785398
5796.35,41,-0.00785398
5796.4,41,-0.00785398
5796.45,81,-0.00785398
5796.5,41,-0.00785398
5796.55,41,-0.00785398
5796.6,41,-0.00785398
5796.65,82,-0.00785398
5796.7,41,-0.00785398
5796.75,40,-0.00785398
5796.8,41,-0.00785398
5796.85,82,-0.00785398
5796.9,41,-0.00785398
5796.95,41,-0.00785398
5797,82,-0.00785398
5797.05,41,-0.00785398
5797.1,40,-0.00785398
5797.15,41,-0.00785398
5797.2,82,-0.00785398
5797.25,41,-0.00785398
5797.3,41,-0.00785398
5797.35,41,-0.00785398
5797.4,81,-0.00785398
5797.45,41,-0.00785398
5797.5,41,-0.00785398
5797.55,41,-0.00785398
5797.6,82,-0.00785398
5797.65,41,-0.00785398
5797.7,41,-0.00785398
5797.75,40,-0.00785398
5797.8,84,-0.00785398
5797.85,41,-0.00785398
5797.9,41,-0.00785398
5797.95,81,-0.00785398
5798,41,-0.00785398
5798.05,41,-0.00785398
5798.1,41,-0.00785398
5798.15,41,-0.00785398
5798.2,82,-0.00785398
5798.25,41,-0.00785398
5798.3,40,-0.00785398
5798.35,82,-0.00785398
5798.4,41,-0.00785398
5798.45,41,-0.00785398
5798.5,41,-0.00785398
5798.55,81,-0.00785398
5798.6,40,-0.00785398
5798.65,41,-0.00785398
5798.7,41,-0.00785398
5798.75,82,-0.00785398
5798.8,41,-0.00785398
5798.85,41,-0.00785398
5798.9,40,-0.00785398
5798.95,82,-0.00785398
5799,41,-0.00785398
5799.05,41,-0.00785398
5799.1,41,-0.00785398
5799.15,82,-0.00785398
5799.2,41,-0.00785398
5799.25,41,-0.00785398
5799.3,40,-0.00785398
5799.35,82,-0.00785398
5799.4,41,-0.00785398
5799.45,41,-0.00785398
5799.5,41,-0.00785398
5799.55,81,-0.00785398
5799.6,41,-0.00785398
5799.65,41,-0.00785398
5799.7,82,-0.00785398
5799.75,41,-0.00785398
5799.8,41,-0.00785398
5799.85,41,-0.00785398
5799.9,81,-0.00785398
5799.95,41,-0.00785398
5800,41,-0.00785398
5800.05,41,-0.00785398
5800.1,81,0
5800.15,41,0
5800.2,41,-0.00785398
5800.25,41,-0.00785398
5800.3,80,-0.00785398
5800.35,40,-0.00785398
5800.4,40,-0.00785398
5800.45,40,-0.00785398
5800.5,79,-0.00785398
5800.55,39,-0.00785398
5800.6,33,-0.00785398
5800.65,47,0
5800.7,15,0
5800.75,8,0
5800.8,2,0
5800.85,0,0
5800.9,0,0
5800.95,0,0
5801,0,-0.00785398
5801.05,0,-0.01570796
5801.1,0,-0.02356194
5801.15,0,-0.02356194
5801.2,0,-0.03141593
5801.25,0,-0.04712389
5801.3,0,-0.06283185
5801.35,0,-0.07068583
5801.4,0,-0.07853982
5801.45,0,-0.10210176
5801.5,0,-0.11780972
5801.55,0,-0.12566371
5801.6,0,-0.14137167
5801.65,0,-0.1727876
5801.7,0,-0.18849556
5801.75,0,-0.20420352
5801.8,0,-0.21991149
5801.85,0,-0.25132741
5801.9,0,-0.26703538
5801.95,0,-0.28274334
5802,0,-0.30630528
5802.05,0,-0.34557519
5802.1,0,-0.36128316
5802.15,0,-0.3848451
5802.2,0,-0.40055306
5802.25,0,-0.43982297
5802.3,0,-0.46338492
5802.35,0,-0.48694686
5802.4,0,-0.51050881
5802.45,0,-0.5576327
5802.5,0,-0.57334066
5802.55,0,-0.5969026
5802.6,0,-0.62046455
5802.65,0,-0.66758844
5802.7,0,-0.69115038
5802.75,0,-0.71471233
5802.8,0,-0.75398224
5802.85,0,-0.77754418
5802.9,0,-0.80110613
5802.95,0,-0.81681409
5803,0,-0.856084
5803.05,0,-0.87179196
5803.1,0,-0.88749992
5803.15,0,-0.91106187
5803.2,0,-0.9424778
5803.25,0,-0.95818576
5803.3,0,-0.97389372
5803.35,0,-1.00530965
5803.4,0,-1.01316363
5803.45,0,-1.02887159
5803.5,0,-1.04457956
5803.55,0,-1.0681415
5803.6,0,-1.08384947
5803.65,0,-1.09170345
5803.7,0,-1.10741141
5803.75,0,-1.13097336
5803.8,0,-1.13882734
5803.85,0,-1.1545353
5803.9,0,-1.16238928
5803.95,0,-1.18595123
5804,0,-1.19380521
5804.05,0,-1.20165919
5804.1,0,-1.20951317
5804.15,0,-1.22522113
5804.2,0,-1.2409291
5804.25,0,-1.24878308
5804.3,0,-1.26449104
5804.35,0,-1.27234502
5804.4,0,-1.28019901
5804.45,0,-1.28805299
5804.5,0,-1.29590697
5804.55,0,-1.30376095
5804.6,0,-1.31161493
5804.65,0,-1.31946891
5804.7,0,-1.33517688
5804.75,0,-1.33517688
5804.8,0,-1.34303086
5804.85,0,-1.35088484
5804.9,0,-1.35873882
5804.95,0,-1.3665928
5805,0,-1.37444679
5805.05,0,-1.37444679
5805.1,0,-1.38230077
5805.15,0,-1.39015475
5805.2,0,-1.39800873
5805.25,0,-1.39800873
5805.3,0,-1.40586271
5805.35,0,-1.41371669
5805.4,0,-1.41371669
5805.45,0,-1.42157068
5805.5,0,-1.42942466
5805.55,0,-1.42942466
5805.6,0,-1.43727864
5805.65,0,-1.43727864
5805.7,0,-1.44513262
5805.75,0,-1.44513262
5805.8,0,-1.4529866
5805.85,0,-1.4529866
5805.9,0,-1.46084058
5805.95,0,-1.46084058
5806,0,-1.46869457
5806.05,0,-1.46869457
5806.1,0,-1.46869457
5806.15,0,-1.47654855
5806.2,0,-1.47654855
5806.25,0,-1.48440253
5806.3,0,-1.48440253
5806.35,0,-1.48440253
5806.4,0,-1.49225651
5806.45,0,-1.49225651
5806.5,0,-1.49225651
5806.55,0,-1.50011049
5806.6,0,-1.50011049
5806.65,0,-1.50011049
5806.7,0,-1.50011049
5806.75,0,-1.50796447
5806.8,0,-1.50796447
5806.85,0,-1.50796447
5806.9,0,-1.51581846
5806.95,0,-1.51581846
5807,0,-1.51581846
5807.05,0,-1.51581846
5807.1,0,-1.51581846
5807.15,0,-1.52367244
5807.2,0,-1.52367244
5807.25,0,-1.52367244
5807.3,0,-1.52367244
5807.35,0,-1.52367244
5807.4,0,-1.53152642
5807.45,0,-1.53152642
5807.5,0,-1.53152642
5807.55,0,-1.53152642
5807.6,0,-1.53152642
5807.65,0,-1.53152642
5807.7,0,-1.53152642
5807.75,0,-1.5393804
5807.8,0,-1.5393804
5807.85,0,-1.5393804
5807.9,1,-1.5393804
5807.95,0,-1.5393804
5808,2,-1.5393804
5808.05,1,-1.5393804
5808.1,1,-1.54723438
5808.15,1,-1.54723438
5808.2,3,-1.54723438
5808.25,1,-1.54723438
5808.3,2,-1.54723438
5808.35,0,-1.54723438
5808.4,6,-1.54723438
5808.45,2,-1.54723438
5808.5,3,-1.54723438
5808.55,2,-1.54723438
5808.6,6,-1.55508836
5808.65,2,-1.55508836
5808.7,3,-1.55508836
5808.75,7,-1.55508836
5808.8,3,-1.55508836
5808.85,4,-1.55508836
5808.9,3,-1.55508836
5808.95,8,-1.55508836
5809,4,-1.55508836
5809.05,5,-1.55508836
5809.1,4,-1.55508836
5809.15,9,-1.55508836
5809.2,5,-1.55508836
5809.25,5,-1.55508836
5809.3,5,-1.55508836
5809.35,10,-1.55508836
5809.4,5,-1.56294235
5809.45,6,-1.56294235
5809.5,6,-1.56294235
5809.55,12,-1.56294235
5809.6,6,-1.56294235
5809.65,6,-1.56294235
5809.7,13,-1.56294235
5809.75,6,-1.56294235
5809.8,7,-1.56294235
5809.85,7,-1.56294235
5809.9,7,-1.56294235
5809.95,14,-1.56294235
5810,8,-1.56294235
5810.05,7,-1.56294235
5810.1,16,-1.56294235
5810.15,7,-1.56294235
5810.2,8,-1.56294235
5810.25,9,-1.56294235
5810.3,16,-1.56294235
5810.35,9,-1.56294235
5810.4,9,-1.56294235
5810.45,8,-1.56294235
5810.5,19,-1.56294235
5810.55,9,-1.56294235
5810.6,9,-1.56294235
5810.65,10,-1.56294235
5810.7,9,-1.56294235
5810.75,20,-1.56294235
5810.8,10,-1.56294235
5810.85,10,-1.56294235
5810.9,21,-1.56294235
5810.95,10,-1.56294235
5811,11,-1.57079633
5811.05,22,-1.57079633
5811.1,11,-1.57079633
5811.15,11,-1.57079633
5811.2,11,-1.57079633
5811.25,23,-1.57079633
5811.3,12,-1.57079633
5811.35,12,-1.57079633
5811.4,12,-1.57079633
5811.45,24,-1.57079633
5811.5,13,-1.57079633
5811.55,12,-1.57079633
5811.6,13,-1.57079633
5811.65,26,-1.57079633
5811.7,13,-1.57079633
5811.75,13,-1.57079633
5811.8,13,-1.57079633
5811.85,27,-1.57079633
5811.9,14,-1.57079633
5811.95,14,-1.57079633
5812,14,-1.57079633
5812.05,28,-1.57079633
5812.1,14,-1.57079633
5812.15,15,-1.57079633
5812.2,15,-1.57079633
5812.25,29,-1.57079633
5812.3,15,-1.57079633
5812.35,15,-1.57079633
5812.4,31,-1.57079633
5812.45,16,-1.57079633
5812.5,15,-1.57079633
5812.55,16,-1.57079633
5812.6,32,-1.57079633
5812.65,16,-1.57079633
5812.7,17,-1.57079633
5812.75,16,-1.57079633
5812.8,17,-1.57079633
5812.85,33,-1.57079633
5812.9,17,-1.57079633
5812.95,17,-1.57079633
5813,35,-1.57079633
5813.05,17,-1.57079633
5813.1,18,-1.57079633
5813.15,18,-1.57079633
5813.2,36,-1.57079633
5813.25,18,-1.57079633
5813.3,19,-1.57079633
5813.35,18,-1.57079633
5813.4,37,-1.57079633
5813.45,19,-1.57079633
5813.5,19,-1.57079633
5813.55,19,-1.57079633
5813.6,39,-1.57079633
5813.65,20,-1.57079633
5813.7,19,-1.57079633
5813.75,20,-1.57079633
5813.8,40,-1.57079633
5813.85,20,-1.57079633
5813.9,21,-1.57079633
5813.95,20,-1.57079633
5814,41,-1.57079633
5814.05,21,-1.57079633
5814.1,21,-1.57079633
5814.15,42,-1.57079633
5814.2,22,-1.57079633
5814.25,21,-1.57079633
5814.3,16,-1.57079633
5814.35,13,-1.57079633
5814.4,0,-1.57079633
5814.45,0,-1.57079633
5814.5,0,-1.57079633
5814.55,0,-1.57079633
5814.6,0,-1.57079633
5814.65,0,-1.57079633
5814.7,0,-1.57079633
5814.75,0,-1.57079633
5814.8,0,-1.57079633
5814.85,0,-1.57079633
5814.9,0,-1.57079633
5814.95,0,-1.57079633
5815,0,-1.57079633
5815.05,0,-1.57079633
5815.1,0,-1.57079633
5815.15,0,-1.57079633
5815.2,0,-1.57079633
5815.25,0,-1.57079633
5815.3,0,-1.57079633
5815.35,0,-1.57079633
5815.4,0,-1.57079633
5815.45,0,-1.57079633
5815.5,0,-1.57079633
5815.55,0,-1.57079633
5815.6,0,-1.57079633
5815.65,0,-1.57079633
5815.7,0,-1.57079633
5815.75,0,-1.57079633
5815.8,0,-1.57079633
5815.85,0,-1.57079633
5815.9,0,-1.57079633
5815.95,0,-1.57079633
5816,0,-1.57079633
5816.05,0,-1.57079633
5816.1,0,-1.57079633
5816.15,0,-1.57079633
5816.2,0,-1.57079633
5816.25,0,-1.57079633
5816.3,0,-1.57079633
5816.35,0,-1.57079633
5816.4,0,-1.57079633
5816.45,0,-1.57079633
5816.5,0,-1.57079633
5816.55,0,-1.57079633
5816.6,0,-1.57079633
5816.65,0,-1.57079633
5816.7,0,-1.57079633
5816.75,0,-1.57079633
5816.8,0,-1.57079633
5816.85,0,-1.57079633
5816.9,0,-1.57079633
5816.95,0,-1.57079633
