Method:,Ivanjko et al. (2007)
dL0(m):,0.084,dR0(m):,0.084,b0(m):,0.2
N:,1,L(Lm):,2
VLIN_NOM_0(ticks/cyc):,60,VLIN_DA_0(ticks/cyc):,45,VANG_NOM_0(rad/cyc):,0.05,VANG_DA_0(rad/cyc):,0.03,DVMAX(ticks/cyc^2):,100,DWMAX(ticks/cyc^2):,0.3
++++++++++,++++++++++,++++++++++,++++++++++,++++++++++,++++++++++,++++++++++,++++++++++,++++++++++,++++++++++,++++++++++,++++++++++
time(s):,odoL(thicks/cyc):,odoR(thicks/cyc):,xodo(m):,yodo(m):,thodo(rad):,vlin(thicks/cyc):,omega(rad/cyc):
++++++++++,++++++++++,++++++++++,++++++++++,++++++++++,++++++++++,++++++++++,++++++++++,++++++++++,++++++++++,++++++++++,++++++++++
Run:,1
2685.600000001,0,0,     0,     0,     0,     0,     0,0
2685.650000001,0,0,     0,     0,     0,    60,     0,0
2685.700000001,0,24,0.001132,6.41E-6,0.01132,    60,     0,0
2685.75000000101,10,51,0.004009,0.00006682,0.03067,    60,     0,0
2685.80000000101,30,74,0.008912,0.0002682,0.05142,    60,     0,0
2685.85000000101,55,82,0.01536,0.0006415,0.06416,    60,     0,0
2685.90000000101,67,77,0.02214,0.001093,0.06888,    60,     0,0
2685.95000000101,67,68,0.0285,0.001533,0.06935,    60,     0,0
2686.00000000101,61,61,0.03424,0.001932,0.06935,    60,     0,0
2686.05000000101,57,57,0.0396,0.002304,0.06935,    60,     0,0
2686.10000000101,56,55,0.04483,0.002666,0.06888,    60,     0,0
2686.15000000101,61,58,0.05043,0.003049,0.06746,    60,     0,0
2686.20000000101,63,61,0.05627,0.00344,0.06652,    60,     0,0
2686.25000000101,62,61,0.06206,0.003825,0.06605,    60,     0,0
2686.30000000101,62,61,0.06785,0.004206,0.06558,    60,     0,0
2686.35000000101,61,60,0.07354,0.004579,0.06511,    60,     0,0
2686.40000000101,63,60,0.07933,0.004952,0.06369,    60,     0,0
2686.45000000101,62,62,0.08517,0.005325,0.06369,    60,     0,0
2686.50000000101,62,59,0.09087,0.005684,0.06227,    60,     0,0
2686.55000000101,61,59,0.09652,0.006034,0.06133,    60,     0,0
2686.60000000101,62,60,0.1023,0.006384,0.06039,    60,     0,0
2686.65000000101,60,60,0.1079,0.006725,0.06039,    60,     0,0
2686.70000000101,59,59,0.1135,0.007061,0.06039,    60,     0,0
2686.75000000101,61,59,0.1191,0.0074,0.05944,    60,     0,0
2686.80000000101,60,60,0.1248,0.007737,0.05944,    60,     0,0
2686.85000000101,63,61,0.1306,0.008081,0.0585,    60,     0,0
2686.90000000101,60,60,0.1363,0.008412,0.0585,    60,     0,0
2686.95000000101,60,60,0.1419,0.008743,0.0585,    60,     0,0
2687.00000000101,59,60,0.1475,0.009073,0.05897,    60,     0,0
2687.05000000101,59,57, 0.153,0.009393,0.05803,    60,     0,0
2687.10000000101,59,59,0.1585,0.009716,0.05803,    60,     0,0
2687.15000000101,62,61,0.1643,0.01005,0.05756,    60,     0,0
2687.20000000101,59,62,  0.17,0.01038,0.05897,    60,     0,0
2687.25000000101,62,62,0.1759,0.01073,0.05897,    60,     0,0
2687.30000000101,60,60,0.1815,0.01106,0.05897,    60,     0,0
2687.35000000101,59,57, 0.187,0.01138,0.05803,    60,     0,0
2687.40000000101,59,60,0.1926,0.01171,0.0585,    60,     0,0
2687.45000000101,60,59,0.1982,0.01204,0.05803,    60,     0,0
2687.50000000101,59,58,0.2037,0.01235,0.05756,    60,     0,0
2687.55000000101,61,61,0.2095,0.01269,0.05756,    60,     0,0
2687.60000000101,61,61,0.2152,0.01302,0.05756,    60,     0,0
2687.65000000101,60,61,0.2209,0.01335,0.05803,    60,     0,0
2687.70000000101,62,61,0.2267,0.01368,0.05756,    60,     0,0
2687.75000000101,58,59,0.2322, 0.014,0.05803,    60,     0,0
2687.80000000101,56,58,0.2376,0.01431,0.05897,    60,     0,0
2687.85000000101,57,61,0.2431,0.01465,0.06086,    60,     0,0
2687.90000000101,60,62,0.2489, 0.015,0.0618,    60,     0,0
2687.95000000101,63,61,0.2547,0.01536,0.06086,    60,     0,0
2688.00000000101,59,61,0.2604,0.01571,0.0618,    60,     0,0
2688.05000000101,57,56,0.2657,0.01603,0.06133,    60,     0,0
2688.10000000101,58,57,0.2711,0.01637,0.06086,    60,     0,0
2688.15000000101,60,62,0.2768,0.01672,0.0618,    60,     0,0
2688.20000000101,62,63,0.2827,0.01708,0.06227,    60,     0,0
2688.25000000101,60,61,0.2884,0.01744,0.06275,    60,     0,0
2688.30000000101,57,60,0.2939,0.01779,0.06416,    60,     0,0
2688.35000000101,55,57,0.2992,0.01813,0.06511,    60,     0,0
2688.40000000101,56,60,0.3047,0.01849,0.06699,    60,     0,0
2688.45000000101,61,60,0.3104,0.01887,0.06652,    60,     0,0
2688.50000000102,64,63,0.3163,0.01927,0.06605,    60,     0,0
2688.55000000102,63,63,0.3223,0.01966,0.06605,    60,     0,0
2688.60000000102,60,60,0.3279,0.02004,0.06605,    60,     0,0
2688.65000000102,59,58,0.3334,0.0204,0.06558,    60,     0,0
2688.70000000102,61,60,0.3391,0.02077,0.06511,    60,     0,0
2688.75000000102,61,60,0.3448,0.02114,0.06463,    60,     0,0
2688.80000000102,63,60,0.3506,0.02151,0.06322,    60,     0,0
2688.85000000102,62,61,0.3564,0.02188,0.06275,    60,     0,0
2688.90000000102,61,60,0.3621,0.02224,0.06227,    60,     0,0
2688.95000000102,60,59,0.3677,0.02258,0.0618,    60,     0,0
2689.00000000102,61,59,0.3734,0.02293,0.06086,    60,     0,0
2689.05000000102,59,58,0.3789,0.02326,0.06039,    60,     0,0
2689.10000000102,62,61,0.3847,0.02361,0.05992,    60,     0,0
2689.15000000102,63,60,0.3905,0.02396,0.0585,    60,     0,0
2689.20000000102,62,61,0.3962,0.0243,0.05803,    60,     0,0
2689.25000000102,62,62,0.4021,0.02463,0.05803,    60,     0,0
2689.30000000102,58,59,0.4076,0.02496,0.0585,    60,     0,0
2689.35000000102,60,59,0.4132,0.02528,0.05803,    60,     0,0
2689.40000000102,61,59,0.4189,0.02561,0.05709,    60,     0,0
2689.45000000102,58,57,0.4243,0.02592,0.05661,    60,     0,0
2689.50000000102,59,60,0.4299,0.02624,0.05709,    60,     0,0
2689.55000000102,61,62,0.4357,0.02657,0.05756,    60,     0,0
2689.60000000102,61,61,0.4414,0.0269,0.05756,    60,     0,0
2689.65000000102,63,61,0.4473,0.02723,0.05661,    60,     0,0
2689.70000000102,59,61,0.4529,0.02756,0.05756,    60,     0,0
2689.75000000102,58,59,0.4584,0.02787,0.05803,    60,     0,0
2689.80000000102,59,60, 0.464,0.0282,0.0585,    60,     0,0
2689.85000000102,59,60,0.4696,0.02853,0.05897,    60,     0,0
2689.90000000102,60,60,0.4753,0.02886,0.05897,    60,     0,0
2689.95000000102,63,60,0.4811,0.0292,0.05756,    60,     0,0
2690.00000000102,60,61,0.4868,0.02953,0.05803,    60,     0,0
2690.05000000102,59,59,0.4923,0.02986,0.05803,    60,     0,0
2690.10000000102,59,60,0.4979,0.03018,0.0585,    60,     0,0
2690.15000000102,57,59,0.5034,0.0305,0.05944,    60,     0,0
2690.20000000102,58,59,0.5089,0.03083,0.05992,    60,     0,0
2690.25000000102,60,61,0.5146,0.03118,0.06039,    60,     0,0
2690.30000000102,60,59,0.5202,0.03151,0.05992,    60,     0,0
2690.35000000102,60,59,0.5258,0.03185,0.05944,    60,     0,0
2690.40000000102,59,59,0.5314,0.03218,0.05944,    60,     0,0
2690.45000000102,58,61, 0.537,0.03252,0.06086,    60,     0,0
2690.50000000102,61,62,0.5428,0.03287,0.06133,    60,     0,0
2690.55000000102,61,61,0.5485,0.03322,0.06133,    60,     0,0
2690.60000000102,58,59, 0.554,0.03356,0.0618,    60,     0,0
2690.65000000102,57,59,0.5595,0.03391,0.06275,    60,     0,0
2690.70000000102,56,60,0.5649,0.03425,0.06463,    60,     0,0
2690.75000000102,59,60,0.5705,0.03462,0.06511,    60,     0,0
2690.80000000102,62,62,0.5764, 0.035,0.06511,    60,     0,0
2690.85000000102,63,62,0.5823,0.03538,0.06463,    60,     0,0
2690.90000000102,61,61, 0.588,0.03575,0.06463,    60,     0,0
2690.95000000102,61,61,0.5938,0.03612,0.06463,    60,     0,0
2691.00000000102,60,59,0.5994,0.03649,0.06416,    60,     0,0
2691.05000000102,61,60,0.6051,0.03685,0.06369,    60,     0,0
2691.10000000102,61,59,0.6107,0.03721,0.06275,    60,     0,0
2691.15000000102,61,59,0.6164,0.03756,0.0618,    60,     0,0
2691.20000000102,62,61,0.6222,0.03792,0.06133,    60,     0,0
2691.25000000103,61,61,0.6279,0.03827,0.06133,    60,     0,0
2691.30000000103,62,60,0.6336,0.03862,0.06039,    60,     0,0
2691.35000000103,59,60,0.6392,0.03896,0.06086,    60,     0,0
2691.40000000103,58,58,0.6447,0.03929,0.06086,    60,     0,0
2691.45000000103,61,59,0.6504,0.03963,0.05992,    60,     0,0
2691.50000000103,63,61,0.6562,0.03998,0.05897,    60,     0,0
2691.55000000103,61,61,0.6619,0.04032,0.05897,    60,     0,0
2691.60000000103,61,61,0.6677,0.04066,0.05897,    60,     0,0
2691.65000000103,59,59,0.6732,0.04099,0.05897,    60,     0,0
2691.70000000103,58,58,0.6787,0.04131,0.05897,    60,     0,0
2691.75000000103,61,58,0.6843,0.04164,0.05756,    60,     0,0
2691.80000000103,60,60,  0.69,0.04196,0.05756,    60,     0,0
2691.85000000103,60,60,0.6956,0.04229,0.05756,    60,     0,0
2691.90000000103,62,63,0.7015,0.04263,0.05803,    60,     0,0
2691.95000000103,60,60,0.7072,0.04296,0.05803,    60,     0,0
2692.00000000103,60,59,0.7128,0.04328,0.05756,    60,     0,0
2692.05000000103,59,59,0.7183,0.0436,0.05756,    60,     0,0
2692.10000000103,56,58,0.7237,0.04391,0.0585,    60,     0,0
2692.15000000103,60,59,0.7293,0.04424,0.05803,    60,     0,0
2692.20000000103,61,61, 0.735,0.04458,0.05803,    60,     0,0
2692.25000000103,62,61,0.7408,0.04491,0.05756,    60,     0,0
2692.30000000103,62,62,0.7467,0.04525,0.05756,    60,     0,0
2692.35000000103,60,61,0.7524,0.04558,0.05803,    60,     0,0
2692.40000000103,56,57,0.7577,0.04589,0.0585,    60,     0,0
2692.45000000103,58,59,0.7632,0.04621,0.05897,    60,     0,0
2692.50000000103,58,61,0.7688,0.04655,0.06039,    60,     0,0
2692.55000000103,59,61,0.7745,0.04689,0.06133,    60,     0,0
2692.60000000103,61,60,0.7802,0.04724,0.06086,    60,     0,0
2692.65000000103,59,60,0.7858,0.04758,0.06133,    60,     0,0
2692.70000000103,59,57,0.7912,0.04791,0.06039,    60,     0,0
2692.75000000103,60,60,0.7969,0.04826,0.06039,    60,     0,0
2692.80000000103,59,61,0.8025,0.0486,0.06133,    60,     0,0
2692.85000000103,60,61,0.8082,0.04895,0.0618,    60,     0,0
2692.90000000103,61,61, 0.814,0.04931,0.0618,    60,     0,0
2692.95000000103,57,59,0.8194,0.04965,0.06275,    60,     0,0
2693.00000000103,56,59,0.8248,0.04999,0.06416,    60,     0,0
2693.05000000103,56,59,0.8303,0.05034,0.06558,    60,     0,0
2693.10000000103,58,59,0.8358,0.05071,0.06605,    60,     0,0
2693.15000000103,62,61,0.8416,0.05109,0.06558,    60,     0,0
2693.20000000103,62,63,0.8474,0.05148,0.06605,    60,     0,0
2693.25000000103,62,62,0.8533,0.05186,0.06605,    60,     0,0
2693.30000000103,60,60,0.8589,0.05224,0.06605,    60,     0,0
2693.35000000103,62,61,0.8647,0.05262,0.06558,    60,     0,0
2693.40000000103,61,60,0.8704,0.05299,0.06511,    60,     0,0
2693.45000000103,61,58, 0.876,0.05335,0.06369,    60,     0,0
2693.50000000103,61,59,0.8817,0.05371,0.06275,    60,     0,0
2693.55000000103,63,60,0.8875,0.05407,0.06133,    60,     0,0
2693.60000000103,61,61,0.8932,0.05442,0.06133,    60,     0,0
2693.65000000103,61,60,0.8989,0.05477,0.06086,    60,     0,0
2693.70000000103,60,59,0.9045,0.05511,0.06039,    60,     0,0
2693.75000000103,60,60,0.9102,0.05545,0.06039,    60,     0,0
2693.80000000103,62,60,0.9159,0.0558,0.05944,    60,     0,0
2693.85000000103,63,62,0.9218,0.05615,0.05897,    60,     0,0
2693.90000000103,59,59,0.9273,0.05647,0.05897,    60,     0,0
2693.95000000103,59,60,0.9329,0.05681,0.05944,    60,     0,0
2694.00000000104,58,58,0.9384,0.05713,0.05944,    60,     0,0
2694.05000000104,59,59, 0.944,0.05746,0.05944,    60,     0,0
2694.10000000104,61,59,0.9496,0.0578,0.0585,    60,     0,0
2694.15000000104,61,61,0.9554,0.05813,0.0585,    60,     0,0
2694.20000000104,59,61, 0.961,0.05847,0.05944,    60,     0,0
2694.25000000104,61,62,0.9668,0.05881,0.05992,    60,     0,0
2694.30000000104,62,61,0.9726,0.05916,0.05944,    60,     0,0
2694.35000000104,60,58,0.9782,0.05949,0.0585,    60,     0,0
2694.40000000104,59,60,0.9838,0.05982,0.05897,    60,     0,0
2694.45000000104,60,59,0.9894,0.06015,0.0585,    60,     0,0
2694.50000000104,59,59,0.9949,0.06047,0.0585,    60,     0,0
2694.55000000104,61,61, 1.001,0.06081,0.0585,    60,     0,0
2694.60000000104,61,60, 1.006,0.06114,0.05803,    60,     0,0
2694.65000000104,59,60, 1.012,0.06147,0.0585,    60,     0,0
2694.70000000104,62,60, 1.018,0.0618,0.05756,    60,     0,0
2694.75000000104,57,59, 1.023,0.06212,0.0585,    60,     0,0
2694.80000000104,57,57, 1.029,0.06243,0.0585,    60,     0,0
2694.85000000104,59,60, 1.034,0.06276,0.05897,    60,     0,0
2694.90000000104,58,60,  1.04,0.06309,0.05992,    60,     0,0
2694.95000000104,61,61, 1.045,0.06344,0.05992,    60,     0,0
2695.00000000104,63,62, 1.051,0.06379,0.05944,    60,     0,0
2695.05000000104,59,60, 1.057,0.06412,0.05992,    60,     0,0
2695.10000000104,59,61, 1.063,0.06447,0.06086,    60,     0,0
2695.15000000104,59,62, 1.068,0.06482,0.06227,    60,     0,0
2695.20000000104,59,60, 1.074,0.06517,0.06275,    60,     0,0
2695.25000000104,59,60,  1.08,0.06552,0.06322,    60,     0,0
2695.30000000104,57,59, 1.085,0.06587,0.06416,    60,     0,0
2695.35000000104,56,58,  1.09,0.06622,0.06511,    60,     0,0
2695.40000000104,58,61, 1.096,0.06659,0.06652,    60,     0,0
2695.45000000104,60,62, 1.102,0.06697,0.06746,    60,     0,0
2695.50000000104,64,61, 1.108,0.06736,0.06605,    60,     0,0
2695.55000000104,62,62, 1.113,0.06775,0.06605,    60,     0,0
2695.60000000104,59,60, 1.119,0.06812,0.06652,    60,     0,0
2695.65000000104,62,60, 1.125,0.0685,0.06558,    60,     0,0
2695.70000000104,60,60,  1.13,0.06887,0.06558,    60,     0,0
2695.75000000104,60,59, 1.136,0.06924,0.06511,    60,     0,0
2695.80000000104,63,59, 1.142,0.06961,0.06322,    60,     0,0
2695.85000000104,61,61, 1.147,0.06997,0.06322,    60,     0,0
2695.90000000104,62,59, 1.153,0.07033,0.0618,    60,     0,0
2695.95000000104,61,60, 1.159,0.07068,0.06133,    60,     0,0
2696.00000000104,61,60, 1.165,0.07103,0.06086,    60,     0,0
2696.05000000104,59,59,  1.17,0.07137,0.06086,    60,     0,0
2696.10000000104,61,61, 1.176,0.07172,0.06086,    60,     0,0
2696.15000000104,63,61, 1.182,0.07207,0.05992,    60,     0,0
2696.20000000104,63,61, 1.188,0.07242,0.05897,    60,     0,0
2696.25000000104,60,61, 1.193,0.07276,0.05944,    60,     0,0
2696.30000000104,58,59, 1.199,0.07309,0.05992,    60,     0,0
2696.35000000104,57,56, 1.204,0.0734,0.05944,    60,     0,0
2696.40000000104,57,58,  1.21,0.07373,0.05992,    60,     0,0
2696.45000000104,61,59, 1.215,0.07406,0.05897,    60,     0,0
2696.50000000104,61,61, 1.221,0.0744,0.05897,    60,     0,0
2696.55000000104,63,64, 1.227,0.07476,0.05944,    60,     0,0
2696.60000000104,61,61, 1.233,0.0751,0.05944,    60,     0,0
2696.65000000104,63,60, 1.238,0.07544,0.05803,    60,     0,0
2696.70000000104,60,58, 1.244,0.07576,0.05709,    60,     0,0
2696.75000000105,58,58, 1.249,0.07607,0.05709,    60,     0,0
2696.80000000105,60,59, 1.255,0.07639,0.05661,    60,     0,0
2696.85000000105,58,59, 1.261,0.0767,0.05709,    60,     0,0
2696.90000000105,61,60, 1.266,0.07703,0.05661,    60,     0,0
2696.95000000105,63,62, 1.272,0.07736,0.05614,    60,     0,0
2697.00000000105,61,62, 1.278,0.07769,0.05661,    60,     0,0
2697.05000000105,58,59, 1.283, 0.078,0.05709,    60,     0,0
2697.10000000105,59,59, 1.289,0.07832,0.05709,    60,     0,0
2697.15000000105,56,60, 1.294,0.07864,0.05897,    60,     0,0
2697.20000000105,57,59,   1.3,0.07896,0.05992,    60,     0,0
2697.25000000105,59,60, 1.306,0.0793,0.06039,    60,     0,0
2697.30000000105,60,59, 1.311,0.07964,0.05992,    60,     0,0
2697.35000000105,61,61, 1.317,0.07998,0.05992,    60,     0,0
2697.40000000105,61,60, 1.323,0.08032,0.05944,    60,     0,0
2697.45000000105,60,61, 1.328,0.08066,0.05992,    60,     0,0
2697.50000000105,59,62, 1.334,0.08101,0.06133,    60,     0,0
2697.55000000105,59,58, 1.339,0.08135,0.06086,    60,     0,0
2697.60000000105,56,57, 1.345,0.08167,0.06133,    60,     0,0
2697.65000000105,57,59,  1.35,0.08201,0.06227,    60,     0,0
2697.70000000105,57,60, 1.356,0.08236,0.06369,    60,     0,0
2697.75000000105,59,61, 1.361,0.08272,0.06463,    60,     0,0
2697.80000000105,62,63, 1.367,0.0831,0.06511,    60,     0,0
2697.85000000105,63,63, 1.373,0.08349,0.06511,    60,     0,0
2697.90000000105,61,62, 1.379,0.08387,0.06558,    60,     0,0
2697.95000000105,60,60, 1.385,0.08424,0.06558,    60,     0,0
2698.00000000105,60,59,  1.39,0.0846,0.06511,    60,     0,0
2698.05000000105,60,60, 1.396,0.08497,0.06511,    60,     0,0
2698.10000000105,60,59, 1.402,0.08534,0.06463,    60,     0,0
2698.15000000105,62,60, 1.407,0.08571,0.06369,    60,     0,0
2698.20000000105,63,61, 1.413,0.08608,0.06275,    60,     0,0
2698.25000000105,62,61, 1.419,0.08644,0.06227,    60,     0,0
2698.30000000105,62,59, 1.425,0.08679,0.06086,    60,     0,0
2698.35000000105,60,61,  1.43,0.08714,0.06133,    60,     0,0
2698.40000000105,60,59, 1.436,0.08748,0.06086,    60,     0,0
2698.45000000105,62,59, 1.442,0.08782,0.05944,    60,     0,0
2698.50000000105,62,60, 1.447,0.08816,0.0585,    60,     0,0
2698.55000000105,60,59, 1.453,0.08849,0.05803,    60,     0,0
2698.60000000105,61,61, 1.459,0.08882,0.05803,    60,     0,0
2698.65000000105,58,59, 1.464,0.08915,0.0585,    60,     0,0
2698.70000000105,59,58,  1.47,0.08947,0.05803,    60,     0,0
2698.75000000105,62,59, 1.475,0.08979,0.05661,    60,     0,0
2698.80000000105,59,60, 1.481,0.09011,0.05709,    60,     0,0
2698.85000000105,59,60, 1.487,0.09043,0.05756,    60,     0,0
2698.90000000105,61,61, 1.492,0.09077,0.05756,    60,     0,0
2698.95000000105,61,62, 1.498,0.0911,0.05803,    60,     0,0
2699.00000000105,60,59, 1.504,0.09142,0.05756,    60,     0,0
2699.05000000105,59,60, 1.509,0.09175,0.05803,    60,     0,0
2699.10000000105,59,59, 1.515,0.09207,0.05803,    60,     0,0
2699.15000000105,60,59, 1.521,0.0924,0.05756,    60,     0,0
2699.20000000105,60,61, 1.526,0.09273,0.05803,    60,     0,0
2699.25000000105,61,60, 1.532,0.09306,0.05756,    60,     0,0
2699.30000000105,61,60, 1.538,0.09338,0.05709,    60,     0,0
2699.35000000105,61,61, 1.543,0.09371,0.05709,    60,     0,0
2699.40000000105,57,58, 1.549,0.09402,0.05756,    60,     0,0
2699.45000000105,58,59, 1.554,0.09434,0.05803,    60,     0,0
2699.50000000106,58,60,  1.56,0.09467,0.05897,    60,     0,0
2699.55000000106,57,59, 1.565,0.09499,0.05992,    60,     0,0
2699.60000000106,60,60, 1.571,0.09533,0.05992,    60,     0,0
2699.65000000106,60,61, 1.577,0.09567,0.06039,    60,     0,0
2699.70000000106,60,59, 1.582,0.09601,0.05992,    60,     0,0
2699.75000000106,59,61, 1.588,0.09635,0.06086,    60,     0,0
2699.80000000106,59,61, 1.594,0.0967,0.0618,    60,     0,0
2699.85000000106,60,61, 1.599,0.09705,0.06227,    60,     0,0
2699.90000000106,62,62, 1.605,0.09742,0.06227,    45,     0,0
2699.95000000106,51,51,  1.61,0.09772,0.06227,    45,     0,0
2700.00000000106,38,41, 1.614,0.09795,0.06369,    45,     0,0
2700.05000000106,35,38, 1.617,0.09817,0.06511,    45,     0,0
2700.10000000106,39,41, 1.621,0.09842,0.06605,    45,     0,0
2700.15000000106,46,47, 1.625,0.09871,0.06652,    45,     0,0
2700.20000000106,51,52,  1.63,0.09904,0.06699,    45,     0,0
2700.25000000106,51,47, 1.635,0.09934,0.06511,    45,     0,0
2700.30000000106,45,44, 1.639,0.09961,0.06463,    45,     0,0
2700.35000000106,43,41, 1.643,0.09987,0.06369,    45,     0,0
2700.40000000106,42,44, 1.647,0.1001,0.06463,    45,     0,0
2700.45000000106,46,44, 1.651,0.1004,0.06369,    45,     0,0
2700.50000000106,46,46, 1.655,0.1007,0.06369,    45,     0,0
2700.55000000106,48,47,  1.66, 0.101,0.06322,    45,     0,0
2700.60000000106,47,47, 1.664,0.1012,0.06322,    45,     0,0
2700.65000000106,47,45, 1.669,0.1015,0.06227,    45,     0,0
2700.70000000106,46,45, 1.673,0.1018,0.0618,    45,     0,0
2700.75000000106,47,45, 1.677, 0.102,0.06086,    45,     0,0
2700.80000000106,44,43, 1.681,0.1023,0.06039,    45,     0,0
2700.85000000106,45,44, 1.686,0.1025,0.05992,    45,     0,0
2700.90000000106,45,45,  1.69,0.1028,0.05992,    45,     0,0
2700.95000000106,45,46, 1.694,0.1031,0.06039,    45,     0,0
2701.00000000106,45,46, 1.698,0.1033,0.06086,    45,     0,0
2701.05000000106,49,46, 1.703,0.1036,0.05944,    45,     0,0
2701.10000000106,46,45, 1.707,0.1038,0.05897,    45,     0,0
2701.15000000106,46,44, 1.711,0.1041,0.05803,    45,     0,0
2701.20000000106,44,44, 1.716,0.1043,0.05803,    45,     0,0
2701.25000000106,45,45,  1.72,0.1046,0.05803,    45,     0,0
2701.30000000106,45,46, 1.724,0.1048,0.0585,    45,     0,0
2701.35000000106,45,43, 1.728,0.1051,0.05756,    45,     0,0
2701.40000000106,43,43, 1.732,0.1053,0.05756,    45,     0,0
2701.45000000106,43,43, 1.736,0.1055,0.05756,    45,     0,0
2701.50000000106,45,45, 1.741,0.1058,0.05756,    45,     0,0
2701.55000000106,47,46, 1.745, 0.106,0.05709,    45,     0,0
2701.60000000106,46,46, 1.749,0.1063,0.05709,    45,     0,0
2701.65000000106,47,48, 1.754,0.1065,0.05756,    45,     0,0
2701.70000000106,43,44, 1.758,0.1068,0.05803,    45,     0,0
2701.75000000106,44,43, 1.762, 0.107,0.05756,    45,     0,0
2701.80000000106,44,43, 1.766,0.1072,0.05709,    45,     0,0
2701.85000000106,44,45,  1.77,0.1075,0.05756,    45,     0,0
2701.90000000106,46,46, 1.775,0.1077,0.05756,    45,     0,0
2701.95000000106,47,46, 1.779, 0.108,0.05709,    45,     0,0
2702.00000000106,47,46, 1.783,0.1082,0.05661,    45,     0,0
2702.05000000106,44,47, 1.788,0.1085,0.05803,    45,     0,0
2702.10000000106,46,43, 1.792,0.1087,0.05661,    45,     0,0
2702.15000000106,45,46, 1.796, 0.109,0.05709,    45,     0,0
2702.20000000106,45,45,   1.8,0.1092,0.05709,    45,     0,0
2702.25000000107,45,46, 1.805,0.1095,0.05756,    45,     0,0
2702.30000000107,43,43, 1.809,0.1097,0.05756,    45,     0,0
2702.35000000107,42,44, 1.813,0.1099,0.0585,    45,     0,0
2702.40000000107,45,45, 1.817,0.1102,0.0585,    45,     0,0
2702.45000000107,44,47, 1.821,0.1104,0.05992,    45,     0,0
2702.50000000107,45,47, 1.826,0.1107,0.06086,    45,     0,0
2702.55000000107,44,46,  1.83,0.1109,0.0618,    45,     0,0
2702.60000000107,46,44, 1.834,0.1112,0.06086,    45,     0,0
2702.65000000107,44,45, 1.838,0.1115,0.06133,    45,     0,0
2702.70000000107,44,43, 1.842,0.1117,0.06086,    45,     0,0
2702.75000000107,42,42, 1.846, 0.112,0.06086,    45,     0,0
2702.80000000107,45,45, 1.851,0.1122,0.06086,    45,     0,0
2702.85000000107,44,46, 1.855,0.1125,0.0618,    45,     0,0
2702.90000000107,47,47, 1.859,0.1127,0.0618,    45,     0,0
2702.95000000107,45,45, 1.863, 0.113,0.0618,    45,     0,0
2703.00000000107,45,45, 1.868,0.1133,0.0618,    45,     0,0
2703.05000000107,43,45, 1.872,0.1135,0.06275,    45,     0,0
2703.10000000107,43,44, 1.876,0.1138,0.06322,    45,     0,0
2703.15000000107,42,42,  1.88, 0.114,0.06322,    45,     0,0
2703.20000000107,43,46, 1.884,0.1143,0.06463,    45,     0,0
2703.25000000107,46,46, 1.888,0.1146,0.06463,    45,     0,0
2703.30000000107,48,48, 1.893,0.1149,0.06463,    45,     0,0
2703.35000000107,49,47, 1.897,0.1152,0.06369,    45,     0,0
2703.40000000107,46,46, 1.902,0.1154,0.06369,    45,     0,0
2703.45000000107,44,43, 1.906,0.1157,0.06322,    45,     0,0
2703.50000000107,44,45,  1.91, 0.116,0.06369,    45,     0,0
2703.55000000107,47,46, 1.914,0.1163,0.06322,    45,     0,0
2703.60000000107,46,46, 1.919,0.1165,0.06322,    45,     0,0
2703.65000000107,45,45, 1.923,0.1168,0.06322,    45,     0,0
2703.70000000107,43,45, 1.927,0.1171,0.06416,    45,     0,0
2703.75000000107,48,46, 1.932,0.1173,0.06322,    45,     0,0
2703.80000000107,46,46, 1.936,0.1176,0.06322,    45,     0,0
2703.85000000107,46,44,  1.94,0.1179,0.06227,    45,     0,0
2703.90000000107,45,44, 1.944,0.1181,0.0618,    45,     0,0
2703.95000000107,45,44, 1.949,0.1184,0.06133,    45,     0,0
2704.00000000107,47,44, 1.953,0.1187,0.05992,    45,     0,0
2704.05000000107,45,46, 1.957,0.1189,0.06039,    45,     0,0
2704.10000000107,45,45, 1.961,0.1192,0.06039,    45,     0,0
2704.15000000107,46,45, 1.966,0.1194,0.05992,    45,     0,0
2704.20000000107,47,45,  1.97,0.1197,0.05897,    45,     0,0
2704.25000000107,49,47, 1.974,  0.12,0.05803,    45,     0,0
2704.30000000107,44,44, 1.979,0.1202,0.05803,    45,     0,0
2704.35000000107,43,44, 1.983,0.1204,0.0585,    45,     0,0
2704.40000000107,43,43, 1.987,0.1207,0.0585,    45,     0,0
2704.45000000107,44,45, 1.991,0.1209,0.05897,    45,     0,0
2704.50000000107,45,44, 1.995,0.1212,0.0585,    45,     0,0
2704.55000000107,48,47,     2,0.1214,0.05803,    45,     0,0
2704.60000000107,46,44, 2.004,0.1217,0.05709,     0,     0,1
2704.65000000107,21,23, 2.006,0.1218,0.05803,     0,     0,1
2704.70000000107,2,3, 2.006,0.1218,0.0585,     0,     0,1
2704.75000000107,0,0, 2.006,0.1218,0.0585,     0,     0,1
2704.80000000107,0,0, 2.006,0.1218,0.0585,     0,     0,0
2704.85000000107,0,0, 2.006,0.1218,0.0585,     0,     0,0
2704.90000000107,0,0, 2.006,0.1218,0.0585,     0,     0,0
2704.95000000107,0,0, 2.006,0.1218,0.0585,     0,     0,0
2705.00000000108,0,0, 2.006,0.1218,0.0585,     0,     0,0
2705.05000000108,0,0, 2.006,0.1218,0.0585,     0,     0,0
2705.10000000108,0,0, 2.006,0.1218,0.0585,     0,     0,0
2705.15000000108,0,0, 2.006,0.1218,0.0585,     0,     0,0
2705.20000000108,0,0, 2.006,0.1218,0.0585,     0,     0,0
2705.25000000108,0,0, 2.006,0.1218,0.0585,     0,     0,0
2705.30000000108,0,0, 2.006,0.1218,0.0585,     0,     0,0
2705.35000000108,0,0, 2.006,0.1218,0.0585,     0,     0,0
2705.40000000108,0,0, 2.006,0.1218,0.0585,     0,     0,0
2705.45000000108,0,0, 2.006,0.1218,0.0585,     0,     0,0
2705.50000000108,0,0, 2.006,0.1218,0.0585,     0,     0,0
2705.55000000108,0,0, 2.006,0.1218,0.0585,     0,     0,0
2705.60000000108,0,0, 2.006,0.1218,0.0585,     0,     0,0
2705.65000000108,0,0, 2.006,0.1218,0.0585,     0,     0,0
2705.70000000108,0,0, 2.006,0.1218,0.0585,     0,     0,0
2705.75000000108,0,0, 2.006,0.1218,0.0585,     0,     0,0
2705.80000000108,0,0, 2.006,0.1218,0.0585,     0,     0,0
2705.85000000108,0,0, 2.006,0.1218,0.0585,     0,     0,0
2705.90000000108,0,0, 2.006,0.1218,0.0585,     0,     0,0
2705.95000000108,0,0, 2.006,0.1218,0.0585,     0,     0,0
2706.00000000108,0,0, 2.006,0.1218,0.0585,     0,     0,0
2706.05000000108,0,0, 2.006,0.1218,0.0585,     0,     0,0
2706.10000000108,0,0, 2.006,0.1218,0.0585,     0,     0,0
2706.15000000108,0,0, 2.006,0.1218,0.0585,     0,     0,0
2706.20000000108,0,0, 2.006,0.1218,0.0585,     0,     0,0
2706.25000000108,0,0, 2.006,0.1218,0.0585,     0,     0,0
2706.30000000108,0,0, 2.006,0.1218,0.0585,     0,     0,0
2706.35000000108,0,0, 2.006,0.1218,0.0585,     0,     0,0
2706.40000000108,0,0, 2.006,0.1218,0.0585,     0,     0,0
2706.45000000108,0,0, 2.006,0.1218,0.0585,     0,     0,0
2706.50000000108,0,0, 2.006,0.1218,0.0585,     0,     0,0
2706.55000000108,0,0, 2.006,0.1218,0.0585,     0,     0,0
2706.60000000108,0,0, 2.006,0.1218,0.0585,     0,     0,0
2706.65000000108,0,0, 2.006,0.1218,0.0585,     0,     0,0
2706.70000000108,0,0, 2.006,0.1218,0.0585,     0,     0,0
2706.75000000108,0,0, 2.006,0.1218,0.0585,     0,     0,0
2706.80000000108,0,0, 2.006,0.1218,0.0585,     0,     0,0
2706.85000000108,0,0, 2.006,0.1218,0.0585,     0,     0,0
2706.90000000108,0,0, 2.006,0.1218,0.0585,     0,     0,0
2706.95000000108,0,0, 2.006,0.1218,0.0585,     0,     0,0
2707.00000000108,0,0, 2.006,0.1218,0.0585,     0,     0,0
2707.05000000108,0,0, 2.006,0.1218,0.0585,     0,     0,0
2707.10000000108,0,0, 2.006,0.1218,0.0585,     0,     0,0
2707.15000000108,0,0, 2.006,0.1218,0.0585,     0,     0,0
2707.20000000108,0,0, 2.006,0.1218,0.0585,     0,     0,0
2707.25000000108,0,0, 2.006,0.1218,0.0585,     0,     0,0
2707.30000000108,0,0, 2.006,0.1218,0.0585,     0,     0,0
2707.35000000108,0,0, 2.006,0.1218,0.0585,     0,     0,0
2707.40000000108,0,0, 2.006,0.1218,0.0585,     0,     0,0
2707.45000000108,0,0, 2.006,0.1218,0.0585,     0,     0,0
2707.50000000108,0,0, 2.006,0.1218,0.0585,     0,     0,0
2707.55000000108,0,0, 2.006,0.1218,0.0585,     0,     0,0
2707.60000000108,0,0, 2.006,0.1218,0.0585,     0,     0,0
2707.65000000108,0,0, 2.006,0.1218,0.0585,     0,     0,0
2707.70000000108,0,0, 2.006,0.1218,0.0585,     0,     0,0
2707.75000000109,0,0, 2.006,0.1218,0.0585,     0,     0,0
2707.80000000109,0,0, 2.006,0.1218,0.0585,     0,     0,0
2707.85000000109,0,0, 2.006,0.1218,0.0585,     0,     0,0
2707.90000000109,0,0, 2.006,0.1218,0.0585,     0,     0,0
2707.95000000109,0,0, 2.006,0.1218,0.0585,     0,     0,0
2708.00000000109,0,0, 2.006,0.1218,0.0585,     0,     0,0
2708.05000000109,0,0, 2.006,0.1218,0.0585,     0,     0,0
2708.10000000109,0,0, 2.006,0.1218,0.0585,     0,     0,0
2708.15000000109,0,0, 2.006,0.1218,0.0585,     0,     0,0
2708.20000000109,0,0, 2.006,0.1218,0.0585,     0,     0,0
2708.25000000109,0,0, 2.006,0.1218,0.0585,     0,     0,0
2708.30000000109,0,0, 2.006,0.1218,0.0585,     0,     0,0
2708.35000000109,0,0, 2.006,0.1218,0.0585,     0,     0,0
2708.40000000109,0,0, 2.006,0.1218,0.0585,     0,     0,0
2708.45000000109,0,0, 2.006,0.1218,0.0585,     0,     0,0
2708.50000000109,0,0, 2.006,0.1218,0.0585,     0,     0,0
2708.55000000109,0,0, 2.006,0.1218,0.0585,     0,     0,0
2708.60000000109,0,0, 2.006,0.1218,0.0585,     0,     0,0
2708.65000000109,0,0, 2.006,0.1218,0.0585,     0,     0,0
2708.70000000109,0,0, 2.006,0.1218,0.0585,     0,     0,0
2708.75000000109,0,0, 2.006,0.1218,0.0585,     0,     0,0
2708.80000000109,0,0, 2.006,0.1218,0.0585,     0,     0,0
2708.85000000109,0,0, 2.006,0.1218,0.0585,     0,     0,0
2708.90000000109,0,0, 2.006,0.1218,0.0585,     0,     0,0
2708.95000000109,0,0, 2.006,0.1218,0.0585,     0,     0,0
2709.00000000109,0,0, 2.006,0.1218,0.0585,     0,     0,0
2709.05000000109,0,0, 2.006,0.1218,0.0585,     0,     0,0
2709.10000000109,0,0, 2.006,0.1218,0.0585,     0,     0,0
2709.15000000109,0,0, 2.006,0.1218,0.0585,     0,     0,0
2709.20000000109,0,0, 2.006,0.1218,0.0585,     0,     0,0
2709.25000000109,0,0, 2.006,0.1218,0.0585,     0,     0,0
2709.30000000109,0,0, 2.006,0.1218,0.0585,     0,     0,0
2709.35000000109,0,0, 2.006,0.1218,0.0585,     0,     0,0
2709.40000000109,0,0, 2.006,0.1218,0.0585,     0,     0,0
2709.45000000109,0,0, 2.006,0.1218,0.0585,     0,     0,0
2709.50000000109,0,0, 2.006,0.1218,0.0585,     0,     0,0
2709.55000000109,0,0, 2.006,0.1218,0.0585,     0,     0,0
2709.60000000109,0,0, 2.006,0.1218,0.0585,     0,     0,0
2709.65000000109,0,0, 2.006,0.1218,0.0585,     0,     0,0
2709.70000000109,0,0, 2.006,0.1218,0.0585,     0,     0,0
2709.75000000109,0,0, 2.006,0.1218,0.0585,     0,     0,0
2709.80000000109,0,0, 2.006,0.1218,0.0585,     0,     0,0
2709.85000000109,0,0, 2.006,0.1218,0.0585,     0,     0,0
2709.90000000109,0,0, 2.006,0.1218,0.0585,     0,     0,0
2709.95000000109,0,0, 2.006,0.1218,0.0585,     0,     0,0
2710.00000000109,0,0, 2.006,0.1218,0.0585,     0,     0,0
2710.05000000109,0,0, 2.006,0.1218,0.0585,     0,     0,0
2710.10000000109,0,0, 2.006,0.1218,0.0585,     0,     0,0
2710.15000000109,0,0, 2.006,0.1218,0.0585,     0,     0,0
2710.20000000109,0,0, 2.006,0.1218,0.0585,     0,     0,0
2710.25000000109,0,0, 2.006,0.1218,0.0585,     0,     0,0
2710.30000000109,0,0, 2.006,0.1218,0.0585,     0,     0,0
2710.35000000109,0,0, 2.006,0.1218,0.0585,     0,     0,0
2710.40000000109,0,0, 2.006,0.1218,0.0585,     0,     0,0
2710.45000000109,0,0, 2.006,0.1218,0.0585,     0,     0,0
2710.5000000011,0,0, 2.006,0.1218,0.0585,     0,     0,0
2710.5500000011,0,0, 2.006,0.1218,0.0585,     0,     0,0
2710.6000000011,0,0, 2.006,0.1218,0.0585,     0,     0,0
2710.6500000011,0,0, 2.006,0.1218,0.0585,     0,     0,0
2710.7000000011,0,0, 2.006,0.1218,0.0585,     0,     0,0
2710.7500000011,0,0, 2.006,0.1218,0.0585,     0,     0,0
2710.8000000011,0,0, 2.006,0.1218,0.0585,     0,     0,0
2710.8500000011,0,0, 2.006,0.1218,0.0585,     0,     0,0
2710.9000000011,0,0, 2.006,0.1218,0.0585,     0,     0,0
2710.9500000011,0,0, 2.006,0.1218,0.0585,     0,     0,0
2711.0000000011,0,0, 2.006,0.1218,0.0585,     0,     0,0
2711.0500000011,0,0, 2.006,0.1218,0.0585,     0,     0,0
2711.1000000011,0,0, 2.006,0.1218,0.0585,     0,     0,0
2711.1500000011,0,0, 2.006,0.1218,0.0585,     0,     0,0
2711.2000000011,0,0, 2.006,0.1218,0.0585,     0,     0,0
2711.2500000011,0,0, 2.006,0.1218,0.0585,     0,     0,0
2711.3000000011,0,0, 2.006,0.1218,0.0585,     0,     0,0
2711.3500000011,0,0, 2.006,0.1218,0.0585,     0,     0,0
2711.4000000011,0,0, 2.006,0.1218,0.0585,     0,     0,0
2711.4500000011,0,0, 2.006,0.1218,0.0585,     0,     0,0
2711.5000000011,0,0, 2.006,0.1218,0.0585,     0,     0,0
2711.5500000011,0,0, 2.006,0.1218,0.0585,     0,     0,0
2711.6000000011,0,0, 2.006,0.1218,0.0585,     0,     0,0
2711.6500000011,0,0, 2.006,0.1218,0.0585,     0,     0,0
2711.7000000011,0,0, 2.006,0.1218,0.0585,     0,     0,0
2711.7500000011,0,0, 2.006,0.1218,0.0585,     0,     0,0
2711.8000000011,0,0, 2.006,0.1218,0.0585,     0,     0,0
2711.8500000011,0,0, 2.006,0.1218,0.0585,     0,     0,0
2711.9000000011,0,0, 2.006,0.1218,0.0585,     0,     0,0
2711.9500000011,0,0, 2.006,0.1218,0.0585,     0,     0,0
2712.0000000011,0,0, 2.006,0.1218,0.0585,     0,     0,0
2712.0500000011,0,0, 2.006,0.1218,0.0585,     0,     0,0
2712.1000000011,0,0, 2.006,0.1218,0.0585,     0,     0,0
2712.1500000011,0,0, 2.006,0.1218,0.0585,     0,     0,0
2712.2000000011,0,0, 2.006,0.1218,0.0585,     0,     0,0
2712.2500000011,0,0, 2.006,0.1218,0.0585,     0,     0,0
2712.3000000011,0,0, 2.006,0.1218,0.0585,     0,     0,0
2712.3500000011,0,0, 2.006,0.1218,0.0585,     0,     0,0
2712.4000000011,0,0, 2.006,0.1218,0.0585,     0,     0,0
2712.4500000011,0,0, 2.006,0.1218,0.0585,     0,     0,0
2712.5000000011,0,0, 2.006,0.1218,0.0585,     0,     0,0
2712.5500000011,0,0, 2.006,0.1218,0.0585,     0,     0,0
2712.6000000011,0,0, 2.006,0.1218,0.0585,     0,     0,0
2712.6500000011,0,0, 2.006,0.1218,0.0585,     0,     0,0
2712.7000000011,0,0, 2.006,0.1218,0.0585,     0,     0,0
2712.7500000011,0,0, 2.006,0.1218,0.0585,     0,     0,0
2712.8000000011,0,0, 2.006,0.1218,0.0585,     0,     0,0
2712.8500000011,0,0, 2.006,0.1218,0.0585,     0,     0,0
2712.9000000011,0,0, 2.006,0.1218,0.0585,     0,     0,0
2712.9500000011,0,0, 2.006,0.1218,0.0585,     0,     0,0
2713.0000000011,0,0, 2.006,0.1218,0.0585,     0,     0,0
2713.0500000011,0,0, 2.006,0.1218,0.0585,     0,     0,0
2713.1000000011,0,0, 2.006,0.1218,0.0585,     0,     0,0
2713.1500000011,0,0, 2.006,0.1218,0.0585,     0,     0,0
2713.2000000011,0,0, 2.006,0.1218,0.0585,     0,     0,0
2713.25000000111,0,0, 2.006,0.1218,0.0585,     0,     0,0
2713.30000000111,0,0, 2.006,0.1218,0.0585,     0,     0,0
2713.35000000111,0,0, 2.006,0.1218,0.0585,     0,     0,0
2713.40000000111,0,0, 2.006,0.1218,0.0585,     0,     0,0
2713.45000000111,0,0, 2.006,0.1218,0.0585,     0,     0,0
2713.50000000111,0,0, 2.006,0.1218,0.0585,     0,     0,0
2713.55000000111,0,0, 2.006,0.1218,0.0585,     0,     0,0
2713.60000000111,0,0, 2.006,0.1218,0.0585,     0,     0,0
2713.65000000111,0,0, 2.006,0.1218,0.0585,     0,     0,0
2713.70000000111,0,0, 2.006,0.1218,0.0585,     0,     0,0
2713.75000000111,0,0, 2.006,0.1218,0.0585,     0,     0,0
2713.80000000111,0,0, 2.006,0.1218,0.0585,     0,     0,0
2713.85000000111,0,0, 2.006,0.1218,0.0585,     0,     0,0
2713.90000000111,0,0, 2.006,0.1218,0.0585,     0,     0,0
2713.95000000111,0,0, 2.006,0.1218,0.0585,     0,     0,0
2714.00000000111,0,0, 2.006,0.1218,0.0585,     0,     0,0
2714.05000000111,0,0, 2.006,0.1218,0.0585,     0,     0,0
2714.10000000111,0,0, 2.006,0.1218,0.0585,     0,     0,0
2714.15000000111,0,0, 2.006,0.1218,0.0585,     0,     0,0
2714.20000000111,0,0, 2.006,0.1218,0.0585,     0,     0,0
2714.25000000111,0,0, 2.006,0.1218,0.0585,     0,     0,0
2714.30000000111,0,0, 2.006,0.1218,0.0585,     0,     0,0
2714.35000000111,0,0, 2.006,0.1218,0.0585,     0,     0,0
2714.40000000111,0,0, 2.006,0.1218,0.0585,     0,     0,0
2714.45000000111,0,0, 2.006,0.1218,0.0585,     0,     0,0
2714.50000000111,0,0, 2.006,0.1218,0.0585,     0,     0,0
2714.55000000111,0,0, 2.006,0.1218,0.0585,     0,     0,0
2714.60000000111,0,0, 2.006,0.1218,0.0585,     0,     0,0
2714.65000000111,0,0, 2.006,0.1218,0.0585,     0,     0,0
2714.70000000111,0,0, 2.006,0.1218,0.0585,     0,     0,0
2714.75000000111,0,0, 2.006,0.1218,0.0585,     0,     0,0
2714.80000000111,0,0, 2.006,0.1218,0.0585,     0,     0,0
2714.85000000111,0,0, 2.006,0.1218,0.0585,     0,     0,0
2714.90000000111,0,0, 2.006,0.1218,0.0585,     0,     0,0
2714.95000000111,0,0, 2.006,0.1218,0.0585,     0,     0,0
2715.00000000111,0,0, 2.006,0.1218,0.0585,     0,     0,0
2715.05000000111,0,0, 2.006,0.1218,0.0585,     0,     0,0
2715.10000000111,0,0, 2.006,0.1218,0.0585,     0,     0,0
2715.15000000111,0,0, 2.006,0.1218,0.0585,     0,     0,0
2715.20000000111,0,0, 2.006,0.1218,0.0585,     0,     0,0
2715.25000000111,0,0, 2.006,0.1218,0.0585,     0,     0,0
2715.30000000111,0,0, 2.006,0.1218,0.0585,     0,     0,0
2715.35000000111,0,0, 2.006,0.1218,0.0585,     0,     0,0
2715.40000000111,0,0, 2.006,0.1218,0.0585,     0,     0,0
2715.45000000111,0,0, 2.006,0.1218,0.0585,     0,     0,0
2715.50000000111,0,0, 2.006,0.1218,0.0585,     0,     0,0
2715.55000000111,0,0, 2.006,0.1218,0.0585,     0,     0,0
2715.60000000111,0,0, 2.006,0.1218,0.0585,     0,     0,0
2715.65000000111,0,0, 2.006,0.1218,0.0585,     0,     0,0
2715.70000000111,0,0, 2.006,0.1218,0.0585,     0,     0,0
2715.75000000111,0,0, 2.006,0.1218,0.0585,     0,     0,0
2715.80000000111,0,0, 2.006,0.1218,0.0585,     0,     0,0
2715.85000000111,0,0, 2.006,0.1218,0.0585,     0,     0,0
2715.90000000111,0,0, 2.006,0.1218,0.0585,     0,     0,0
2715.95000000111,0,0, 2.006,0.1218,0.0585,     0,     0,0
2716.00000000112,0,0, 2.006,0.1218,0.0585,     0,     0,0
2716.05000000112,0,0, 2.006,0.1218,0.0585,     0,     0,0
2716.10000000112,0,0, 2.006,0.1218,0.0585,     0,     0,0
2716.15000000112,0,0, 2.006,0.1218,0.0585,     0,     0,0
2716.20000000112,0,0, 2.006,0.1218,0.0585,     0,     0,0
2716.25000000112,0,0, 2.006,0.1218,0.0585,     0,     0,0
2716.30000000112,0,0, 2.006,0.1218,0.0585,     0,     0,0
2716.35000000112,0,0, 2.006,0.1218,0.0585,     0,     0,0
2716.40000000112,0,0, 2.006,0.1218,0.0585,     0,     0,0
2716.45000000112,0,0, 2.006,0.1218,0.0585,     0,     0,0
2716.50000000112,0,0, 2.006,0.1218,0.0585,     0,     0,0
2716.55000000112,0,0, 2.006,0.1218,0.0585,     0,     0,0
2716.60000000112,0,0, 2.006,0.1218,0.0585,     0,     0,0
2716.65000000112,0,0, 2.006,0.1218,0.0585,     0,     0,0
2716.70000000112,0,0, 2.006,0.1218,0.0585,     0,     0,0
2716.75000000112,0,0, 2.006,0.1218,0.0585,     0,     0,0
2716.80000000112,0,0, 2.006,0.1218,0.0585,     0,     0,0
2716.85000000112,0,0, 2.006,0.1218,0.0585,     0,     0,0
2716.90000000112,0,0, 2.006,0.1218,0.0585,     0,     0,0
2716.95000000112,0,0, 2.006,0.1218,0.0585,     0,     0,0
2717.00000000112,0,0, 2.006,0.1218,0.0585,     0,     0,0
2717.05000000112,0,0, 2.006,0.1218,0.0585,     0,     0,0
2717.10000000112,0,0, 2.006,0.1218,0.0585,     0,     0,0
2717.15000000112,0,0, 2.006,0.1218,0.0585,     0,     0,0
2717.20000000112,0,0, 2.006,0.1218,0.0585,     0,     0,0
2717.25000000112,0,0, 2.006,0.1218,0.0585,     0,     0,0
2717.30000000112,0,0, 2.006,0.1218,0.0585,     0,     0,0
2717.35000000112,0,0, 2.006,0.1218,0.0585,     0,     0,0
2717.40000000112,0,0, 2.006,0.1218,0.0585,     0,     0,0
2717.45000000112,0,0, 2.006,0.1218,0.0585,     0,     0,0
2717.50000000112,0,0, 2.006,0.1218,0.0585,     0,     0,0
2717.55000000112,0,0, 2.006,0.1218,0.0585,     0,     0,0
2717.60000000112,0,0, 2.006,0.1218,0.0585,     0,     0,0
2717.65000000112,0,0, 2.006,0.1218,0.0585,     0,     0,0
2717.70000000112,0,0, 2.006,0.1218,0.0585,     0,     0,0
2717.75000000112,0,0, 2.006,0.1218,0.0585,     0,     0,0
2717.80000000112,0,0, 2.006,0.1218,0.0585,     0,     0,0
2717.85000000112,0,0, 2.006,0.1218,0.0585,     0,     0,0
2717.90000000112,0,0, 2.006,0.1218,0.0585,     0,     0,0
2717.95000000112,0,0, 2.006,0.1218,0.0585,     0,     0,0
2718.00000000112,0,0, 2.006,0.1218,0.0585,     0,     0,0
2718.05000000112,0,0, 2.006,0.1218,0.0585,     0,     0,0
2718.10000000112,0,0, 2.006,0.1218,0.0585,     0,     0,0
2718.15000000112,0,0, 2.006,0.1218,0.0585,     0,     0,0
2718.20000000112,0,0, 2.006,0.1218,0.0585,     0,     0,0
2718.25000000112,0,0, 2.006,0.1218,0.0585,     0,     0,0
2718.30000000112,0,0, 2.006,0.1218,0.0585,     0,     0,0
2718.35000000112,0,0, 2.006,0.1218,0.0585,     0,     0,0
2718.40000000112,0,0, 2.006,0.1218,0.0585,     0,     0,0
2718.45000000112,0,0, 2.006,0.1218,0.0585,     0,     0,0
2718.50000000112,0,0, 2.006,0.1218,0.0585,     0,     0,0
2718.55000000112,0,0, 2.006,0.1218,0.0585,     0,     0,0
2718.60000000112,0,0, 2.006,0.1218,0.0585,     0,     0,0
2718.65000000112,0,0, 2.006,0.1218,0.0585,     0,     0,0
2718.70000000112,0,0, 2.006,0.1218,0.0585,     0,     0,0
2718.75000000113,0,0, 2.006,0.1218,0.0585,     0,     0,0
2718.80000000113,0,0, 2.006,0.1218,0.0585,     0,     0,0
2718.85000000113,0,0, 2.006,0.1218,0.0585,     0,     0,0
2718.90000000113,0,0, 2.006,0.1218,0.0585,     0,     0,0
2718.95000000113,0,0, 2.006,0.1218,0.0585,     0,     0,0
2719.00000000113,0,0, 2.006,0.1218,0.0585,     0,     0,0
2719.05000000113,0,0, 2.006,0.1218,0.0585,     0,     0,0
2719.10000000113,0,0, 2.006,0.1218,0.0585,     0,     0,0
2719.15000000113,0,0, 2.006,0.1218,0.0585,     0,     0,0
2719.20000000113,0,0, 2.006,0.1218,0.0585,     0,     0,0
2719.25000000113,0,0, 2.006,0.1218,0.0585,     0,     0,0
2719.30000000113,0,0, 2.006,0.1218,0.0585,     0,     0,0
2719.35000000113,0,0, 2.006,0.1218,0.0585,     0,     0,0
2719.40000000113,0,0, 2.006,0.1218,0.0585,     0,     0,0
2719.45000000113,0,0, 2.006,0.1218,0.0585,     0,     0,0
2719.50000000113,0,0, 2.006,0.1218,0.0585,     0,     0,0
2719.55000000113,0,0, 2.006,0.1218,0.0585,     0,     0,0
2719.60000000113,0,0, 2.006,0.1218,0.0585,     0,     0,0
2719.65000000113,0,0, 2.006,0.1218,0.0585,     0,     0,0
2719.70000000113,0,0, 2.006,0.1218,0.0585,     0,     0,0
2719.75000000113,0,0, 2.006,0.1218,0.0585,     0,     0,0
2719.80000000113,0,0, 2.006,0.1218,0.0585,     0,     0,0
2719.85000000113,0,0, 2.006,0.1218,0.0585,     0,     0,0
2719.90000000113,0,0, 2.006,0.1218,0.0585,     0,     0,0
2719.95000000113,0,0, 2.006,0.1218,0.0585,     0,     0,0
2720.00000000113,0,0, 2.006,0.1218,0.0585,     0,     0,0
2720.05000000113,0,0, 2.006,0.1218,0.0585,     0,     0,0
2720.10000000113,0,0, 2.006,0.1218,0.0585,     0,     0,0
2720.15000000113,0,0, 2.006,0.1218,0.0585,     0,     0,0
2720.20000000113,0,0, 2.006,0.1218,0.0585,     0,     0,0
2720.25000000113,0,0, 2.006,0.1218,0.0585,     0,     0,0
2720.30000000113,0,0, 2.006,0.1218,0.0585,     0,     0,0
2720.35000000113,0,0, 2.006,0.1218,0.0585,     0,     0,0
2720.40000000113,0,0, 2.006,0.1218,0.0585,     0,     0,0
2720.45000000113,0,0, 2.006,0.1218,0.0585,     0,     0,0
2720.50000000113,0,0, 2.006,0.1218,0.0585,     0,     0,0
2720.55000000113,0,0, 2.006,0.1218,0.0585,     0,     0,0
2720.60000000113,0,0, 2.006,0.1218,0.0585,     0,     0,0
2720.65000000113,0,0, 2.006,0.1218,0.0585,     0,     0,0
2720.70000000113,0,0, 2.006,0.1218,0.0585,     0,     0,0
2720.75000000113,0,0, 2.006,0.1218,0.0585,     0,     0,0
2720.80000000113,0,0, 2.006,0.1218,0.0585,     0,     0,0
2720.85000000113,0,0, 2.006,0.1218,0.0585,     0,     0,0
2720.90000000113,0,0, 2.006,0.1218,0.0585,     0,     0,0
2720.95000000113,0,0, 2.006,0.1218,0.0585,     0,     0,0
2721.00000000113,0,0, 2.006,0.1218,0.0585,     0,     0,0
2721.05000000113,0,0, 2.006,0.1218,0.0585,     0,     0,0
2721.10000000113,0,0, 2.006,0.1218,0.0585,     0,     0,0
2721.15000000113,0,0, 2.006,0.1218,0.0585,     0,     0,0
2721.20000000113,0,0, 2.006,0.1218,0.0585,     0,     0,0
2721.25000000113,0,0, 2.006,0.1218,0.0585,     0,     0,0
2721.30000000113,0,0, 2.006,0.1218,0.0585,     0,     0,0
2721.35000000113,0,0, 2.006,0.1218,0.0585,     0,     0,0
2721.40000000113,0,0, 2.006,0.1218,0.0585,     0,     0,0
2721.45000000113,0,0, 2.006,0.1218,0.0585,     0,     0,0
2721.50000000114,0,0, 2.006,0.1218,0.0585,     0,     0,0
2721.55000000114,0,0, 2.006,0.1218,0.0585,     0,     0,0
2721.60000000114,0,0, 2.006,0.1218,0.0585,     0,     0,0
2721.65000000114,0,0, 2.006,0.1218,0.0585,     0,     0,0
2721.70000000114,0,0, 2.006,0.1218,0.0585,     0,     0,0
2721.75000000114,0,0, 2.006,0.1218,0.0585,     0,     0,0
2721.80000000114,0,0, 2.006,0.1218,0.0585,     0,     0,0
2721.85000000114,0,0, 2.006,0.1218,0.0585,     0,     0,0
2721.90000000114,0,0, 2.006,0.1218,0.0585,     0,     0,0
2721.95000000114,0,0, 2.006,0.1218,0.0585,     0,     0,0
2722.00000000114,0,0, 2.006,0.1218,0.0585,     0,     0,0
2722.05000000114,0,0, 2.006,0.1218,0.0585,     0,     0,0
2722.10000000114,0,0, 2.006,0.1218,0.0585,     0,     0,0
2722.15000000114,0,0, 2.006,0.1218,0.0585,     0,     0,0
2722.20000000114,0,0, 2.006,0.1218,0.0585,     0,     0,0
2722.25000000114,0,0, 2.006,0.1218,0.0585,     0,     0,0
2722.30000000114,0,0, 2.006,0.1218,0.0585,     0,     0,0
2722.35000000114,0,0, 2.006,0.1218,0.0585,     0,     0,0
2722.40000000114,0,0, 2.006,0.1218,0.0585,     0,     0,0
2722.45000000114,0,0, 2.006,0.1218,0.0585,     0,     0,0
2722.50000000114,0,0, 2.006,0.1218,0.0585,     0,     0,0
2722.55000000114,0,0, 2.006,0.1218,0.0585,     0,     0,0
2722.60000000114,0,0, 2.006,0.1218,0.0585,     0,     0,0
2722.65000000114,0,0, 2.006,0.1218,0.0585,     0,     0,0
2722.70000000114,0,0, 2.006,0.1218,0.0585,     0,     0,0
2722.75000000114,0,0, 2.006,0.1218,0.0585,     0,     0,0
2722.80000000114,0,0, 2.006,0.1218,0.0585,     0,     0,0
2722.85000000114,0,0, 2.006,0.1218,0.0585,     0,     0,0
2722.90000000114,0,0, 2.006,0.1218,0.0585,     0,     0,0
2722.95000000114,0,0, 2.006,0.1218,0.0585,     0,     0,0
2723.00000000114,0,0, 2.006,0.1218,0.0585,     0,     0,0
2723.05000000114,0,0, 2.006,0.1218,0.0585,     0,     0,0
2723.10000000114,0,0, 2.006,0.1218,0.0585,     0,     0,0
2723.15000000114,0,0, 2.006,0.1218,0.0585,     0,     0,0
2723.20000000114,0,0, 2.006,0.1218,0.0585,     0,     0,0
2723.25000000114,0,0, 2.006,0.1218,0.0585,     0,     0,0
2723.30000000114,0,0, 2.006,0.1218,0.0585,     0,     0,0
2723.35000000114,0,0, 2.006,0.1218,0.0585,     0,     0,0
2723.40000000114,0,0, 2.006,0.1218,0.0585,     0,     0,0
2723.45000000114,0,0, 2.006,0.1218,0.0585,     0,     0,0
2723.50000000114,0,0, 2.006,0.1218,0.0585,     0,     0,0
2723.55000000114,0,0, 2.006,0.1218,0.0585,     0,     0,0
2723.60000000114,0,0, 2.006,0.1218,0.0585,     0,     0,0
2723.65000000114,0,0, 2.006,0.1218,0.0585,     0,     0,0
2723.70000000114,0,0, 2.006,0.1218,0.0585,     0,     0,0
2723.75000000114,0,0, 2.006,0.1218,0.0585,     0,     0,0
2723.80000000114,0,0, 2.006,0.1218,0.0585,     0,     0,0
2723.85000000114,0,0, 2.006,0.1218,0.0585,     0,     0,0
2723.90000000114,0,0, 2.006,0.1218,0.0585,     0,     0,0
2723.95000000114,0,0, 2.006,0.1218,0.0585,     0,     0,0
2724.00000000114,0,0, 2.006,0.1218,0.0585,     0,     0,0
2724.05000000114,0,0, 2.006,0.1218,0.0585,     0,     0,0
2724.10000000114,0,0, 2.006,0.1218,0.0585,     0,     0,0
2724.15000000114,0,0, 2.006,0.1218,0.0585,     0,     0,0
2724.20000000114,0,0, 2.006,0.1218,0.0585,     0,     0,0
2724.25000000115,0,0, 2.006,0.1218,0.0585,     0,     0,0
2724.30000000115,0,0, 2.006,0.1218,0.0585,     0,     0,0
2724.35000000115,0,0, 2.006,0.1218,0.0585,     0,     0,0
2724.40000000115,0,0, 2.006,0.1218,0.0585,     0,     0,0
2724.45000000115,0,0, 2.006,0.1218,0.0585,     0,     0,0
2724.50000000115,0,0, 2.006,0.1218,0.0585,     0,     0,0
2724.55000000115,0,0, 2.006,0.1218,0.0585,     0,     0,0
2724.60000000115,0,0, 2.006,0.1218,0.0585,     0,     0,0
2724.65000000115,0,0, 2.006,0.1218,0.0585,     0,     0,0
2724.70000000115,0,0, 2.006,0.1218,0.0585,     0,     0,0
2724.75000000115,0,0, 2.006,0.1218,0.0585,     0,     0,0
2724.80000000115,0,0, 2.006,0.1218,0.0585,     0,     0,0
2724.85000000115,0,0, 2.006,0.1218,0.0585,     0,     0,0
2724.90000000115,0,0, 2.006,0.1218,0.0585,     0,     0,0
2724.95000000115,0,0, 2.006,0.1218,0.0585,     0,     0,0
2725.00000000115,0,0, 2.006,0.1218,0.0585,     0,     0,0
2725.05000000115,0,0, 2.006,0.1218,0.0585,     0,     0,0
2725.10000000115,0,0, 2.006,0.1218,0.0585,     0,     0,0
2725.15000000115,0,0, 2.006,0.1218,0.0585,     0,     0,0
2725.20000000115,0,0, 2.006,0.1218,0.0585,     0,     0,0
2725.25000000115,0,0, 2.006,0.1218,0.0585,     0,     0,0
2725.30000000115,0,0, 2.006,0.1218,0.0585,     0,     0,0
2725.35000000115,0,0, 2.006,0.1218,0.0585,     0,     0,0
2725.40000000115,0,0, 2.006,0.1218,0.0585,     0,     0,0
2725.45000000115,0,0, 2.006,0.1218,0.0585,     0,     0,0
2725.50000000115,0,0, 2.006,0.1218,0.0585,     0,     0,0
2725.55000000115,0,0, 2.006,0.1218,0.0585,     0,     0,0
2725.60000000115,0,0, 2.006,0.1218,0.0585,     0,     0,0
2725.65000000115,0,0, 2.006,0.1218,0.0585,     0,     0,0
2725.70000000115,0,0, 2.006,0.1218,0.0585,     0,     0,0
2725.75000000115,0,0, 2.006,0.1218,0.0585,     0,     0,0
2725.80000000115,0,0, 2.006,0.1218,0.0585,     0,     0,0
2725.85000000115,0,0, 2.006,0.1218,0.0585,     0,     0,0
2725.90000000115,0,0, 2.006,0.1218,0.0585,     0,     0,0
2725.95000000115,0,0, 2.006,0.1218,0.0585,     0,     0,0
2726.00000000115,0,0, 2.006,0.1218,0.0585,     0,     0,0
2726.05000000115,0,0, 2.006,0.1218,0.0585,     0,     0,0
2726.10000000115,0,0, 2.006,0.1218,0.0585,     0,     0,0
2726.15000000115,0,0, 2.006,0.1218,0.0585,     0,     0,0
2726.20000000115,0,0, 2.006,0.1218,0.0585,     0,     0,0
2726.25000000115,0,0, 2.006,0.1218,0.0585,     0,     0,0
2726.30000000115,0,0, 2.006,0.1218,0.0585,     0,     0,0
2726.35000000115,0,0, 2.006,0.1218,0.0585,     0,     0,0
2726.40000000115,0,0, 2.006,0.1218,0.0585,     0,     0,0
2726.45000000115,0,0, 2.006,0.1218,0.0585,     0,     0,0
2726.50000000115,0,0, 2.006,0.1218,0.0585,     0,     0,0
2726.55000000115,0,0, 2.006,0.1218,0.0585,     0,     0,0
2726.60000000115,0,0, 2.006,0.1218,0.0585,     0,     0,0
2726.65000000115,0,0, 2.006,0.1218,0.0585,     0,     0,0
2726.70000000115,0,0, 2.006,0.1218,0.0585,     0,     0,0
2726.75000000115,0,0, 2.006,0.1218,0.0585,     0,     0,0
2726.80000000115,0,0, 2.006,0.1218,0.0585,     0,     0,0
2726.85000000115,0,0, 2.006,0.1218,0.0585,     0,     0,0
2726.90000000115,0,0, 2.006,0.1218,0.0585,     0,     0,0
2726.95000000115,0,0, 2.006,0.1218,0.0585,     0,     0,0
2727.00000000116,0,0, 2.006,0.1218,0.0585,     0,     0,0
2727.05000000116,0,0, 2.006,0.1218,0.0585,     0,     0,0
2727.10000000116,0,0, 2.006,0.1218,0.0585,     0,     0,0
2727.15000000116,0,0, 2.006,0.1218,0.0585,     0,     0,0
2727.20000000116,0,0, 2.006,0.1218,0.0585,     0,     0,0
2727.25000000116,0,0, 2.006,0.1218,0.0585,     0,     0,0
2727.30000000116,0,0, 2.006,0.1218,0.0585,     0,     0,0
2727.35000000116,0,0, 2.006,0.1218,0.0585,     0,     0,0
2727.40000000116,0,0, 2.006,0.1218,0.0585,     0,     0,0
2727.45000000116,0,0, 2.006,0.1218,0.0585,     0,     0,0
2727.50000000116,0,0, 2.006,0.1218,0.0585,     0,     0,0
2727.55000000116,0,0, 2.006,0.1218,0.0585,     0,     0,0
2727.60000000116,0,0, 2.006,0.1218,0.0585,     0,     0,0
2727.65000000116,0,0, 2.006,0.1218,0.0585,     0,     0,0
2727.70000000116,0,0, 2.006,0.1218,0.0585,     0,     0,0
2727.75000000116,0,0, 2.006,0.1218,0.0585,     0,     0,0
2727.80000000116,0,0, 2.006,0.1218,0.0585,     0,     0,0
2727.85000000116,0,0, 2.006,0.1218,0.0585,     0,     0,0
2727.90000000116,0,0, 2.006,0.1218,0.0585,     0,     0,0
2727.95000000116,0,0, 2.006,0.1218,0.0585,     0,     0,0
2728.00000000116,0,0, 2.006,0.1218,0.0585,     0,     0,0
2728.05000000116,0,0, 2.006,0.1218,0.0585,     0,     0,0
2728.10000000116,0,0, 2.006,0.1218,0.0585,     0,     0,0
2728.15000000116,0,0, 2.006,0.1218,0.0585,     0,     0,0
2728.20000000116,0,0, 2.006,0.1218,0.0585,     0,     0,0
2728.25000000116,0,0, 2.006,0.1218,0.0585,     0,     0,0
2728.30000000116,0,0, 2.006,0.1218,0.0585,     0,     0,0
2728.35000000116,0,0, 2.006,0.1218,0.0585,     0,     0,0
2728.40000000116,0,0, 2.006,0.1218,0.0585,     0,     0,0
2728.45000000116,0,0, 2.006,0.1218,0.0585,     0,     0,0
2728.50000000116,0,0, 2.006,0.1218,0.0585,     0,     0,0
2728.55000000116,0,0, 2.006,0.1218,0.0585,     0,     0,0
2728.60000000116,0,0, 2.006,0.1218,0.0585,     0,     0,0
2728.65000000116,0,0, 2.006,0.1218,0.0585,     0,     0,0
2728.70000000116,0,0, 2.006,0.1218,0.0585,     0,     0,0
2728.75000000116,0,0, 2.006,0.1218,0.0585,     0,     0,0
2728.80000000116,0,0, 2.006,0.1218,0.0585,     0,     0,0
2728.85000000116,0,0, 2.006,0.1218,0.0585,     0,     0,0
2728.90000000116,0,0, 2.006,0.1218,0.0585,     0,     0,0
2728.95000000116,0,0, 2.006,0.1218,0.0585,     0,     0,0
2729.00000000116,0,0, 2.006,0.1218,0.0585,     0,     0,0
2729.05000000116,0,0, 2.006,0.1218,0.0585,     0,     0,0
2729.10000000116,0,0, 2.006,0.1218,0.0585,     0,     0,0
2729.15000000116,0,0, 2.006,0.1218,0.0585,     0,     0,0
++++++++++,++++++++++,++++++++++,++++++++++,++++++++++,++++++++++,++++++++++,++++++++++,++++++++++,++++++++++,++++++++++,++++++++++
Run:,2
2729.20000000116,0,0,     0,     0,     0,     0, -0.05,0
2729.25000000116,22,0,0.001038,-5.386E-6,-0.01038,     0, -0.05,0
2729.30000000116,32,-14,0.001887,-0.00002341,-0.03208,     0, -0.05,0
2729.35000000116,46,-29,0.002688,-0.00006332,-0.06746,     0, -0.05,0
2729.40000000116,61,-48,0.003299,-0.0001204,-0.1189,     0, -0.05,0
2729.45000000116,65,-61,0.003485,-0.0001483,-0.1783,     0, -0.05,0
2729.50000000116,60,-64,0.003301,-0.0001094,-0.2368,     0, -0.05,0
2729.55000000116,55,-59,0.003118,-0.00006024,-0.2906,     0, -0.05,0
2729.60000000116,51,-53,0.003029,-0.00003099,-0.3397,     0, -0.05,0
2729.65000000116,48,-51,0.002896,0.00001927,-0.3864,     0, -0.05,0
2729.70000000116,51,-50,0.00294,4.565E-7,-0.434,     0, -0.05,0
2729.75000000117,51,-51,0.00294,4.565E-7,-0.4822,     0, -0.05,0
2729.80000000117,55,-54,0.002981,-0.00002249,-0.5336,     0, -0.05,0
2729.85000000117,54,-56,0.002901,0.0000276,-0.5855,     0, -0.05,0
2729.90000000117,54,-56,0.002824,0.00008176,-0.6374,     0, -0.05,0
2729.95000000117,51,-53,0.002749,0.0001398,-0.6864,     0, -0.05,0
2730.00000000117,50,-53,0.002642,0.0002321,-0.735,     0, -0.05,0
2730.05000000117,49,-52,0.002539,0.0003295,-0.7827,     0, -0.05,0
2730.10000000117,52,-53,0.002507,0.0003636,-0.8322,     0, -0.05,0
2730.15000000117,54,-52,0.002568,0.0002922,-0.8822,     0, -0.05,0
2730.20000000117,56,-53,0.002655,0.0001807,-0.9336,     0, -0.05,0
2730.25000000117,55,-53,0.00271,0.0001034,-0.9846,     0, -0.05,0
2730.30000000117,53,-51,0.00276,0.00002356,-1.034,     0, -0.05,0
2730.35000000117,52,-52,0.00276,0.00002356,-1.083,     0, -0.05,0
2730.40000000117,52,-53,0.002739,0.00006576,-1.132,     0, -0.05,0
2730.45000000117,52,-54,0.002701,0.0001522,-1.182,     0, -0.05,0
2730.50000000117,53,-54,0.002684,0.0001963,-1.233,     0, -0.05,0
2730.55000000117,51,-54,0.002641,0.0003309,-1.282,     0, -0.05,0
2730.60000000117,52,-53,0.002628,0.0003765,-1.332,     0, -0.05,0
2730.65000000117,50,-53,0.002598,0.0005147, -1.38,     0, -0.05,0
2730.70000000117,53,-54,0.00259,0.0005613,-1.431,     0, -0.05,0
2730.75000000117,55,-54,0.002596,0.0005144,-1.482,     0, -0.05,0
2730.80000000117,57,-54,0.002604,0.0003731,-1.535,     0, -0.05,0
2730.85000000117,54,-52,0.002606,0.0002788,-1.585,     0, -0.05,0
2730.90000000117,52,-53,0.002607,0.0003259,-1.634,     0, -0.05,0
2730.95000000117,54,-55,0.002612,0.0003729,-1.686,     0, -0.05,0
2731.00000000117,54,-55,0.002618,0.0004196,-1.737,     0, -0.05,0
2731.05000000117,55,-52,0.002591,0.0002807,-1.788,     0, -0.05,0
2731.10000000117,53,-51,0.002569,0.0001891,-1.837,     0, -0.05,0
2731.15000000117,54,-51,0.002528,0.00005348,-1.886,     0, -0.05,0
2731.20000000117,55,-54,0.002512,9.015E-6,-1.938,     0, -0.05,0
2731.25000000117,55,-54,0.002494,-0.00003457,-1.989,     0, -0.05,0
2731.30000000117,54,-53,0.002474,-0.00007719,-2.039,     0, -0.05,0
2731.35000000117,53,-51,0.002429,-0.0001603,-2.089,     0, -0.05,0
2731.40000000117,52,-52,0.002429,-0.0001603,-2.138,     0, -0.05,0
2731.45000000117,51,-53,0.002482,-0.00008197,-2.187,     0, -0.05,0
2731.50000000117,54,-54,0.002482,-0.00008197,-2.238,     0, -0.05,0
2731.55000000117,57,-53,0.002361,-0.0002272, -2.29,     0, -0.05,0
2731.60000000117,54,-53,0.00233,-0.0002619, -2.34,     0, -0.05,0
2731.65000000117,55,-55,0.00233,-0.0002619,-2.392,     0, -0.05,0
2731.70000000117,52,-53,0.002365,-0.0002306,-2.441,     0, -0.05,0
2731.75000000117,52,-52,0.002365,-0.0002306,-2.491,     0, -0.05,0
2731.80000000117,51,-53,0.002441,-0.0001753, -2.54,     0, -0.05,0
2731.85000000117,54,-54,0.002441,-0.0001753,-2.591,     0, -0.03,0
2731.90000000117,36,-40,0.002604,-0.00007937,-2.626,     0, -0.03,0
2731.95000000117,21,-23,0.002686,-0.00003373,-2.647,     0, -0.03,0
2732.00000000117,24,-23,0.002645,-0.00005566,-2.669,     0, -0.03,0
2732.05000000117,32,-32,0.002645,-0.00005566,  -2.7,     0, -0.03,0
2732.10000000117,42,-39,0.002516,-0.0001138,-2.738,     0, -0.03,0
2732.15000000117,40,-39,0.002472,-0.0001315,-2.775,     0, -0.03,0
2732.20000000117,30,-32,0.00256,-0.00009895,-2.804,     0, -0.03,0
2732.25000000117,26,-27,0.002605,-0.0000839,-2.829,     0, -0.03,0
2732.30000000117,30,-31,0.00265,-0.00007005,-2.858,     0, -0.03,0
2732.35000000117,36,-33,0.002514,-0.0001074,-2.891,     0, -0.03,0
2732.40000000117,36,-35,0.002468,-0.0001184,-2.924,     0, -0.03,0
2732.45000000117,28,-31,0.002606,-0.00008976,-2.952,     0, -0.03,0
2732.50000000118,32,-31,0.00256,-0.00009797,-2.982,     0, -0.03,0
2732.55000000118,31,-30,0.002513,-0.0001048, -3.01,     0, -0.03,0
2732.60000000118,30,-32,0.002607,-0.00009384, -3.04,     0, -0.03,0
2732.65000000118,33,-32,0.00256,-0.00009792, -3.07,     0, -0.03,0
2732.70000000118,34,-32,0.002466,-0.0001032,-3.101,     0, -0.03,0
2732.75000000118,32,-33,0.002513,-0.000102,-3.132,     0, -0.03,0
2732.80000000118,32,-32,0.002513,-0.000102,-3.162,     0, -0.03,0
2732.85000000118,32,-33,0.00256,-0.0001037,-3.193,     0,     0,1
2732.90000000118,15,-17,0.002654,-0.0001093,-3.208,     0,     0,1
2732.95000000118,-1,1,0.002654,-0.0001093,-3.207,     0,     0,1
2733.00000000118,0,0,0.002654,-0.0001093,-3.207,     0,     0,1
2733.05000000118,0,0,0.002654,-0.0001093,-3.207,     0,     0,0
2733.10000000118,0,0,0.002654,-0.0001093,-3.207,     0,     0,0
2733.15000000118,0,0,0.002654,-0.0001093,-3.207,     0,     0,0
2733.20000000118,0,0,0.002654,-0.0001093,-3.207,     0,     0,0
2733.25000000118,0,0,0.002654,-0.0001093,-3.207,     0,     0,0
2733.30000000118,0,0,0.002654,-0.0001093,-3.207,     0,     0,0
2733.35000000118,0,0,0.002654,-0.0001093,-3.207,     0,     0,0
2733.40000000118,0,0,0.002654,-0.0001093,-3.207,     0,     0,0
2733.45000000118,0,0,0.002654,-0.0001093,-3.207,     0,     0,0
2733.50000000118,0,0,0.002654,-0.0001093,-3.207,     0,     0,0
2733.55000000118,0,0,0.002654,-0.0001093,-3.207,     0,     0,0
2733.60000000118,0,0,0.002654,-0.0001093,-3.207,     0,     0,0
2733.65000000118,0,0,0.002654,-0.0001093,-3.207,     0,     0,0
2733.70000000118,0,0,0.002654,-0.0001093,-3.207,     0,     0,0
2733.75000000118,0,0,0.002654,-0.0001093,-3.207,     0,     0,0
2733.80000000118,0,0,0.002654,-0.0001093,-3.207,     0,     0,0
2733.85000000118,0,0,0.002654,-0.0001093,-3.207,     0,     0,0
2733.90000000118,0,0,0.002654,-0.0001093,-3.207,     0,     0,0
2733.95000000118,0,0,0.002654,-0.0001093,-3.207,     0,     0,0
2734.00000000118,0,0,0.002654,-0.0001093,-3.207,     0,     0,0
2734.05000000118,0,0,0.002654,-0.0001093,-3.207,     0,     0,0
2734.10000000118,0,0,0.002654,-0.0001093,-3.207,     0,     0,0
2734.15000000118,0,0,0.002654,-0.0001093,-3.207,     0,     0,0
2734.20000000118,0,0,0.002654,-0.0001093,-3.207,     0,     0,0
2734.25000000118,0,0,0.002654,-0.0001093,-3.207,     0,     0,0
2734.30000000118,0,0,0.002654,-0.0001093,-3.207,     0,     0,0
2734.35000000118,0,0,0.002654,-0.0001093,-3.207,     0,     0,0
2734.40000000118,0,0,0.002654,-0.0001093,-3.207,     0,     0,0
2734.45000000118,0,0,0.002654,-0.0001093,-3.207,     0,     0,0
2734.50000000118,0,0,0.002654,-0.0001093,-3.207,     0,     0,0
2734.55000000118,0,0,0.002654,-0.0001093,-3.207,     0,     0,0
2734.60000000118,0,0,0.002654,-0.0001093,-3.207,     0,     0,0
2734.65000000118,0,0,0.002654,-0.0001093,-3.207,     0,     0,0
2734.70000000118,0,0,0.002654,-0.0001093,-3.207,     0,     0,0
2734.75000000118,0,0,0.002654,-0.0001093,-3.207,     0,     0,0
2734.80000000118,0,0,0.002654,-0.0001093,-3.207,     0,     0,0
2734.85000000118,0,0,0.002654,-0.0001093,-3.207,     0,     0,0
2734.90000000118,0,0,0.002654,-0.0001093,-3.207,     0,     0,0
2734.95000000118,0,0,0.002654,-0.0001093,-3.207,     0,     0,0
2735.00000000118,0,0,0.002654,-0.0001093,-3.207,     0,     0,0
2735.05000000118,0,0,0.002654,-0.0001093,-3.207,     0,     0,0
2735.10000000118,0,0,0.002654,-0.0001093,-3.207,     0,     0,0
2735.15000000118,0,0,0.002654,-0.0001093,-3.207,     0,     0,0
2735.20000000118,0,0,0.002654,-0.0001093,-3.207,     0,     0,0
2735.25000000119,0,0,0.002654,-0.0001093,-3.207,     0,     0,0
2735.30000000119,0,0,0.002654,-0.0001093,-3.207,     0,     0,0
2735.35000000119,0,0,0.002654,-0.0001093,-3.207,     0,     0,0
2735.40000000119,0,0,0.002654,-0.0001093,-3.207,     0,     0,0
2735.45000000119,0,0,0.002654,-0.0001093,-3.207,     0,     0,0
2735.50000000119,0,0,0.002654,-0.0001093,-3.207,     0,     0,0
2735.55000000119,0,0,0.002654,-0.0001093,-3.207,     0,     0,0
2735.60000000119,0,0,0.002654,-0.0001093,-3.207,     0,     0,0
2735.65000000119,0,0,0.002654,-0.0001093,-3.207,     0,     0,0
2735.70000000119,0,0,0.002654,-0.0001093,-3.207,     0,     0,0
2735.75000000119,0,0,0.002654,-0.0001093,-3.207,     0,     0,0
2735.80000000119,0,0,0.002654,-0.0001093,-3.207,     0,     0,0
2735.85000000119,0,0,0.002654,-0.0001093,-3.207,     0,     0,0
2735.90000000119,0,0,0.002654,-0.0001093,-3.207,     0,     0,0
2735.95000000119,0,0,0.002654,-0.0001093,-3.207,     0,     0,0
2736.00000000119,0,0,0.002654,-0.0001093,-3.207,     0,     0,0
2736.05000000119,0,0,0.002654,-0.0001093,-3.207,     0,     0,0
2736.10000000119,0,0,0.002654,-0.0001093,-3.207,     0,     0,0
2736.15000000119,0,0,0.002654,-0.0001093,-3.207,     0,     0,0
2736.20000000119,0,0,0.002654,-0.0001093,-3.207,     0,     0,0
2736.25000000119,0,0,0.002654,-0.0001093,-3.207,     0,     0,0
2736.30000000119,0,0,0.002654,-0.0001093,-3.207,     0,     0,0
2736.35000000119,0,0,0.002654,-0.0001093,-3.207,     0,     0,0
2736.40000000119,0,0,0.002654,-0.0001093,-3.207,     0,     0,0
2736.45000000119,0,0,0.002654,-0.0001093,-3.207,     0,     0,0
2736.50000000119,0,0,0.002654,-0.0001093,-3.207,     0,     0,0
2736.55000000119,0,0,0.002654,-0.0001093,-3.207,     0,     0,0
2736.60000000119,0,0,0.002654,-0.0001093,-3.207,     0,     0,0
2736.65000000119,0,0,0.002654,-0.0001093,-3.207,     0,     0,0
2736.70000000119,0,0,0.002654,-0.0001093,-3.207,     0,     0,0
2736.75000000119,0,0,0.002654,-0.0001093,-3.207,     0,     0,0
2736.80000000119,0,0,0.002654,-0.0001093,-3.207,     0,     0,0
2736.85000000119,0,0,0.002654,-0.0001093,-3.207,     0,     0,0
2736.90000000119,0,0,0.002654,-0.0001093,-3.207,     0,     0,0
2736.95000000119,0,0,0.002654,-0.0001093,-3.207,     0,     0,0
2737.00000000119,0,0,0.002654,-0.0001093,-3.207,     0,     0,0
2737.05000000119,0,0,0.002654,-0.0001093,-3.207,     0,     0,0
2737.10000000119,0,0,0.002654,-0.0001093,-3.207,     0,     0,0
2737.15000000119,0,0,0.002654,-0.0001093,-3.207,     0,     0,0
2737.20000000119,0,0,0.002654,-0.0001093,-3.207,     0,     0,0
2737.25000000119,0,0,0.002654,-0.0001093,-3.207,     0,     0,0
2737.30000000119,0,0,0.002654,-0.0001093,-3.207,     0,     0,0
2737.35000000119,0,0,0.002654,-0.0001093,-3.207,     0,     0,0
2737.40000000119,0,0,0.002654,-0.0001093,-3.207,     0,     0,0
2737.45000000119,0,0,0.002654,-0.0001093,-3.207,     0,     0,0
2737.50000000119,0,0,0.002654,-0.0001093,-3.207,     0,     0,0
2737.55000000119,0,0,0.002654,-0.0001093,-3.207,     0,     0,0
2737.60000000119,0,0,0.002654,-0.0001093,-3.207,     0,     0,0
2737.65000000119,0,0,0.002654,-0.0001093,-3.207,     0,     0,0
2737.70000000119,0,0,0.002654,-0.0001093,-3.207,     0,     0,0
2737.75000000119,0,0,0.002654,-0.0001093,-3.207,     0,     0,0
2737.80000000119,0,0,0.002654,-0.0001093,-3.207,     0,     0,0
2737.85000000119,0,0,0.002654,-0.0001093,-3.207,     0,     0,0
2737.90000000119,0,0,0.002654,-0.0001093,-3.207,     0,     0,0
2737.95000000119,0,0,0.002654,-0.0001093,-3.207,     0,     0,0
2738.0000000012,0,0,0.002654,-0.0001093,-3.207,     0,     0,0
2738.0500000012,0,0,0.002654,-0.0001093,-3.207,     0,     0,0
2738.1000000012,0,0,0.002654,-0.0001093,-3.207,     0,     0,0
2738.1500000012,0,0,0.002654,-0.0001093,-3.207,     0,     0,0
2738.2000000012,0,0,0.002654,-0.0001093,-3.207,     0,     0,0
2738.2500000012,0,0,0.002654,-0.0001093,-3.207,     0,     0,0
2738.3000000012,0,0,0.002654,-0.0001093,-3.207,     0,     0,0
2738.3500000012,0,0,0.002654,-0.0001093,-3.207,     0,     0,0
2738.4000000012,0,0,0.002654,-0.0001093,-3.207,     0,     0,0
2738.4500000012,0,0,0.002654,-0.0001093,-3.207,     0,     0,0
2738.5000000012,0,0,0.002654,-0.0001093,-3.207,     0,     0,0
2738.5500000012,0,0,0.002654,-0.0001093,-3.207,     0,     0,0
2738.6000000012,0,0,0.002654,-0.0001093,-3.207,     0,     0,0
2738.6500000012,0,0,0.002654,-0.0001093,-3.207,     0,     0,0
2738.7000000012,0,0,0.002654,-0.0001093,-3.207,     0,     0,0
2738.7500000012,0,0,0.002654,-0.0001093,-3.207,     0,     0,0
2738.8000000012,0,0,0.002654,-0.0001093,-3.207,     0,     0,0
2738.8500000012,0,0,0.002654,-0.0001093,-3.207,     0,     0,0
2738.9000000012,0,0,0.002654,-0.0001093,-3.207,     0,     0,0
2738.9500000012,0,0,0.002654,-0.0001093,-3.207,     0,     0,0
2739.0000000012,0,0,0.002654,-0.0001093,-3.207,     0,     0,0
2739.0500000012,0,0,0.002654,-0.0001093,-3.207,     0,     0,0
2739.1000000012,0,0,0.002654,-0.0001093,-3.207,     0,     0,0
2739.1500000012,0,0,0.002654,-0.0001093,-3.207,     0,     0,0
2739.2000000012,0,0,0.002654,-0.0001093,-3.207,     0,     0,0
2739.2500000012,0,0,0.002654,-0.0001093,-3.207,     0,     0,0
2739.3000000012,0,0,0.002654,-0.0001093,-3.207,     0,     0,0
2739.3500000012,0,0,0.002654,-0.0001093,-3.207,     0,     0,0
2739.4000000012,0,0,0.002654,-0.0001093,-3.207,     0,     0,0
2739.4500000012,0,0,0.002654,-0.0001093,-3.207,     0,     0,0
++++++++++,++++++++++,++++++++++,++++++++++,++++++++++,++++++++++,++++++++++,++++++++++,++++++++++,++++++++++,++++++++++,++++++++++
Run:,3
2739.5000000012,0,0,     0,     0,     0,     0,  0.05,0
2739.5500000012,0,0,     0,     0,     0,     0,  0.05,0
2739.6000000012,-11,12,0.00004718,2.56E-7,0.01085,     0,  0.05,0
2739.6500000012,-22,24,0.0001415,2.303E-6,0.03255,     0,  0.05,0
2739.7000000012,-40,40,0.0001415,2.303E-6,0.07029,     0,  0.05,0
2739.7500000012,-58,57,0.00009456,-2.285E-6,0.1245,     0,  0.05,0
2739.8000000012,-66,62,-0.0000919,-0.00003137,0.1849,     0,  0.05,0
2739.8500000012,-64,60,-0.0002763,-0.00007148,0.2434,     0,  0.05,0
2739.9000000012,-57,55,-0.0003672,-0.00009664,0.2963,     0,  0.05,0
2739.9500000012,-49,51,-0.0002777,-0.00006697,0.3435,     0,  0.05,0
2740.0000000012,-47,51,-0.0001015,6.698E-7,0.3897,     0,  0.05,0
2740.0500000012,-51,49,-0.0001879,-0.00003722,0.4369,     0,  0.05,0
2740.1000000012,-52,54,-0.0001034,4.822E-6,0.4869,     0,  0.05,0
2740.1500000012,-53,53,-0.0001034,4.822E-6,0.5369,     0,  0.05,0
2740.2000000012,-56,55,-0.0001433,-0.00002036,0.5893,     0,  0.05,0
2740.2500000012,-57,55,-0.0002204,-0.00007485,0.6421,     0,  0.05,0
2740.3000000012,-55,54,-0.0002574,-0.0001041,0.6935,     0,  0.05,0
2740.3500000012,-53,53,-0.0002574,-0.0001041,0.7435,     0,  0.05,0
2740.4000000012,-52,52,-0.0002574,-0.0001041,0.7926,     0,  0.05,0
2740.4500000012,-52,54,-0.0001929,-0.00003523,0.8426,     0,  0.05,0
2740.5000000012,-53,52,-0.0002234,-0.00007121,0.8921,     0,  0.05,0
2740.5500000012,-54,52,-0.0002808,-0.0001461,0.9421,     0,  0.05,0
2740.6000000012,-50,52,-0.0002271,-0.00006849,0.9903,     0,  0.05,0
2740.6500000012,-52,53,-0.0002022,-0.00002841,  1.04,     0,  0.05,0
2740.7000000012,-54,55,-0.0001794,0.00001287, 1.091,     0,  0.05,0
2740.75000000121,-54,54,-0.0001794,0.00001287, 1.142,     0,  0.05,0
2740.80000000121,-54,54,-0.0001794,0.00001287, 1.193,     0,  0.05,0
2740.85000000121,-53,53,-0.0001794,0.00001287, 1.243,     0,  0.05,0
2740.90000000121,-51,53,-0.0001512,0.0001029, 1.292,     0,  0.05,0
2740.95000000121,-53,54,-0.0001394,0.0001486, 1.343,     0,  0.05,0
2741.00000000121,-52,52,-0.0001394,0.0001486, 1.392,     0,  0.05,0
2741.05000000121,-53,53,-0.0001394,0.0001486, 1.442,     0,  0.05,0
2741.10000000121,-50,53,-0.0001246,0.0002894,  1.49,     0,  0.05,0
2741.15000000121,-51,52,-0.000122,0.0003365, 1.539,     0,  0.05,0
2741.20000000121,-50,49,-0.0001224,0.0002893, 1.586,     0,  0.05,0
2741.25000000121,-50,51,-0.0001242,0.0003364, 1.633,     0,  0.05,0
2741.30000000121,-54,55,-0.0001283,0.0003834, 1.685,     0,  0.05,0
2741.35000000121,-55,56,-0.0001349,0.0004301, 1.737,     0,  0.05,0
2741.40000000121,-51,55,-0.0001708,0.0006154, 1.787,     0,  0.05,0
2741.45000000121,-51,53,-0.0001933,0.000707, 1.836,     0,  0.05,0
2741.50000000121,-51,53,-0.0002203,0.0007975, 1.885,     0,  0.05,0
2741.55000000121,-51,52,-0.000236,0.000842, 1.934,     0,  0.05,0
2741.60000000121,-54,53,-0.0002181,0.0007983, 1.984,     0,  0.05,0
2741.65000000121,-54,54,-0.0002181,0.0007983, 2.035,     0,  0.05,0
2741.70000000121,-57,54,-0.0001514,0.0006734, 2.088,     0,  0.05,0
2741.75000000121,-55,54,-0.0001271,0.000633, 2.139,     0,  0.05,0
2741.80000000121,-55,53,-0.00007427,0.0005548,  2.19,     0,  0.05,0
2741.85000000121,-54,52,-0.00001761,0.0004794,  2.24,     0,  0.05,0
2741.90000000121,-53,53,-0.00001761,0.0004794,  2.29,     0,  0.05,0
2741.95000000121,-54,52,0.00004631,0.00041,  2.34,     0,  0.05,0
2742.00000000121,-53,52,0.00007995,0.0003769,  2.39,     0,  0.05,0
2742.05000000121,-55,54,0.0001152,0.0003456, 2.441,     0,  0.05,0
2742.10000000121,-56,54,0.0001889,0.0002866, 2.493,     0,  0.05,0
2742.15000000121,-55,53,0.0002655,0.0002316, 2.544,     0,  0.05,0
2742.20000000121,-55,52,0.0003845,0.0001549, 2.594,     0,  0.05,0
2742.25000000121,-53,53,0.0003845,0.0001549, 2.644,     0,  0.03,0
2742.30000000121,-37,38,0.0003426,0.0001767,  2.68,     0,  0.03,0
2742.35000000121,-19,19,0.0003426,0.0001767, 2.698,     0,  0.03,0
2742.40000000121,-23,23,0.0003426,0.0001767, 2.719,     0,  0.03,0
2742.45000000121,-35,34,0.000386,0.000158, 2.752,     0,  0.03,0
2742.50000000121,-43,43,0.000386,0.000158, 2.792,     0,  0.03,0
2742.55000000121,-39,39,0.000386,0.000158, 2.829,     0,  0.03,0
2742.60000000121,-30,31,0.0003409,0.0001719, 2.858,     0,  0.03,0
2742.65000000121,-27,26,0.0003863,0.0001592, 2.883,     0,  0.03,0
2742.70000000121,-29,27,0.0004779,0.0001363, 2.909,     0,  0.03,0
2742.75000000121,-33,34,0.0004318,0.0001465, 2.941,     0,  0.03,0
2742.80000000121,-34,36,0.000339,0.0001637, 2.974,     0,  0.03,0
2742.85000000121,-33,33,0.000339,0.0001637, 3.005,     0,  0.03,0
2742.90000000121,-30,30,0.000339,0.0001637, 3.034,     0,  0.03,0
2742.95000000121,-30,29,0.000386,0.0001593, 3.061,     0,  0.03,0
2743.00000000121,-31,31,0.000386,0.0001593, 3.091,     0,  0.03,0
2743.05000000121,-33,33,0.000386,0.0001593, 3.122,     0,  0.03,0
2743.10000000121,-35,34,0.0004332,0.0001591, 3.154,     0,  0.03,0
2743.15000000121,-32,33,0.000386,0.0001578, 3.185,     0,  0.03,0
2743.20000000121,-32,31,0.0004331,0.0001605, 3.215,     0,  0.03,0
2743.25000000121,-33,30,0.0005741,0.000173, 3.244,     0,     0,1
2743.30000000121,-16,15,0.000621,0.0001782, 3.259,     0,     0,1
2743.35000000121,0,-1,0.0006678,0.0001837, 3.259,     0,     0,1
2743.40000000121,0,0,0.0006678,0.0001837, 3.259,     0,     0,1
2743.45000000121,0,0,0.0006678,0.0001837, 3.259,     0,     0,0
2743.50000000122,0,0,0.0006678,0.0001837, 3.259,     0,     0,0
2743.55000000122,0,0,0.0006678,0.0001837, 3.259,     0,     0,0
2743.60000000122,0,0,0.0006678,0.0001837, 3.259,     0,     0,0
2743.65000000122,0,0,0.0006678,0.0001837, 3.259,     0,     0,0
2743.70000000122,0,0,0.0006678,0.0001837, 3.259,     0,     0,0
